Customer_ID,Age,Gender,Region,Occupation,Annual_Income,Customer_Segment,Account_Type,Products_Count,Loan_Type,Loan_Amount,Deposit_Balance,Account_Balance,Credit_Card,Interest_Income,Fee_Income,Loan_Revenue,Other_Revenue,Service_Cost,Transaction_Cost,Support_Cost,Operational_Cost,Total_Revenue,Total_Cost,Customer_Profit,Profit_Margin,Profitability_Category
C00001,59,Male,West,Salaried,803000,Mass,Savings,2,No Loan,0,656400,185400,No,1991.21,4369.09,0.0,468.24,2033.2,940.31,1580.41,1494.85,6828.54,6048.77,779.77,11.42,Low Profitability
C00002,49,Female,South,Salaried,382000,Mass,Salary,3,Auto Loan,586501,543300,164900,No,46728.16,7460.24,7465.92,2188.44,1556.24,1600.83,1040.33,1311.62,63842.77,5509.03,58333.74,91.37,Highly Profitable
C00003,35,Female,East,Retired,454000,Mass,Savings,3,Auto Loan,884550,310200,197100,Yes,67971.91,4705.07,14945.51,2274.1,2043.57,635.66,1304.55,2109.04,89896.59,6092.82,83803.77,93.22,Highly Profitable
C00004,63,Male,South,Professional,618000,Mass,Current,4,Auto Loan,388888,472900,286300,No,31072.59,3418.19,4805.87,796.33,2188.01,818.8,817.0,2129.3,40092.98,5953.12,34139.86,85.15,Highly Profitable
C00005,28,Female,East,Business Owner,339000,Mass,Current,1,No Loan,0,339300,137400,No,1234.37,1962.03,0.0,1655.61,1074.94,387.96,355.72,1064.39,4852.01,2883.01,1968.99,40.58,Low Profitability
C00006,41,Male,South,Salaried,545000,Mass,Savings,3,Auto Loan,757647,392800,401700,Yes,58107.5,3813.71,11114.19,834.03,2516.2,1000.28,907.32,2933.06,73869.44,7356.87,66512.57,90.04,Highly Profitable
C00007,59,Male,West,Salaried,388000,Mass,Savings,3,Auto Loan,205090,224400,161500,Yes,15860.03,8429.31,1864.09,362.33,3403.07,1446.24,455.36,1951.11,26515.75,7255.78,19259.97,72.64,Profitable
C00008,39,Male,West,Professional,1534000,Affluent,Salary,1,Education Loan,105909,1129500,1057500,Yes,11676.44,2196.72,896.5,2051.35,1738.25,1948.54,773.34,1202.62,16821.01,5662.75,11158.26,66.34,Profitable
C00009,43,Male,West,Salaried,561000,Mass,Savings,4,Education Loan,122362,924600,312700,No,11684.95,9485.97,2264.25,2274.28,2835.9,700.86,684.85,1653.85,25709.45,5875.46,19833.99,77.15,Profitable
C00010,31,Female,West,Salaried,416000,Mass,Current,2,No Loan,0,297600,320600,Yes,848.78,3512.53,0.0,364.17,1983.08,1968.81,592.54,1370.55,4725.49,5914.99,-1189.5,-25.17,Low Profitability
C00011,31,Female,North,Salaried,1014000,Affluent,Current,3,No Loan,0,1656900,1554600,Yes,6840.02,7788.48,0.0,1655.66,3435.34,1825.98,1296.93,556.42,16284.16,7114.68,9169.48,56.31,Low Profitability
C00012,44,Male,East,Self-Employed,495000,Mass,Savings,5,No Loan,0,241700,119600,No,935.51,9941.96,0.0,2430.49,2534.89,1531.29,521.39,981.97,13307.96,5569.54,7738.42,58.15,Low Profitability
C00013,56,Female,South,Salaried,382000,Mass,Salary,3,Personal Loan,954016,481000,128700,Yes,106405.31,4598.87,11385.64,755.49,3153.71,1935.84,1283.33,1911.21,123145.3,8284.08,114861.22,93.27,Highly Profitable
C00014,60,Female,North,Salaried,1140000,Affluent,Savings,4,Auto Loan,767849,1572300,612900,No,65406.76,5697.35,15873.81,1902.39,2722.97,919.44,262.11,1902.32,88880.31,5806.84,83073.47,93.47,Highly Profitable
C00015,44,Male,West,Professional,586000,Mass,Savings,4,Home Loan,4013904,195600,118500,No,181209.26,6949.87,76415.3,1089.5,2131.84,2089.39,1278.93,4829.55,265663.92,10329.71,255334.21,96.11,Highly Profitable
C00016,23,Male,West,Business Owner,1112000,Affluent,Savings,3,Auto Loan,606037,1164900,294200,No,49884.24,4356.58,14763.31,252.9,2247.83,640.64,268.05,2387.29,69257.02,5543.81,63713.22,92.0,Highly Profitable
C00017,42,Male,North,Salaried,694000,Mass,Savings,4,No Loan,0,119100,33900,Yes,492.32,8985.06,0.0,1779.31,3882.91,1399.14,484.82,1784.35,11256.69,7551.23,3705.46,32.92,Low Profitability
C00018,22,Male,West,Business Owner,752000,Mass,Current,2,No Loan,0,1264500,422100,Yes,6632.8,5124.27,0.0,690.2,1929.04,1187.32,1005.12,942.91,12447.27,5064.38,7382.89,59.31,Low Profitability
C00019,44,Male,West,Salaried,954000,Affluent,Current,4,No Loan,0,968300,908500,Yes,3565.47,9886.61,0.0,1531.4,3816.8,1725.71,1780.65,1748.11,14983.48,9071.26,5912.22,39.46,Low Profitability
C00020,64,Male,North,Self-Employed,494000,Mass,Current,2,Home Loan,3485716,104100,74400,Yes,157151.61,2884.23,35156.75,269.67,2201.53,962.64,1220.64,3631.21,195462.26,8016.02,187446.23,95.9,Highly Profitable
C00021,50,Male,West,Business Owner,448000,Mass,Salary,4,Auto Loan,347725,572200,235900,Yes,27257.69,11280.39,4370.74,388.54,3086.8,2046.39,205.48,1537.03,43297.36,6875.69,36421.67,84.12,Highly Profitable
C00022,58,Female,East,Salaried,1356000,Affluent,Savings,3,Auto Loan,535880,2185100,1037500,No,46764.3,2924.52,10029.96,113.84,1922.06,482.83,1441.4,1488.96,59832.62,5335.25,54497.37,91.08,Highly Profitable
C00023,22,Male,West,Salaried,962000,Affluent,Savings,4,Personal Loan,865118,1315000,1046500,Yes,101740.75,6645.55,13709.62,622.82,3971.72,1465.25,744.95,2736.16,122718.74,8918.09,113800.66,92.73,Highly Profitable
C00024,41,Female,West,Business Owner,674000,Mass,Salary,4,Education Loan,120537,249800,130100,No,9154.32,3259.18,2382.05,413.63,1990.47,440.75,1787.36,1619.99,15209.18,5838.57,9370.61,61.61,Low Profitability
C00025,53,Male,West,Retired,1084000,Affluent,Salary,3,No Loan,0,1128200,936200,No,4967.19,6561.7,0.0,804.79,2011.41,2146.37,1170.21,1470.96,12333.68,6798.95,5534.74,44.87,Low Profitability
C00026,32,Female,West,Self-Employed,942000,Affluent,Savings,3,Personal Loan,390269,1280800,1167400,Yes,50349.67,4714.1,7006.6,589.87,3155.55,684.37,1680.56,1988.87,62660.23,7509.35,55150.89,88.02,Highly Profitable
C00027,42,Female,South,Salaried,1176000,Affluent,Current,4,No Loan,0,1729800,883300,Yes,7072.67,7157.63,0.0,732.64,3794.93,1768.3,278.22,646.18,14962.94,6487.63,8475.3,56.64,Low Profitability
C00028,64,Female,South,Salaried,373000,Mass,Savings,2,No Loan,0,65800,36900,Yes,257.76,4822.35,0.0,408.94,3022.44,1685.11,790.55,1610.42,5489.04,7108.51,-1619.47,-29.5,Low Profitability
C00029,45,Male,North,Salaried,676000,Mass,Savings,1,Education Loan,257158,417900,122300,No,18943.24,2234.76,5913.06,526.23,1396.34,2154.42,659.86,1174.23,27617.29,5384.85,22232.44,80.5,Profitable
C00030,69,Female,South,Salaried,1303000,Affluent,Salary,2,Auto Loan,847317,2097400,1985900,No,69144.6,4208.64,14462.65,776.77,1960.74,2074.4,799.34,1690.03,88592.66,6524.51,82068.15,92.64,Highly Profitable
C00031,47,Male,North,Self-Employed,1761000,Affluent,Savings,3,No Loan,0,1015100,776700,No,2091.67,3164.63,0.0,1147.06,1462.83,1955.47,687.57,775.77,6403.36,4881.64,1521.72,23.76,Low Profitability
C00032,62,Male,South,Business Owner,521000,Mass,Savings,2,No Loan,0,484400,486800,No,2677.37,3118.67,0.0,730.66,1553.62,1522.39,645.11,552.56,6526.69,4273.68,2253.02,34.52,Low Profitability
C00033,48,Male,West,Salaried,764000,Mass,Salary,2,No Loan,0,992800,407600,Yes,4106.66,3790.78,0.0,549.86,2773.05,1290.96,969.97,1456.51,8447.3,6490.49,1956.81,23.16,Low Profitability
C00034,36,Male,North,Salaried,707000,Mass,Salary,1,No Loan,0,1255800,1339300,No,6253.37,2412.43,0.0,1627.68,1389.23,684.49,1448.79,567.48,10293.48,4089.98,6203.5,60.27,Low Profitability
C00035,35,Male,South,Self-Employed,353000,Mass,Salary,2,Home Loan,1515216,301000,256100,No,69543.94,4509.53,12208.71,970.2,1253.57,1504.0,1234.57,2971.47,87232.38,6963.61,80268.77,92.02,Highly Profitable
C00036,67,Female,South,Salaried,598000,Mass,Savings,2,Personal Loan,251525,586700,244700,Yes,30399.16,2969.64,2530.26,1548.06,2364.94,1661.55,791.4,791.42,37447.12,5609.3,31837.82,85.02,Highly Profitable
C00037,64,Female,South,Retired,294000,Mass,Savings,2,Personal Loan,541605,315100,202800,No,60947.03,3060.75,9333.34,1058.8,1785.79,2092.06,1143.29,1180.38,74399.92,6201.51,68198.41,91.66,Highly Profitable
C00038,23,Male,West,Self-Employed,638000,Mass,Savings,2,No Loan,0,342200,288900,Yes,1677.05,3965.17,0.0,1092.87,2189.81,836.27,1651.13,1383.96,6735.1,6061.17,673.93,10.01,Low Profitability
C00039,57,Female,West,Professional,396000,Mass,Salary,3,No Loan,0,300300,79400,No,736.93,7300.67,0.0,1002.8,1661.58,980.34,629.95,1143.97,9040.4,4415.85,4624.55,51.15,Low Profitability
C00040,27,Male,East,Professional,769000,Mass,Salary,2,No Loan,0,666600,608800,Yes,2002.27,6413.03,0.0,2146.09,2991.51,1153.48,1000.87,1374.01,10561.39,6519.88,4041.52,38.27,Low Profitability
C00041,41,Female,West,Professional,590000,Mass,Salary,5,Auto Loan,857940,107300,113300,No,64765.74,10876.88,10263.83,1020.96,2634.54,1613.75,1658.62,1630.13,86927.41,7537.04,79390.37,91.33,Highly Profitable
C00042,29,Male,West,Salaried,585000,Mass,Salary,3,Education Loan,389148,95100,30400,No,25757.36,4277.36,9726.24,1543.43,1795.28,1899.64,1369.69,1903.35,41304.4,6967.97,34336.42,83.13,Highly Profitable
C00043,59,Male,West,Retired,1645000,Affluent,Savings,1,No Loan,0,855600,867100,No,2767.0,1982.4,0.0,1220.37,1207.23,789.86,479.59,905.04,5969.77,3381.72,2588.05,43.35,Low Profitability
C00044,38,Female,West,Salaried,728000,Mass,Savings,2,No Loan,0,724500,467100,No,3788.32,2688.81,0.0,1521.77,1960.23,1326.35,1469.43,1146.22,7998.9,5902.23,2096.67,26.21,Low Profitability
C00045,24,Female,West,Salaried,1967000,Premium,Savings,3,No Loan,0,3396800,2337900,No,7681.38,6605.13,0.0,569.88,2093.48,778.53,1483.62,1621.21,14856.39,5976.84,8879.55,59.77,Low Profitability
C00046,45,Female,North,Salaried,895000,Mass,Salary,1,No Loan,0,1570500,1514100,Yes,8109.44,4514.29,0.0,385.09,1537.24,1182.44,1393.44,584.12,13008.82,4697.24,8311.59,63.89,Low Profitability
C00047,34,Female,North,Salaried,1096000,Affluent,Savings,5,No Loan,0,1334800,1002700,Yes,6402.02,11101.79,0.0,1517.33,3405.47,2075.36,1153.29,1611.82,19021.14,8245.93,10775.2,56.65,Profitable
C00048,70,Female,East,Salaried,434000,Mass,Savings,2,Auto Loan,393136,657300,360700,No,30971.39,3397.69,7226.4,2459.56,1289.1,1976.82,388.8,1325.37,44055.03,4980.1,39074.92,88.7,Highly Profitable
C00049,29,Female,West,Salaried,478000,Mass,Savings,3,Auto Loan,716968,782100,682500,No,55435.77,6849.72,8975.52,718.97,1684.72,1176.24,950.77,1823.95,71979.97,5635.68,66344.28,92.17,Highly Profitable
C00050,46,Female,West,Salaried,707000,Mass,Current,5,No Loan,0,1084900,398800,Yes,5814.65,13414.14,0.0,103.68,4020.22,996.68,338.68,1603.45,19332.47,6959.04,12373.43,64.0,Profitable
C00051,22,Female,North,Business Owner,1364000,Affluent,Salary,3,No Loan,0,1428300,1166000,No,3683.84,2860.0,0.0,2290.85,1604.47,1335.26,1030.25,1403.5,8834.68,5373.48,3461.2,39.18,Low Profitability
C00052,40,Male,South,Salaried,573000,Mass,Current,5,No Loan,0,751700,682900,Yes,2265.03,10725.96,0.0,415.84,4022.39,1693.27,848.23,884.79,13406.83,7448.68,5958.15,44.44,Low Profitability
C00053,48,Female,North,Self-Employed,319000,Mass,Salary,5,No Loan,0,49800,26600,Yes,278.14,11601.63,0.0,2181.3,4255.04,522.25,209.46,1405.91,14061.07,6392.65,7668.42,54.54,Low Profitability
C00054,67,Male,South,Retired,871000,Mass,Current,5,Home Loan,4520822,1062000,1141300,Yes,207017.53,7355.68,73273.72,1334.3,3183.15,730.74,1444.34,7873.57,288981.22,13231.8,275749.42,95.42,Highly Profitable
C00055,27,Female,West,Self-Employed,725000,Mass,Savings,4,Personal Loan,454709,618200,491200,Yes,52566.05,4727.16,9350.25,529.16,2613.53,528.47,1241.22,2155.43,67172.62,6538.65,60633.97,90.27,Highly Profitable
C00056,64,Female,South,Business Owner,517000,Mass,Savings,2,Personal Loan,182663,627500,207900,Yes,21425.78,3853.01,4552.58,572.52,2812.56,335.39,585.24,1853.14,30403.89,5586.32,24817.57,81.63,Profitable
C00057,28,Female,North,Retired,570000,Mass,Salary,2,Auto Loan,227337,738600,791300,No,20208.56,2174.55,3736.7,1365.22,1918.53,1789.48,1227.26,1945.63,27485.04,6880.9,20604.14,74.96,Profitable
C00058,67,Female,West,Salaried,434000,Mass,Savings,2,Personal Loan,153285,135200,119300,Yes,17517.62,3262.04,3246.88,2007.18,2570.64,1012.19,1070.6,924.58,26033.72,5578.02,20455.7,78.57,Profitable
C00059,55,Female,East,Salaried,1164000,Affluent,Savings,5,No Loan,0,1854200,1559900,Yes,7899.69,14192.43,0.0,2045.58,5181.79,1752.03,1012.99,1474.23,24137.7,9421.05,14716.65,60.97,Profitable
C00060,34,Male,South,Professional,709000,Mass,Savings,2,No Loan,0,311900,145100,No,1632.71,4715.14,0.0,671.26,1650.32,1242.95,802.27,882.75,7019.11,4578.29,2440.82,34.77,Low Profitability
C00061,37,Female,West,Retired,799000,Mass,Savings,1,No Loan,0,133600,87100,No,682.19,1231.02,0.0,1806.39,1234.18,1602.59,269.51,1711.43,3719.6,4817.71,-1098.11,-29.52,Low Profitability
C00062,56,Male,West,Business Owner,504000,Mass,Savings,4,Personal Loan,944882,432900,439800,No,105632.45,4574.4,21764.7,1251.04,2138.43,1246.06,1777.87,2095.79,133222.59,7258.15,125964.45,94.55,Highly Profitable
C00063,70,Male,West,Salaried,1460000,Affluent,Savings,2,Personal Loan,676867,435000,222700,No,76447.86,3145.45,13704.89,1588.91,1894.71,1225.44,1015.67,2575.89,94887.1,6711.71,88175.39,92.93,Highly Profitable
C00064,60,Male,South,Retired,790000,Mass,Salary,3,Auto Loan,867423,1364600,832200,Yes,69295.92,6920.12,18345.21,411.19,3195.25,1984.55,287.6,2494.73,94972.44,7962.14,87010.3,91.62,Highly Profitable
C00065,24,Male,West,Salaried,216000,Mass,Salary,5,Auto Loan,381012,133600,62600,Yes,29034.75,7642.02,8300.72,1142.44,3863.39,1512.28,281.09,2161.55,46119.92,7818.31,38301.61,83.05,Highly Profitable
C00066,22,Male,West,Salaried,902000,Affluent,Savings,3,Auto Loan,420602,468100,202900,No,33645.77,6568.64,3503.63,395.81,1853.39,509.35,1431.3,1593.65,44113.85,5387.69,38726.16,87.79,Highly Profitable
C00067,26,Female,West,Salaried,605000,Mass,Current,3,Personal Loan,601968,352300,101200,No,67851.73,2775.24,14321.21,1306.12,1879.65,1379.89,751.56,2389.17,86254.31,6400.28,79854.03,92.58,Highly Profitable
C00068,62,Male,South,Self-Employed,640000,Mass,Salary,3,Home Loan,2420406,395200,346300,No,109843.6,2978.12,56651.82,247.49,1730.13,566.23,886.14,3920.76,169721.03,7103.26,162617.76,95.81,Highly Profitable
C00069,24,Male,South,Professional,1209000,Affluent,Salary,3,Home Loan,4405969,306200,100200,No,199884.41,5645.62,80286.13,420.66,2726.44,1404.94,1184.43,7301.34,286236.83,12617.16,273619.67,95.59,Highly Profitable
C00070,49,Male,South,Professional,735000,Mass,Savings,1,No Loan,0,765100,536800,No,3480.21,1147.16,0.0,880.29,1057.08,1555.37,203.35,1762.82,5507.66,4578.62,929.04,16.87,Low Profitability
C00071,38,Male,West,Business Owner,1795000,Affluent,Savings,3,No Loan,0,322600,94300,Yes,1067.62,4397.83,0.0,1326.79,1944.83,667.6,1025.47,1748.81,6792.23,5386.72,1405.51,20.69,Low Profitability
C00072,46,Female,East,Salaried,742000,Mass,Salary,1,No Loan,0,1025600,1114100,Yes,2979.82,4623.67,0.0,375.1,2051.41,604.84,1308.48,803.3,7978.59,4768.02,3210.57,40.24,Low Profitability
C00073,64,Male,South,Self-Employed,542000,Mass,Salary,3,Personal Loan,763336,767900,655000,Yes,87355.19,5191.96,9891.53,2209.71,3618.96,648.19,828.4,1894.61,104648.4,6990.17,97658.24,93.32,Highly Profitable
C00074,54,Male,East,Professional,258000,Mass,Savings,3,Auto Loan,514393,208900,164200,Yes,39578.76,9000.71,9065.1,772.77,2067.44,1864.19,459.64,1553.74,58417.34,5945.02,52472.32,89.82,Highly Profitable
C00075,30,Male,North,Self-Employed,472000,Mass,Savings,2,No Loan,0,826900,337700,Yes,4724.59,4429.38,0.0,1501.17,1902.2,600.42,1563.18,661.9,10655.15,4727.69,5927.46,55.63,Low Profitability
C00076,56,Male,North,Retired,586000,Mass,Current,3,Home Loan,3571737,843800,589700,Yes,163040.15,9526.0,72806.98,440.83,2564.19,1782.85,835.68,3652.47,245813.95,8835.2,236978.76,96.41,Highly Profitable
C00077,34,Male,South,Professional,1568000,Affluent,Savings,3,Personal Loan,752918,553600,375400,Yes,85041.84,8365.65,6865.42,1872.72,2772.11,338.04,1794.29,2077.89,102145.63,6982.34,95163.3,93.16,Highly Profitable
C00078,51,Male,West,Business Owner,543000,Mass,Savings,2,Auto Loan,850511,959300,532300,No,69372.14,3435.16,7769.37,1395.2,1880.84,1866.69,1056.87,2318.63,81971.88,7123.03,74848.85,91.31,Highly Profitable
C00079,68,Female,North,Salaried,1727000,Affluent,Savings,2,Home Loan,4409843,2667300,1020800,Yes,213481.52,6196.92,104436.92,2342.08,2365.0,762.17,402.26,3892.03,326457.44,7421.46,319035.98,97.73,Highly Profitable
C00080,35,Female,South,Business Owner,372000,Mass,Savings,4,Education Loan,570240,487900,274200,Yes,38974.06,7771.74,11779.21,1749.32,3461.16,657.95,327.4,1666.62,60274.33,6113.13,54161.21,89.86,Highly Profitable
C00081,28,Male,South,Retired,458000,Mass,Savings,4,No Loan,0,562500,431900,Yes,2367.09,9952.81,0.0,2455.76,3377.5,1498.58,533.26,1694.65,14775.66,7103.99,7671.67,51.92,Low Profitability
C00082,34,Female,East,Salaried,1301000,Affluent,Savings,3,Education Loan,421297,1493300,991900,Yes,35845.35,4586.55,3547.41,2049.84,3793.79,1957.52,1631.88,1155.51,46029.15,8538.7,37490.45,81.45,Highly Profitable
C00083,43,Male,South,Professional,505000,Mass,Savings,3,No Loan,0,900900,661700,Yes,1917.56,8857.85,0.0,1372.08,3623.65,1661.13,987.41,1292.46,12147.5,7564.65,4582.85,37.73,Low Profitability
C00084,60,Male,West,Salaried,1281000,Affluent,Savings,3,Home Loan,4661595,1203500,886000,No,216878.21,6421.18,57027.3,640.08,2232.63,1365.13,1524.64,6289.73,280966.77,11412.13,269554.65,95.94,Highly Profitable
C00085,41,Female,West,Self-Employed,444000,Mass,Savings,4,No Loan,0,188100,86100,No,1111.29,8181.49,0.0,916.99,3285.36,755.33,1273.33,697.6,10209.78,6011.61,4198.16,41.12,Low Profitability
C00086,36,Male,North,Business Owner,470000,Mass,Savings,2,Home Loan,2316374,298900,102900,Yes,105963.71,5367.91,48264.05,1001.08,3062.86,1076.51,1573.13,3893.5,160596.76,9606.0,150990.76,94.02,Highly Profitable
C00087,65,Female,North,Business Owner,996000,Affluent,Savings,5,Education Loan,525007,766000,531200,Yes,38615.76,7562.84,12916.95,2291.56,4354.53,1929.59,1028.43,1364.66,61387.12,8677.21,52709.91,85.86,Highly Profitable
C00088,38,Male,West,Professional,448000,Mass,Savings,3,Auto Loan,209057,301100,303700,No,16647.7,3368.58,4327.82,717.67,1851.95,1816.66,1510.48,1559.3,25061.77,6738.39,18323.38,73.11,Profitable
C00089,67,Male,West,Salaried,602000,Mass,Savings,3,Personal Loan,230566,120400,132000,Yes,25620.91,6435.68,2283.96,1833.2,2978.39,721.5,1708.87,1512.05,36173.76,6920.8,29252.95,80.87,Profitable
C00090,44,Male,North,Salaried,870000,Mass,Savings,3,Personal Loan,743717,236300,216900,No,82550.23,2597.54,10599.16,1511.51,2276.67,1966.28,431.38,1717.44,97258.44,6391.76,90866.68,93.43,Highly Profitable
C00091,46,Female,South,Business Owner,609000,Mass,Savings,2,No Loan,0,96300,42200,No,325.75,2518.78,0.0,512.42,1542.98,755.57,1795.19,714.99,3356.95,4808.74,-1451.79,-43.25,Low Profitability
C00092,45,Female,East,Salaried,514000,Mass,Salary,3,Personal Loan,266401,653100,513200,Yes,31531.09,7259.9,3825.08,743.91,2857.21,2167.44,1382.69,1836.98,43359.98,8244.31,35115.66,80.99,Highly Profitable
C00093,65,Female,South,Self-Employed,360000,Mass,Savings,2,No Loan,0,448700,203300,No,2118.69,4478.24,0.0,781.49,1406.74,1712.74,1119.16,1720.6,7378.42,5959.24,1419.19,19.23,Low Profitability
C00094,61,Male,South,Salaried,1553000,Affluent,Salary,2,Auto Loan,262559,407500,301500,Yes,21914.62,7038.46,4934.12,530.07,3142.02,1646.23,1787.55,1688.55,34417.27,8264.36,26152.92,75.99,Profitable
C00095,49,Male,South,Salaried,1721000,Affluent,Savings,3,Auto Loan,304568,1153200,759500,Yes,26172.98,7000.17,4032.28,1982.77,2678.18,1408.88,466.67,2265.06,39188.2,6818.79,32369.41,82.6,Highly Profitable
C00096,35,Male,East,Business Owner,839000,Mass,Salary,2,Education Loan,330547,517600,297300,Yes,23446.81,6003.23,6433.23,851.79,2728.6,1925.99,1236.26,1833.85,36735.06,7724.7,29010.36,78.97,Profitable
C00097,65,Male,South,Professional,616000,Mass,Savings,2,Personal Loan,569824,553400,440200,Yes,64625.31,4498.92,11187.68,1381.05,2506.86,1978.59,501.28,2047.26,81692.97,7033.99,74658.98,91.39,Highly Profitable
C00098,21,Female,East,Salaried,635000,Mass,Current,4,Personal Loan,777518,471100,461200,No,87910.0,7808.42,19346.47,1868.32,3158.71,783.66,1013.74,2302.86,116933.21,7258.97,109674.24,93.79,Highly Profitable
C00099,45,Male,East,Salaried,1106000,Affluent,Savings,5,Personal Loan,660521,1663300,893000,No,78098.93,12302.52,10686.23,2424.93,4058.36,1804.76,263.35,2381.35,103512.61,8507.83,95004.77,91.78,Highly Profitable
C00100,27,Female,East,Salaried,1235000,Affluent,Salary,3,Home Loan,2197689,1983900,1316000,Yes,103309.91,7811.58,29863.69,2284.42,3553.34,614.18,749.9,2827.24,143269.6,7744.67,135524.93,94.59,Highly Profitable
C00101,29,Female,North,Self-Employed,520000,Mass,Savings,4,No Loan,0,254800,162400,Yes,849.81,8601.6,0.0,609.06,3039.48,1050.01,1597.3,1459.31,10060.48,7146.1,2914.37,28.97,Low Profitability
C00102,44,Male,West,Salaried,1264000,Affluent,Salary,5,Auto Loan,867431,442000,204100,Yes,66567.15,7505.62,9419.6,2245.83,3035.79,2038.3,1413.69,3147.42,85738.19,9635.2,76102.99,88.76,Highly Profitable
C00103,21,Female,West,Self-Employed,982000,Affluent,Savings,3,No Loan,0,1507200,916300,Yes,7972.4,4978.53,0.0,2130.72,2691.53,878.93,834.96,918.07,15081.65,5323.49,9758.16,64.7,Low Profitability
C00104,64,Male,West,Business Owner,1252000,Affluent,Current,4,Personal Loan,531395,1223800,328400,No,63583.1,4576.8,9911.15,171.8,1709.82,1120.35,473.81,1074.77,78242.86,4378.75,73864.11,94.4,Highly Profitable
C00105,28,Male,West,Business Owner,290000,Mass,Salary,2,Auto Loan,261646,198700,137100,No,20436.94,3989.8,2726.94,2223.06,2054.02,1099.73,299.17,2153.7,29376.74,5606.63,23770.11,80.91,Profitable
C00106,44,Male,West,Salaried,556000,Mass,Salary,3,Education Loan,528247,130500,112600,Yes,34909.64,8235.89,4716.23,1382.67,3175.47,1384.17,1724.84,1155.7,49244.44,7440.18,41804.27,84.89,Highly Profitable
C00107,31,Female,West,Business Owner,637000,Mass,Current,1,Auto Loan,677283,732600,412100,No,53906.71,2125.23,9991.07,559.78,1319.48,1884.88,891.86,1378.12,66582.79,5474.34,61108.45,91.78,Highly Profitable
C00108,37,Male,North,Retired,541000,Mass,Savings,4,No Loan,0,266600,235800,Yes,1260.11,7660.46,0.0,2488.78,3424.18,1339.45,1352.65,1227.67,11409.35,7343.95,4065.4,35.63,Low Profitability
C00109,28,Male,South,Salaried,2009000,Premium,Savings,4,No Loan,0,426300,378600,No,2393.92,4140.17,0.0,848.53,1906.68,2084.63,1653.13,1516.51,7382.62,7160.94,221.68,3.0,Low Profitability
C00110,55,Male,West,Salaried,559000,Mass,Savings,2,No Loan,0,494100,536800,Yes,2720.22,3692.08,0.0,550.37,2477.24,1961.99,1378.52,781.51,6962.67,6599.26,363.41,5.22,Low Profitability
C00111,55,Male,South,Self-Employed,906000,Affluent,Savings,3,Education Loan,191385,1028600,734500,No,16535.17,6217.66,1604.92,515.22,2324.98,1465.55,949.49,756.07,24872.96,5496.08,19376.88,77.9,Profitable
C00112,53,Female,South,Salaried,761000,Mass,Savings,4,No Loan,0,329300,195400,No,1773.98,9019.38,0.0,1363.19,3181.88,1120.72,790.62,1405.98,12156.56,6499.2,5657.36,46.54,Low Profitability
C00113,25,Female,North,Business Owner,597000,Mass,Savings,4,Education Loan,368359,731300,580400,Yes,27930.47,5594.02,8337.58,519.48,3511.53,917.02,1596.99,890.53,42381.54,6916.07,35465.47,83.68,Highly Profitable
C00114,62,Male,East,Professional,474000,Mass,Salary,1,Education Loan,535093,218800,171200,Yes,35909.66,2066.67,4960.69,1347.58,2018.97,1463.33,710.23,1160.66,44284.6,5353.19,38931.4,87.91,Highly Profitable
C00115,59,Male,West,Self-Employed,2169000,Premium,Savings,4,Auto Loan,718981,399600,435300,No,54789.99,9741.35,8867.46,1869.32,3171.95,1836.09,723.43,1806.09,75268.12,7537.56,67730.57,89.99,Highly Profitable
C00116,61,Female,West,Business Owner,620000,Mass,Savings,2,No Loan,0,245400,209000,No,1140.67,3068.69,0.0,2376.74,1832.07,1260.58,1411.05,1589.12,6586.11,6092.82,493.29,7.49,Low Profitability
C00117,48,Male,North,Business Owner,1133000,Affluent,Savings,3,No Loan,0,1267300,647100,No,4122.34,2760.39,0.0,982.24,2743.23,1974.14,1137.31,1253.32,7864.97,7108.0,756.97,9.62,Low Profitability
C00118,27,Female,West,Salaried,696000,Mass,Salary,2,Auto Loan,421990,834000,341400,Yes,36230.51,4668.94,10361.96,2442.17,2257.16,846.32,884.76,1778.39,53703.57,5766.63,47936.95,89.26,Highly Profitable
C00119,29,Male,North,Salaried,544000,Mass,Savings,1,Auto Loan,224206,857800,792500,Yes,19505.38,3045.21,3397.17,2473.38,1710.51,1933.54,920.89,981.21,28421.14,5546.15,22874.99,80.49,Profitable
C00120,28,Male,North,Professional,743000,Mass,Savings,2,Education Loan,328377,187900,75700,Yes,22410.74,5708.58,6560.17,1511.27,2366.09,1561.28,1133.72,1787.11,36190.77,6848.2,29342.57,81.08,Profitable
C00121,32,Male,West,Retired,829000,Mass,Salary,2,No Loan,0,1427900,1118500,Yes,6369.12,3230.34,0.0,825.95,2684.26,854.09,899.88,1426.46,10425.42,5864.7,4560.72,43.75,Low Profitability
C00122,54,Male,West,Professional,541000,Mass,Savings,4,Home Loan,3936359,547000,198300,No,179641.54,3890.66,52122.75,2147.34,3198.42,1087.15,706.69,7737.65,237802.28,12729.91,225072.37,94.65,Highly Profitable
C00123,53,Female,West,Retired,460000,Mass,Current,1,Personal Loan,299125,255400,219900,Yes,34321.46,2335.16,5936.98,227.8,2054.42,372.86,1649.73,1461.54,42821.4,5538.55,37282.84,87.07,Highly Profitable
C00124,68,Male,South,Salaried,910000,Affluent,Salary,4,No Loan,0,685200,627300,No,4071.19,6597.7,0.0,1157.59,2551.03,2038.65,1010.22,1224.04,11826.49,6823.95,5002.54,42.3,Low Profitability
C00125,43,Female,North,Salaried,746000,Mass,Savings,5,Personal Loan,897672,180400,197000,No,99327.7,9912.28,16883.94,1621.07,2754.39,1759.9,517.77,2118.59,127744.99,7150.65,120594.34,94.4,Highly Profitable
C00126,44,Female,West,Salaried,489000,Mass,Salary,4,Personal Loan,747025,162200,172100,No,82554.8,5401.4,10968.1,2455.15,3352.13,1458.45,463.3,2301.22,101379.45,7575.11,93804.35,92.53,Highly Profitable
C00127,57,Male,West,Salaried,418000,Mass,Salary,3,No Loan,0,671300,575100,Yes,3284.93,4971.71,0.0,1768.94,2972.55,2145.27,660.21,1202.45,10025.58,6980.48,3045.11,30.37,Low Profitability
C00128,55,Female,West,Professional,848000,Mass,Savings,3,No Loan,0,275400,133800,No,628.11,4909.21,0.0,654.72,2667.42,2051.59,1778.44,988.98,6192.04,7486.44,-1294.39,-20.9,Low Profitability
C00129,64,Male,West,Retired,244000,Mass,Savings,1,Personal Loan,198065,59100,17000,No,22031.56,1172.24,2201.07,2148.35,1112.87,2041.64,1679.48,837.66,27553.22,5671.65,21881.57,79.42,Profitable
C00130,60,Male,East,Professional,607000,Mass,Current,2,Personal Loan,447166,690200,498300,Yes,51521.83,3744.48,3649.07,1678.52,1890.05,877.3,347.35,2135.67,60593.9,5250.37,55343.54,91.34,Highly Profitable
C00131,42,Female,West,Self-Employed,754000,Mass,Salary,4,No Loan,0,589300,531000,No,2097.88,8467.64,0.0,2174.7,2674.73,730.83,334.85,1541.85,12740.23,5282.26,7457.97,58.54,Low Profitability
C00132,47,Male,South,Salaried,1820000,Premium,Savings,1,No Loan,0,1492000,386500,No,4389.37,1827.48,0.0,1770.09,1394.21,1713.01,810.94,769.46,7986.95,4687.61,3299.33,41.31,Low Profitability
C00133,55,Female,East,Salaried,704000,Mass,Current,4,Education Loan,589957,245300,170700,Yes,39524.0,6368.39,7193.06,934.34,3727.84,920.37,1021.17,2206.32,54019.78,7875.7,46144.08,85.42,Highly Profitable
C00134,21,Male,West,Salaried,593000,Mass,Savings,1,Auto Loan,288290,132200,132300,Yes,22188.57,2292.5,3317.66,379.79,1763.14,816.79,685.73,1636.82,28178.53,4902.49,23276.04,82.6,Profitable
C00135,55,Female,North,Business Owner,819000,Mass,Salary,1,Auto Loan,278138,1292800,1023400,Yes,28371.23,3674.31,6855.28,1760.21,1385.67,779.81,1249.77,1996.3,40661.02,5411.55,35249.48,86.69,Highly Profitable
C00136,57,Female,East,Self-Employed,472000,Mass,Current,1,No Loan,0,374200,311000,No,1280.57,1754.83,0.0,587.6,1143.35,431.48,885.71,1346.66,3623.0,3807.2,-184.2,-5.08,Low Profitability
C00137,67,Female,South,Retired,621000,Mass,Savings,4,No Loan,0,206000,134600,Yes,736.9,9445.31,0.0,257.02,2767.1,1676.76,1059.69,591.22,10439.23,6094.77,4344.46,41.62,Low Profitability
C00138,34,Female,North,Professional,711000,Mass,Current,3,Auto Loan,627681,341600,359300,No,47984.74,4584.84,9162.81,802.58,1591.16,315.81,648.96,1267.53,62534.98,3823.46,58711.52,93.89,Highly Profitable
C00139,23,Female,South,Salaried,990000,Affluent,Salary,1,No Loan,0,316600,180000,Yes,1407.81,3574.82,0.0,860.82,2018.23,1372.89,311.13,1049.56,5843.45,4751.81,1091.64,18.68,Low Profitability
C00140,21,Male,South,Salaried,483000,Mass,Savings,3,Personal Loan,814527,453500,259500,No,90677.21,3684.0,19918.03,2482.04,2473.65,806.69,1307.4,1135.39,116761.28,5723.14,111038.15,95.1,Highly Profitable
C00141,25,Female,West,Business Owner,698000,Mass,Salary,5,No Loan,0,1030100,710800,No,6049.43,6749.5,0.0,1452.29,2365.57,1568.88,1361.86,984.5,14251.23,6280.81,7970.42,55.93,Low Profitability
C00142,46,Male,East,Salaried,261000,Mass,Savings,3,No Loan,0,208600,156000,No,1176.56,4236.29,0.0,2476.02,2599.0,2095.83,958.41,546.88,7888.87,6200.12,1688.75,21.41,Low Profitability
C00143,34,Male,North,Professional,930000,Affluent,Current,1,Auto Loan,505930,1090700,770900,Yes,43178.75,3803.07,7318.19,1953.86,1997.65,1613.08,1579.76,2447.33,56253.88,7637.82,48616.06,86.42,Highly Profitable
C00144,59,Male,North,Self-Employed,617000,Mass,Salary,1,Auto Loan,840897,780200,737900,No,65617.87,953.52,10711.33,1286.72,1293.91,1018.88,689.99,1200.49,78569.44,4203.27,74366.18,94.65,Highly Profitable
C00145,47,Female,East,Salaried,1973000,Premium,Savings,4,Education Loan,561679,2614100,2507800,Yes,45461.39,5186.93,13507.85,782.06,3384.14,638.53,1358.62,1635.45,64938.24,7016.74,57921.5,89.19,Highly Profitable
C00146,29,Male,South,Self-Employed,849000,Mass,Salary,3,Education Loan,402666,975600,353100,No,28464.49,7480.83,3408.03,638.06,2606.25,944.11,1128.28,1723.39,39991.41,6402.03,33589.38,83.99,Highly Profitable
C00147,35,Male,North,Salaried,435000,Mass,Savings,5,Home Loan,4322462,462900,350300,No,195893.99,7085.85,106507.06,662.33,3645.15,1171.75,887.06,8053.2,310149.22,13757.17,296392.05,95.56,Highly Profitable
C00148,35,Male,West,Professional,384000,Mass,Salary,3,Personal Loan,399836,360700,391800,No,45212.7,6507.4,7186.73,2167.5,1450.45,1973.76,539.26,867.6,61074.33,4831.06,56243.27,92.09,Highly Profitable
C00149,46,Female,South,Salaried,1007000,Affluent,Savings,1,No Loan,0,938000,712600,No,3556.63,2019.4,0.0,1051.31,977.33,2156.42,1257.28,1220.14,6627.34,5611.17,1016.16,15.33,Low Profitability
C00150,62,Female,South,Professional,1880000,Premium,Savings,2,Personal Loan,272251,1314800,1097800,No,35018.9,3518.15,6195.9,1182.73,1228.96,2062.05,456.07,1269.67,45915.68,5016.75,40898.93,89.07,Highly Profitable
C00151,33,Male,South,Business Owner,1589000,Affluent,Salary,3,No Loan,0,1561200,1533400,Yes,8649.71,5893.62,0.0,1581.27,3391.98,1251.22,1360.16,742.98,16124.6,6746.35,9378.25,58.16,Low Profitability
C00152,52,Male,East,Business Owner,359000,Mass,Salary,2,Auto Loan,845956,337600,333100,Yes,64729.34,5252.27,14426.92,234.51,2225.6,1196.2,543.94,2054.33,84643.03,6020.07,78622.96,92.89,Highly Profitable
C00153,59,Female,East,Salaried,783000,Mass,Savings,5,Personal Loan,144767,530100,140300,No,19014.7,8965.81,1509.29,1239.4,4128.0,816.4,227.69,1728.92,30729.21,6901.01,23828.2,77.54,Profitable
C00154,69,Male,North,Business Owner,1301000,Affluent,Salary,2,Home Loan,2929872,841600,381700,No,133809.58,4095.3,67285.62,138.37,1549.64,1022.16,684.87,2255.6,205328.86,5512.27,199816.59,97.32,Highly Profitable
C00155,52,Male,West,Self-Employed,335000,Mass,Current,3,Home Loan,1710571,296800,291900,No,77819.77,7468.6,39224.95,1887.65,1691.47,2042.98,1582.62,4293.8,126400.96,9610.87,116790.09,92.4,Highly Profitable
C00156,24,Female,North,Self-Employed,1238000,Affluent,Salary,2,No Loan,0,1826100,1492000,No,6486.21,2670.66,0.0,154.84,1506.03,1936.95,245.98,1524.24,9311.71,5213.2,4098.5,44.01,Low Profitability
C00157,50,Female,South,Professional,476000,Mass,Savings,1,Home Loan,991113,265900,209200,No,46076.53,1367.72,20161.27,1792.2,1071.81,579.39,299.83,3622.03,69397.72,5573.06,63824.66,91.97,Highly Profitable
C00158,57,Male,South,Self-Employed,622000,Mass,Savings,3,Auto Loan,893006,960900,942600,Yes,69366.99,6771.43,10183.87,581.97,3367.37,973.84,1054.05,1786.83,86904.24,7182.1,79722.15,91.74,Highly Profitable
C00159,43,Female,North,Professional,815000,Mass,Savings,3,Home Loan,2247296,1095800,1025200,Yes,104876.24,7763.35,34890.46,2050.1,2337.6,1403.37,206.59,3677.6,149580.15,7625.16,141954.99,94.9,Highly Profitable
C00160,59,Female,North,Salaried,1260000,Affluent,Salary,1,Home Loan,2982241,733500,651800,Yes,135996.96,2970.83,28517.6,859.45,1596.24,512.12,1221.82,4501.29,168344.83,7831.46,160513.37,95.35,Highly Profitable
C00161,65,Male,West,Professional,1626000,Affluent,Savings,2,No Loan,0,281000,81600,No,1431.97,4505.93,0.0,2270.83,1499.7,968.55,1198.99,699.08,8208.73,4366.31,3842.43,46.81,Low Profitability
C00162,35,Female,West,Salaried,586000,Mass,Salary,3,Education Loan,570399,162200,148300,No,37583.6,6971.81,6610.61,1872.77,2526.94,1411.15,553.77,2293.81,53038.79,6785.67,46253.12,87.21,Highly Profitable
C00163,63,Female,North,Professional,538000,Mass,Salary,4,Personal Loan,684145,864400,363500,Yes,78486.67,7440.38,8945.19,604.02,2870.9,1158.14,896.04,1517.06,95476.27,6442.15,89034.12,93.25,Highly Profitable
C00164,49,Female,West,Retired,518000,Mass,Savings,2,Auto Loan,829464,767400,208800,Yes,66253.79,3096.99,18136.9,2223.23,2627.86,1941.77,1425.91,1648.04,89710.92,7643.58,82067.33,91.48,Highly Profitable
C00165,56,Female,West,Salaried,1075000,Affluent,Savings,3,Auto Loan,864938,834500,557500,No,67099.61,4442.95,21404.59,149.09,1727.39,1429.24,522.65,2752.56,93096.25,6431.84,86664.4,93.09,Highly Profitable
C00166,33,Male,West,Self-Employed,1210000,Affluent,Current,2,No Loan,0,304700,320200,No,1763.8,2234.53,0.0,1589.86,1267.83,1575.21,1165.01,1761.23,5588.19,5769.28,-181.09,-3.24,Low Profitability
C00167,52,Male,North,Business Owner,1145000,Affluent,Current,3,Education Loan,428236,1704200,1710100,Yes,33929.08,3462.24,9208.69,2119.06,2793.61,1302.16,902.43,1617.17,48719.07,6615.36,42103.71,86.42,Highly Profitable
C00168,27,Male,West,Salaried,812000,Mass,Savings,3,Education Loan,316792,463800,503100,Yes,22132.04,8847.8,3245.21,410.81,3356.5,886.57,830.82,1041.5,34635.87,6115.38,28520.49,82.34,Profitable
C00169,42,Male,South,Self-Employed,857000,Mass,Salary,1,Personal Loan,130544,1476300,678400,No,18438.9,1768.7,2218.07,208.56,1259.61,1427.68,726.95,888.41,22634.23,4302.65,18331.58,80.99,Profitable
C00170,48,Male,North,Salaried,617000,Mass,Savings,3,Auto Loan,265930,624900,525600,Yes,22363.14,6408.07,4619.4,2233.07,2464.03,2196.12,1071.39,1125.47,35623.68,6857.02,28766.67,80.75,Profitable
C00171,22,Female,South,Professional,649000,Mass,Salary,2,Education Loan,503827,863200,256800,Yes,37861.3,4051.65,11638.24,811.39,2273.56,681.24,601.98,1443.83,54362.57,5000.61,49361.96,90.8,Highly Profitable
C00172,62,Female,South,Professional,1120000,Affluent,Current,1,No Loan,0,1021400,952900,No,4048.77,1739.12,0.0,1696.53,1054.19,1675.11,1218.66,1391.52,7484.42,5339.48,2144.94,28.66,Low Profitability
C00173,65,Female,West,Business Owner,810000,Mass,Savings,3,Education Loan,424966,158500,110200,No,28226.44,4448.39,3863.59,2110.23,1830.45,1652.87,382.81,1783.03,38648.66,5649.17,32999.49,85.38,Highly Profitable
C00174,26,Female,North,Business Owner,540000,Mass,Savings,3,Home Loan,2390207,137300,150600,No,107838.1,4981.56,33338.37,364.68,2340.92,1782.59,1573.4,5000.12,146522.72,10697.02,135825.69,92.7,Highly Profitable
C00175,48,Female,East,Business Owner,1281000,Affluent,Salary,4,Auto Loan,883519,2255000,1023800,No,73368.72,3817.38,18276.04,1005.87,1997.14,1131.33,1423.39,2205.93,96468.02,6757.78,89710.23,92.99,Highly Profitable
C00176,48,Male,South,Salaried,501000,Mass,Savings,1,Personal Loan,105479,415900,381400,No,12813.64,2368.77,926.31,1844.6,1003.14,320.39,865.24,949.41,17953.32,3138.18,14815.14,82.52,Profitable
C00177,64,Male,East,Salaried,758000,Mass,Salary,4,Personal Loan,748016,342800,135500,Yes,83020.8,10686.38,7842.07,284.14,3633.78,2017.84,485.1,1929.43,101833.39,8066.15,93767.23,92.08,Highly Profitable
C00178,64,Male,South,Self-Employed,354000,Mass,Savings,1,Auto Loan,394625,473800,234100,Yes,31389.79,3743.0,3461.41,1896.15,1794.78,790.03,832.04,1787.27,40490.36,5204.13,35286.23,87.15,Highly Profitable
C00179,40,Female,West,Retired,416000,Mass,Salary,2,Personal Loan,889818,667900,334800,Yes,99578.07,5135.64,14628.3,2213.51,2327.56,1061.89,1278.72,3223.47,121555.52,7891.64,113663.88,93.51,Highly Profitable
C00180,50,Male,West,Business Owner,707000,Mass,Salary,3,Personal Loan,415997,417500,309400,No,47434.64,3561.04,9162.27,2007.57,1685.03,1878.01,785.84,1601.49,62165.53,5950.37,56215.16,90.43,Highly Profitable
C00181,31,Female,North,Self-Employed,477000,Mass,Salary,3,Personal Loan,252280,521100,292000,Yes,29740.66,3834.44,3161.2,673.78,2837.28,1956.7,331.8,1976.32,37410.08,7102.1,30307.98,81.02,Highly Profitable
C00182,48,Male,North,Professional,617000,Mass,Savings,5,Personal Loan,663221,342400,213300,No,73944.14,7071.9,5660.15,2112.67,2036.56,1606.93,374.59,2725.75,88788.87,6743.83,82045.04,92.4,Highly Profitable
C00183,45,Female,West,Salaried,1364000,Affluent,Savings,3,Personal Loan,249924,2055800,1425800,No,38168.16,4505.3,2749.23,1756.25,1871.3,1135.47,1314.48,1883.88,47178.94,6205.13,40973.81,86.85,Highly Profitable
C00184,59,Female,South,Business Owner,654000,Mass,Salary,2,No Loan,0,191800,57100,Yes,1094.65,4803.36,0.0,1893.25,2570.46,1524.83,1570.88,522.61,7791.26,6188.78,1602.47,20.57,Low Profitability
C00185,53,Female,North,Salaried,1148000,Affluent,Savings,4,No Loan,0,877800,715900,Yes,2226.31,4825.67,0.0,1894.14,2552.23,1120.09,1526.81,563.53,8946.12,5762.66,3183.47,35.58,Low Profitability
C00186,21,Female,West,Salaried,456000,Mass,Current,2,No Loan,0,354200,284000,No,846.36,4377.26,0.0,1179.81,1780.74,689.91,1390.91,1494.95,6403.43,5356.5,1046.93,16.35,Low Profitability
C00187,47,Female,South,Business Owner,947000,Affluent,Salary,2,Personal Loan,715828,1137300,1217000,Yes,82584.23,4842.47,8708.68,2262.6,3039.35,942.18,1416.05,1587.74,98397.98,6985.32,91412.65,92.9,Highly Profitable
C00188,33,Female,South,Business Owner,404000,Mass,Savings,3,Personal Loan,859438,179400,65200,No,95335.03,6479.79,19181.26,397.39,2447.43,1447.96,1769.09,1675.08,121393.47,7339.56,114053.91,93.95,Highly Profitable
C00189,61,Female,North,Self-Employed,610000,Mass,Savings,5,Personal Loan,644597,569600,157400,No,73484.79,8205.12,9658.75,2400.92,2396.77,462.93,449.58,1846.9,93749.58,5156.19,88593.4,94.5,Highly Profitable
C00190,23,Female,South,Self-Employed,968000,Affluent,Savings,3,No Loan,0,1026900,373000,Yes,4620.9,4062.45,0.0,116.11,2717.91,340.33,1072.52,1477.55,8799.46,5608.32,3191.14,36.27,Low Profitability
C00191,59,Female,East,Business Owner,705000,Mass,Savings,3,No Loan,0,1142100,695600,Yes,4914.29,6838.88,0.0,1943.85,3601.47,308.96,620.58,1381.05,13697.03,5912.06,7784.96,56.84,Low Profitability
C00192,26,Male,North,Professional,1175000,Affluent,Salary,3,Home Loan,4510122,1197300,517000,Yes,207197.68,6064.61,83813.02,546.72,3169.32,513.1,568.44,5065.94,297622.02,9316.8,288305.22,96.87,Highly Profitable
C00193,28,Male,West,Professional,1011000,Affluent,Salary,3,Personal Loan,269065,371700,161300,No,31503.23,4742.45,5791.27,255.0,2616.58,560.53,854.87,2033.34,42291.94,6065.31,36226.62,85.66,Highly Profitable
C00194,47,Male,West,Salaried,591000,Mass,Savings,4,Personal Loan,727343,187500,185400,Yes,81097.64,10647.07,8156.72,1298.28,3624.93,1584.41,738.6,1536.56,101199.71,7484.49,93715.22,92.6,Highly Profitable
C00195,29,Male,North,Retired,1429000,Affluent,Salary,2,No Loan,0,2393300,1257100,Yes,10431.21,3433.11,0.0,1333.05,3023.11,1068.89,1246.74,1462.51,15197.37,6801.24,8396.12,55.25,Low Profitability
C00196,57,Male,West,Business Owner,890000,Mass,Savings,1,Personal Loan,681236,1572100,950000,Yes,79460.01,1997.04,15690.85,1704.88,2175.76,384.89,863.67,3003.06,98852.78,6427.38,92425.39,93.5,Highly Profitable
C00197,53,Female,East,Professional,612000,Mass,Savings,2,Auto Loan,748855,260500,216600,Yes,57270.49,4374.27,14491.31,1526.87,2366.8,658.61,656.29,2469.82,77662.94,6151.51,71511.42,92.08,Highly Profitable
C00198,62,Female,South,Business Owner,758000,Mass,Savings,4,Personal Loan,323536,1053400,567700,No,40879.31,4254.75,7516.0,175.0,2425.92,1273.17,334.02,1585.44,52825.06,5618.55,47206.51,89.36,Highly Profitable
C00199,64,Female,South,Salaried,736000,Mass,Salary,3,No Loan,0,414900,299200,Yes,2206.74,5062.28,0.0,590.53,2812.46,1480.25,665.34,941.47,7859.55,5899.52,1960.03,24.94,Low Profitability
C00200,44,Male,East,Salaried,782000,Mass,Salary,3,No Loan,0,1192000,827800,No,5808.62,3460.91,0.0,1818.42,2281.61,2172.78,974.24,1308.67,11087.95,6737.3,4350.65,39.24,Low Profitability
C00201,35,Male,East,Business Owner,647000,Mass,Current,1,Education Loan,166685,200200,94600,No,11948.04,964.95,1385.71,2361.81,1074.62,1285.73,1171.3,1643.26,16660.51,5174.92,11485.59,68.94,Profitable
C00202,52,Male,West,Self-Employed,859000,Mass,Savings,2,Personal Loan,996167,748400,643300,Yes,113925.14,5972.15,21499.95,1938.61,1966.71,526.04,1222.9,1786.56,143335.84,5502.21,137833.64,96.16,Highly Profitable
C00203,52,Male,West,Business Owner,1081000,Affluent,Savings,4,No Loan,0,1225300,1175100,No,4862.04,4624.18,0.0,2465.47,1841.23,1530.4,535.1,930.43,11951.68,4837.15,7114.53,59.53,Low Profitability
C00204,44,Male,South,Self-Employed,885000,Mass,Salary,2,Auto Loan,679985,1377600,1261800,Yes,56735.03,4788.1,8490.24,398.3,2738.83,1451.95,854.18,1922.38,70411.67,6967.34,63444.32,90.1,Highly Profitable
C00205,61,Male,North,Salaried,868000,Mass,Savings,4,No Loan,0,1357200,795300,Yes,4546.7,4123.57,0.0,2400.29,3886.34,951.42,845.02,1496.03,11070.56,7178.8,3891.76,35.15,Low Profitability
C00206,69,Female,North,Salaried,662000,Mass,Savings,2,Home Loan,2261256,300600,313500,No,103149.97,4223.79,41450.34,997.64,1437.65,1551.66,223.86,3299.36,149821.75,6512.53,143309.22,95.65,Highly Profitable
C00207,69,Female,South,Business Owner,430000,Mass,Current,3,No Loan,0,750700,761300,Yes,3290.02,5514.83,0.0,1444.97,3083.34,2066.58,1614.61,999.12,10249.82,7763.65,2486.17,24.26,Low Profitability
C00208,32,Male,East,Salaried,376000,Mass,Savings,3,No Loan,0,452600,215800,No,1228.74,6809.85,0.0,2443.45,2766.64,337.91,1278.25,1193.09,10482.04,5575.89,4906.15,46.81,Low Profitability
C00209,59,Male,North,Business Owner,474000,Mass,Savings,4,Personal Loan,461626,586300,208300,No,53579.87,3559.23,6221.92,1174.11,1961.86,692.61,1259.55,2140.68,64535.13,6054.69,58480.44,90.62,Highly Profitable
C00210,22,Male,South,Salaried,556000,Mass,Savings,2,No Loan,0,899000,907800,No,4692.85,2156.97,0.0,855.25,1672.69,524.99,1125.31,738.21,7705.07,4061.2,3643.87,47.29,Low Profitability
C00211,23,Male,West,Professional,1756000,Affluent,Current,3,No Loan,0,1191400,1052200,Yes,3245.58,5953.77,0.0,1997.8,2614.42,1640.11,937.26,1380.28,11197.16,6572.07,4625.09,41.31,Low Profitability
C00212,69,Female,South,Salaried,1393000,Affluent,Salary,3,Education Loan,691421,1163300,598300,No,48033.09,6929.61,8441.21,1791.36,1981.29,1556.16,559.67,2147.82,65195.27,6244.94,58950.32,90.42,Highly Profitable
C00213,57,Male,West,Salaried,505000,Mass,Savings,5,No Loan,0,896500,456400,No,4084.75,7009.35,0.0,152.41,2947.71,477.99,827.89,1341.94,11246.51,5595.53,5650.98,50.25,Low Profitability
C00214,69,Male,East,Business Owner,896000,Mass,Savings,3,Home Loan,2420237,158800,83200,Yes,109302.06,5168.02,50560.19,1264.34,3173.39,557.42,482.22,4247.44,166294.61,8460.47,157834.14,94.91,Highly Profitable
C00215,37,Male,West,Self-Employed,674000,Mass,Savings,2,No Loan,0,1065500,1046500,No,5581.38,4324.99,0.0,2315.64,1539.73,1919.12,1504.73,696.1,12222.01,5659.68,6562.33,53.69,Low Profitability
C00216,69,Male,South,Salaried,797000,Mass,Savings,3,Education Loan,523864,1227500,557500,Yes,39663.14,5980.48,7359.51,1413.05,2728.53,1425.76,537.54,1616.46,54416.18,6308.29,48107.89,88.41,Highly Profitable
C00217,22,Female,West,Retired,518000,Mass,Current,3,Education Loan,519813,302000,242600,No,34430.99,4183.1,10321.62,1572.29,1554.08,1269.66,643.62,1579.85,50508.0,5047.2,45460.8,90.01,Highly Profitable
C00218,22,Female,West,Salaried,2402000,Premium,Savings,4,No Loan,0,3616900,3469600,No,18379.77,7651.4,0.0,1270.77,2399.19,1299.91,220.34,712.49,27301.95,4631.93,22670.02,83.03,Profitable
C00219,48,Female,North,Self-Employed,1952000,Premium,Savings,1,Personal Loan,949751,1356400,785700,Yes,109951.92,3634.04,11800.82,1506.33,2117.01,614.11,799.09,2112.82,126893.1,5643.02,121250.08,95.55,Highly Profitable
C00220,43,Male,North,Salaried,596000,Mass,Salary,2,Home Loan,1841127,707900,214000,Yes,85671.43,3113.69,37754.18,809.82,2187.55,1055.95,1335.69,3769.33,127349.12,8348.51,119000.6,93.44,Highly Profitable
C00221,57,Male,West,Salaried,504000,Mass,Savings,5,No Loan,0,447200,400300,No,1452.31,12407.82,0.0,587.81,2782.98,1406.48,485.22,789.66,14447.95,5464.34,8983.61,62.18,Low Profitability
C00222,52,Male,West,Self-Employed,1165000,Affluent,Salary,5,Home Loan,1220525,369500,98600,No,56081.6,6028.58,20579.6,1041.22,3662.71,1232.7,1018.19,3525.15,83731.0,9438.76,74292.24,88.73,Highly Profitable
C00223,53,Female,South,Salaried,360000,Mass,Savings,2,Auto Loan,225933,585800,560200,Yes,19288.9,3512.46,1880.78,657.52,2452.11,1114.14,1701.97,1157.09,25339.67,6425.31,18914.36,74.64,Profitable
C00224,21,Male,South,Professional,1115000,Affluent,Savings,1,No Loan,0,1170400,651600,Yes,2355.54,3320.07,0.0,2285.53,2379.59,841.85,901.62,1197.93,7961.14,5320.98,2640.15,33.16,Low Profitability
C00225,39,Male,West,Salaried,750000,Mass,Savings,2,Auto Loan,315438,708700,659900,No,27329.23,2137.08,3624.83,456.64,1524.14,1000.74,1471.45,1835.44,33547.79,5831.78,27716.01,82.62,Profitable
C00226,22,Female,South,Business Owner,318000,Mass,Savings,2,No Loan,0,509200,363300,No,2615.27,3306.7,0.0,676.06,1563.64,1586.05,1477.4,1556.68,6598.04,6183.77,414.27,6.28,Low Profitability
C00227,64,Female,West,Salaried,644000,Mass,Salary,2,Personal Loan,537187,445200,247200,Yes,61290.85,7082.19,6813.45,1994.44,2472.69,2148.05,1243.6,1808.08,77180.94,7672.42,69508.51,90.06,Highly Profitable
C00228,46,Male,North,Salaried,488000,Mass,Current,2,No Loan,0,532400,540100,Yes,2347.91,4960.88,0.0,344.86,2419.62,2002.54,785.72,763.17,7653.65,5971.06,1682.59,21.98,Low Profitability
C00229,52,Male,West,Salaried,765000,Mass,Savings,4,Personal Loan,632193,1228400,1108000,Yes,73450.38,9802.15,10844.49,2012.44,3524.63,1817.56,1415.41,2159.22,96109.47,8916.83,87192.64,90.72,Highly Profitable
C00230,26,Male,North,Professional,722000,Mass,Current,1,No Loan,0,516800,164700,No,2393.78,1414.52,0.0,1487.88,1033.44,1655.67,1703.92,1562.27,5296.19,5955.29,-659.11,-12.44,Low Profitability
C00231,52,Female,West,Business Owner,334000,Mass,Salary,3,No Loan,0,487400,507400,No,1226.59,6546.83,0.0,1205.33,2351.92,1142.72,635.42,1456.09,8978.75,5586.15,3392.6,37.78,Low Profitability
C00232,24,Male,East,Professional,582000,Mass,Savings,3,Home Loan,3004904,581300,376100,No,136995.73,4814.1,63796.7,2189.42,2473.59,1048.76,1002.52,7461.6,207795.95,11986.47,195809.48,94.23,Highly Profitable
C00233,31,Female,West,Self-Employed,960000,Affluent,Savings,3,No Loan,0,393900,148400,No,859.01,4733.36,0.0,1056.85,2243.65,1551.12,1160.51,623.57,6649.22,5578.84,1070.38,16.1,Low Profitability
C00234,37,Male,West,Professional,1056000,Affluent,Savings,3,Personal Loan,696156,229100,207500,Yes,77822.98,9679.77,13205.01,756.34,2598.38,650.77,1151.01,1803.65,101464.1,6203.82,95260.29,93.89,Highly Profitable
C00235,58,Female,West,Business Owner,573000,Mass,Salary,3,No Loan,0,773000,533300,No,4107.26,5505.62,0.0,1403.24,2557.5,2068.71,866.76,1075.98,11016.12,6568.95,4447.17,40.37,Low Profitability
C00236,44,Female,East,Salaried,900000,Affluent,Savings,4,No Loan,0,523900,430600,No,1992.6,9103.63,0.0,1438.63,2063.41,524.05,1069.76,963.98,12534.87,4621.19,7913.68,63.13,Low Profitability
C00237,25,Male,South,Salaried,810000,Mass,Savings,4,Home Loan,4945023,1211700,1017700,No,227070.4,6767.07,83106.3,394.82,2093.52,518.39,289.36,4864.42,317338.59,7765.69,309572.9,97.55,Highly Profitable
C00238,54,Female,South,Self-Employed,680000,Mass,Savings,1,No Loan,0,314000,131100,Yes,1791.04,2892.89,0.0,1984.76,2032.11,647.43,303.08,809.51,6668.7,3792.12,2876.58,43.14,Low Profitability
C00239,26,Male,East,Business Owner,903000,Affluent,Current,1,Auto Loan,560348,981500,1055300,No,46639.74,2478.34,12359.93,998.09,1291.82,433.35,1690.83,1584.14,62476.11,5000.13,57475.98,92.0,Highly Profitable
C00240,42,Female,East,Salaried,421000,Mass,Salary,4,Personal Loan,905859,128100,43500,Yes,100264.14,9152.27,19747.44,402.58,3486.53,400.91,1081.77,3047.5,129566.44,8016.71,121549.73,93.81,Highly Profitable
C00241,31,Female,South,Business Owner,700000,Mass,Savings,3,Auto Loan,729218,954800,730400,Yes,57973.01,4786.87,8561.57,338.64,2011.78,589.6,512.35,2607.1,71660.09,5720.84,65939.25,92.02,Highly Profitable
C00242,68,Male,West,Self-Employed,290000,Mass,Savings,5,No Loan,0,409900,153500,Yes,1297.97,12327.56,0.0,1456.44,4032.79,922.3,623.18,1754.67,15081.97,7332.94,7749.04,51.38,Low Profitability
C00243,36,Female,South,Self-Employed,679000,Mass,Salary,2,Home Loan,4519641,1128700,1123900,Yes,206157.61,4666.7,82685.0,997.14,2494.86,1380.24,1326.28,6162.86,294506.45,11364.25,283142.2,96.14,Highly Profitable
C00244,53,Female,West,Salaried,1533000,Affluent,Savings,1,Personal Loan,962729,1649900,655400,No,109678.6,2198.06,24045.11,861.61,1153.33,1326.21,1307.29,2652.12,136783.39,6438.95,130344.43,95.29,Highly Profitable
C00245,29,Male,South,Self-Employed,587000,Mass,Savings,3,No Loan,0,191100,119400,Yes,1074.38,5275.6,0.0,1203.84,3273.23,440.79,1253.01,1465.69,7553.82,6432.72,1121.1,14.84,Low Profitability
C00246,26,Male,South,Salaried,1451000,Affluent,Current,2,Home Loan,2552854,2199400,712300,Yes,127250.99,6159.2,22588.27,2001.56,2816.81,1627.73,599.91,4593.15,158000.02,9637.61,148362.41,93.9,Highly Profitable
C00247,36,Female,South,Salaried,592000,Mass,Salary,3,Home Loan,996593,395400,249400,No,45996.54,3915.92,20446.09,509.22,1809.9,856.49,1533.63,1224.94,70867.76,5424.96,65442.81,92.34,Highly Profitable
C00248,49,Female,North,Business Owner,385000,Mass,Savings,4,No Loan,0,629200,159500,No,1352.47,9981.46,0.0,384.85,2715.79,1084.69,303.81,810.19,11718.78,4914.47,6804.3,58.06,Low Profitability
C00249,23,Male,South,Salaried,1009000,Affluent,Savings,3,Auto Loan,800830,1779300,1115500,Yes,66086.6,7917.31,6655.85,2190.2,3262.69,998.07,874.96,982.05,82849.96,6117.77,76732.18,92.62,Highly Profitable
C00250,40,Male,East,Salaried,903000,Affluent,Salary,2,Home Loan,4305065,332900,277900,Yes,195661.26,6031.72,67582.16,2047.33,2708.58,1241.11,1421.79,4659.84,271322.48,10031.32,261291.16,96.3,Highly Profitable
C00251,56,Male,West,Salaried,2506000,Premium,Current,4,No Loan,0,718900,291400,Yes,2315.02,9369.57,0.0,492.51,3488.15,362.34,581.22,556.92,12177.1,4988.62,7188.47,59.03,Low Profitability
C00252,39,Male,West,Self-Employed,408000,Mass,Salary,3,No Loan,0,665500,479200,No,3634.26,6246.22,0.0,1440.56,2254.99,667.4,584.71,1476.94,11321.04,4984.03,6337.01,55.98,Low Profitability
C00253,46,Male,South,Salaried,852000,Mass,Salary,3,Personal Loan,162943,1391400,908900,No,25250.09,3019.03,2780.63,1404.92,2458.33,592.12,202.15,1862.7,32454.67,5115.3,27339.37,84.24,Profitable
C00254,23,Female,East,Salaried,868000,Mass,Savings,3,No Loan,0,968300,517800,Yes,5594.51,4294.1,0.0,1957.95,2737.5,1825.53,990.85,917.05,11846.57,6470.93,5375.64,45.38,Low Profitability
C00255,39,Male,West,Self-Employed,1253000,Affluent,Salary,3,No Loan,0,2024100,1660100,Yes,8069.74,3596.03,0.0,890.1,2603.88,1355.35,1669.78,1263.87,12555.87,6892.88,5662.98,45.1,Low Profitability
C00256,40,Female,West,Self-Employed,937000,Affluent,Savings,3,No Loan,0,1579200,1730600,Yes,8982.21,6429.05,0.0,253.91,2426.58,1745.23,1020.28,1573.63,15665.16,6765.72,8899.44,56.81,Low Profitability
C00257,52,Male,West,Retired,597000,Mass,Salary,3,No Loan,0,636600,666600,No,3162.19,4450.61,0.0,548.53,2431.85,1642.05,1693.67,841.25,8161.33,6608.82,1552.5,19.02,Low Profitability
C00258,27,Male,West,Salaried,388000,Mass,Salary,3,Personal Loan,725329,497700,534800,No,82509.58,3337.61,7216.2,608.71,1600.13,808.43,544.69,2274.18,93672.11,5227.42,88444.69,94.42,Highly Profitable
C00259,61,Male,East,Salaried,847000,Mass,Savings,2,No Loan,0,984500,263000,Yes,4856.92,3796.11,0.0,1216.22,1906.25,1269.93,831.76,1663.36,9869.26,5671.31,4197.95,42.54,Low Profitability
C00260,53,Male,South,Self-Employed,860000,Mass,Current,3,No Loan,0,376800,176300,Yes,1448.7,7463.44,0.0,1308.44,3254.1,575.57,1786.55,1392.61,10220.58,7008.83,3211.75,31.42,Low Profitability
C00261,60,Female,South,Salaried,991000,Affluent,Savings,3,No Loan,0,862000,891600,Yes,4892.94,5638.58,0.0,592.45,3157.8,1783.89,1479.25,1384.26,11123.98,7805.2,3318.78,29.83,Low Profitability
C00262,59,Female,North,Professional,597000,Mass,Savings,1,Personal Loan,602477,760700,221400,No,70229.76,2463.55,12782.9,865.07,1385.59,689.16,1121.01,1233.93,86341.29,4429.69,81911.6,94.87,Highly Profitable
C00263,38,Female,South,Self-Employed,816000,Mass,Savings,4,Personal Loan,730613,944100,528800,No,84676.86,3903.43,13329.6,1981.96,2794.97,2171.12,339.32,1372.3,103891.85,6677.72,97214.14,93.57,Highly Profitable
C00264,60,Female,West,Salaried,299000,Mass,Salary,2,Home Loan,3223920,151000,121500,Yes,145670.15,5249.11,29996.46,204.0,2166.83,2148.59,408.76,3962.53,181119.73,8686.71,172433.02,95.2,Highly Profitable
C00265,21,Female,North,Professional,397000,Mass,Savings,1,Education Loan,267312,655500,711600,No,18934.4,1614.17,6619.34,1883.94,1249.35,614.91,904.41,1033.35,29051.85,3802.02,25249.83,86.91,Profitable
C00266,31,Female,North,Salaried,1171000,Affluent,Savings,3,No Loan,0,1690600,818900,Yes,8895.77,5499.56,0.0,2446.65,2450.17,313.76,1503.89,1107.32,16841.99,5375.13,11466.86,68.08,Profitable
C00267,48,Female,West,Retired,773000,Mass,Salary,1,No Loan,0,203300,182900,No,745.19,1655.68,0.0,1927.66,1058.26,522.39,1386.22,1631.18,4328.53,4598.05,-269.52,-6.23,Low Profitability
C00268,45,Female,North,Professional,909000,Affluent,Savings,3,Home Loan,3939362,652400,529300,No,179514.05,3034.83,65514.48,2336.51,2703.79,1076.51,1567.26,9343.69,250399.87,14691.25,235708.63,94.13,Highly Profitable
C00269,70,Male,West,Self-Employed,504000,Mass,Salary,3,No Loan,0,903500,697000,No,2640.55,2408.37,0.0,731.79,1463.16,1781.51,848.36,1036.7,5780.71,5129.73,650.98,11.26,Low Profitability
C00270,43,Female,West,Salaried,470000,Mass,Savings,2,No Loan,0,372800,328600,No,1553.28,3973.89,0.0,1342.67,1694.45,1907.36,1123.95,696.06,6869.84,5421.82,1448.02,21.08,Low Profitability
C00271,51,Male,West,Salaried,555000,Mass,Savings,5,No Loan,0,690800,321800,Yes,3674.7,11882.41,0.0,1095.1,2728.13,1216.73,692.79,1687.08,16652.22,6324.74,10327.48,62.02,Profitable
C00272,50,Female,South,Salaried,798000,Mass,Savings,2,Personal Loan,867336,252300,135700,No,96203.82,3553.96,8846.88,755.48,1400.49,1957.07,1061.01,1930.73,109360.14,6349.3,103010.84,94.19,Highly Profitable
C00273,62,Female,West,Salaried,1021000,Affluent,Salary,3,Personal Loan,872623,676900,491700,No,99835.11,3565.36,20184.94,197.4,1927.82,1980.24,1186.09,1454.78,123782.81,6548.94,117233.87,94.71,Highly Profitable
C00274,55,Male,East,Self-Employed,610000,Mass,Savings,4,Education Loan,657537,979300,610200,Yes,46253.42,7728.24,10208.38,1922.45,2344.87,1446.69,1025.63,2556.81,66112.48,7373.99,58738.49,88.85,Highly Profitable
C00275,27,Male,West,Retired,281000,Mass,Savings,3,Personal Loan,923992,278900,240900,Yes,103278.4,6877.68,20922.88,1838.86,2458.59,951.34,516.93,3300.92,132917.82,7227.77,125690.05,94.56,Highly Profitable
C00276,36,Female,South,Self-Employed,873000,Mass,Current,5,Home Loan,4487681,1319500,1227800,Yes,208155.89,6394.17,56934.99,1458.32,3655.59,1715.23,743.01,6954.24,272943.37,13068.07,259875.3,95.21,Highly Profitable
C00277,46,Female,East,Business Owner,811000,Mass,Salary,4,Personal Loan,259396,131900,92200,No,28991.1,3840.73,5198.2,2437.44,2621.37,1573.7,1206.91,972.16,40467.47,6374.14,34093.33,84.25,Highly Profitable
C00278,68,Male,East,Business Owner,911000,Affluent,Savings,5,No Loan,0,1138000,665600,Yes,6753.49,12984.11,0.0,2181.15,4828.38,1188.97,1118.24,1259.65,21918.75,8395.23,13523.52,61.7,Profitable
C00279,69,Female,East,Professional,1121000,Affluent,Current,2,No Loan,0,722900,741000,Yes,3164.31,4939.67,0.0,1450.36,2363.95,1763.09,917.49,1431.5,9554.34,6476.02,3078.32,32.22,Low Profitability
C00280,22,Female,West,Salaried,1074000,Affluent,Current,3,Auto Loan,310695,1686500,1496600,Yes,31860.41,6563.24,7053.76,2309.34,2845.43,1854.96,299.71,694.06,47786.74,5694.16,42092.58,88.08,Highly Profitable
C00281,21,Male,West,Salaried,1480000,Affluent,Savings,4,No Loan,0,2527400,2078200,No,9622.23,3897.02,0.0,1443.15,1720.5,1534.69,925.97,930.56,14962.4,5111.72,9850.68,65.84,Low Profitability
C00282,68,Female,North,Professional,711000,Mass,Savings,4,No Loan,0,913300,272800,Yes,2262.4,5553.95,0.0,2110.12,3405.08,329.67,1106.4,622.76,9926.47,5463.9,4462.56,44.96,Low Profitability
C00283,32,Female,West,Professional,552000,Mass,Savings,5,No Loan,0,215800,150800,No,1263.75,7324.75,0.0,1303.32,3672.66,1184.85,550.06,1642.74,9891.82,7050.32,2841.5,28.73,Low Profitability
C00284,25,Male,West,Retired,1241000,Affluent,Savings,4,No Loan,0,1144700,404400,No,3762.53,4595.6,0.0,2035.35,1706.48,1129.6,223.05,554.53,10393.47,3613.66,6779.81,65.23,Low Profitability
C00285,57,Female,East,Business Owner,1154000,Affluent,Current,4,No Loan,0,1057500,858100,Yes,5997.79,9674.13,0.0,1172.7,2755.9,1998.33,1019.42,1735.49,16844.62,7509.13,9335.48,55.42,Low Profitability
C00286,52,Female,North,Salaried,616000,Mass,Savings,1,Home Loan,4475530,936300,472500,Yes,206670.44,4100.09,88503.27,1471.72,2410.36,1269.59,806.75,5413.37,300745.52,9900.07,290845.45,96.71,Highly Profitable
C00287,29,Male,South,Self-Employed,1286000,Affluent,Savings,2,No Loan,0,1170300,1027200,No,2785.31,2269.23,0.0,570.17,1449.79,1012.22,1303.77,544.1,5624.71,4309.89,1314.82,23.38,Low Profitability
C00288,61,Male,East,Salaried,729000,Mass,Savings,1,No Loan,0,509500,464400,Yes,1252.76,2666.83,0.0,1583.86,2212.34,894.38,401.28,1063.97,5503.46,4571.97,931.49,16.93,Low Profitability
C00289,55,Male,South,Business Owner,1412000,Affluent,Savings,1,Auto Loan,303758,1636100,826800,Yes,30059.54,3096.54,5395.51,2015.08,1921.04,1433.42,1066.85,1313.25,40566.66,5734.56,34832.1,85.86,Highly Profitable
C00290,39,Female,South,Self-Employed,1812000,Premium,Savings,2,Home Loan,2511689,2206400,2382500,Yes,117755.56,3082.25,28047.21,2110.33,2443.73,435.33,1639.34,1838.36,150995.34,6356.76,144638.58,95.79,Highly Profitable
C00291,68,Female,South,Business Owner,2992000,Premium,Salary,1,Personal Loan,450399,4447400,3065100,Yes,65930.98,4010.75,4364.33,1945.6,1852.75,1963.58,1680.71,2225.02,76251.66,7722.07,68529.59,89.87,Highly Profitable
C00292,36,Female,West,Retired,724000,Mass,Savings,2,Personal Loan,302773,1184300,515400,No,38173.88,2313.88,5233.68,126.66,1380.55,1478.63,1607.29,905.61,45848.1,5372.09,40476.02,88.28,Highly Profitable
C00293,23,Female,North,Business Owner,1525000,Affluent,Savings,5,No Loan,0,2468100,2243300,No,6878.98,9870.34,0.0,2338.09,3654.26,760.13,1483.03,578.79,19087.41,6476.22,12611.19,66.07,Profitable
C00294,40,Female,East,Salaried,1120000,Affluent,Savings,2,Home Loan,2838980,1326200,1189100,No,134492.1,2959.69,60746.31,240.05,1711.98,842.44,1700.83,3038.91,198438.15,7294.16,191143.99,96.32,Highly Profitable
C00295,44,Male,East,Salaried,1178000,Affluent,Current,1,Personal Loan,441275,1195700,719600,No,52995.82,2074.08,9946.94,1802.17,1094.92,2016.56,1750.16,1366.83,66819.01,6228.48,60590.53,90.68,Highly Profitable
C00296,53,Male,East,Professional,884000,Mass,Savings,3,Personal Loan,950347,1301300,1053800,No,109343.32,4559.65,9117.46,2073.04,2384.65,362.58,655.08,1543.26,125093.48,4945.57,120147.91,96.05,Highly Profitable
C00297,44,Male,North,Salaried,1181000,Affluent,Current,4,Home Loan,3029362,775000,208100,No,138597.78,5149.0,60441.21,1940.99,1972.03,875.13,980.37,2219.61,206128.98,6047.15,200081.83,97.07,Highly Profitable
C00298,31,Male,East,Salaried,329000,Mass,Savings,2,Personal Loan,485752,460800,229300,No,55990.71,4867.42,9932.59,1952.6,1530.11,858.19,1335.37,2353.14,72743.32,6076.81,66666.51,91.65,Highly Profitable
C00299,69,Female,West,Salaried,689000,Mass,Salary,2,Personal Loan,489261,678700,678200,Yes,55206.57,4998.03,4464.9,636.75,1885.24,1716.95,1012.9,2288.4,65306.25,6903.49,58402.76,89.43,Highly Profitable
C00300,28,Female,West,Self-Employed,489000,Mass,Salary,2,Personal Loan,574097,173100,77400,Yes,63501.64,5400.7,10412.65,308.44,2147.11,686.49,1652.04,1070.78,79623.43,5556.42,74067.01,93.02,Highly Profitable
C00301,56,Male,North,Salaried,467000,Mass,Savings,2,Personal Loan,689396,650200,663000,Yes,79722.94,3618.7,12801.89,1236.21,2535.62,424.95,1759.34,1904.88,97379.74,6624.8,90754.94,93.2,Highly Profitable
C00302,58,Male,North,Retired,318000,Mass,Current,1,Home Loan,879331,388000,288200,No,40378.62,1391.52,14688.41,1616.07,1156.43,1039.42,993.85,2930.15,58074.61,6119.85,51954.76,89.46,Highly Profitable
C00303,60,Female,West,Retired,524000,Mass,Savings,3,Personal Loan,436827,149900,152500,No,48443.79,3281.31,8617.73,2078.53,2220.82,1665.68,729.19,1351.37,62421.36,5967.06,56454.3,90.44,Highly Profitable
C00304,40,Male,North,Retired,636000,Mass,Savings,4,No Loan,0,568000,205200,No,3142.0,6237.87,0.0,945.98,2245.29,413.0,851.31,964.63,10325.84,4474.22,5851.62,56.67,Low Profitability
C00305,55,Male,West,Salaried,775000,Mass,Savings,3,Personal Loan,342433,738400,475800,Yes,40963.03,9474.74,4260.64,2077.45,2414.34,626.19,1285.74,797.49,56775.86,5123.77,51652.1,90.98,Highly Profitable
C00306,68,Male,North,Retired,695000,Mass,Current,2,Education Loan,305742,853700,428500,Yes,23714.86,4105.88,7247.67,1303.77,1875.2,1501.34,1362.0,1538.34,36372.17,6276.87,30095.3,82.74,Highly Profitable
C00307,45,Male,South,Retired,1249000,Affluent,Savings,2,No Loan,0,1585600,1591800,No,6188.45,4062.45,0.0,1986.77,1526.79,1642.72,804.9,1610.82,12237.67,5585.23,6652.44,54.36,Low Profitability
C00308,55,Female,South,Retired,428000,Mass,Salary,2,Auto Loan,275242,198700,107400,No,21160.25,4107.48,4059.51,644.65,1577.69,304.12,1554.2,1853.11,29971.88,5289.13,24682.75,82.35,Profitable
C00309,45,Male,West,Business Owner,240000,Mass,Savings,2,Personal Loan,338161,49300,37000,No,37368.71,2289.51,6566.42,1936.07,1848.78,2079.3,401.62,1645.85,48160.69,5975.56,42185.14,87.59,Highly Profitable
C00310,49,Male,North,Business Owner,938000,Affluent,Savings,3,Home Loan,3795666,1369700,1306000,No,177477.69,2685.74,78646.23,610.57,1843.97,1020.79,238.07,4751.99,259420.22,7854.82,251565.4,96.97,Highly Profitable
C00311,38,Male,South,Salaried,682000,Mass,Savings,5,Auto Loan,642783,1206900,536700,Yes,52965.66,6598.13,8444.55,294.4,4667.34,987.08,1767.61,2747.99,68302.75,10170.02,58132.74,85.11,Highly Profitable
C00312,66,Female,North,Professional,674000,Mass,Current,1,Home Loan,1462270,1147200,331400,Yes,71445.49,3589.32,24616.64,1986.19,2355.22,1893.03,1672.49,2728.43,101637.64,8649.17,92988.47,91.49,Highly Profitable
C00313,38,Male,North,Salaried,473000,Mass,Savings,5,Auto Loan,505599,461800,309400,Yes,38856.92,10323.07,5030.7,1975.02,3671.0,508.16,689.22,1450.29,56185.7,6318.67,49867.03,88.75,Highly Profitable
C00314,22,Male,South,Salaried,1154000,Affluent,Savings,5,No Loan,0,1180200,980900,Yes,5456.14,12908.23,0.0,364.46,4721.32,741.38,1729.6,585.62,18728.83,7777.92,10950.92,58.47,Profitable
C00315,55,Male,East,Retired,556000,Mass,Savings,1,No Loan,0,937100,807200,Yes,4096.81,2715.63,0.0,1121.52,2157.43,1922.51,700.64,864.08,7933.96,5644.65,2289.31,28.85,Low Profitability
C00316,36,Male,West,Self-Employed,431000,Mass,Savings,2,Personal Loan,207220,451600,273000,Yes,25457.54,3842.32,4275.82,174.51,2165.97,1370.61,955.28,735.35,33750.18,5227.21,28522.97,84.51,Profitable
C00317,61,Male,North,Salaried,1758000,Affluent,Savings,2,Auto Loan,810244,1069100,338700,Yes,66785.27,6379.2,19711.87,1832.77,2615.31,1468.98,1045.4,2634.23,94709.11,7763.92,86945.19,91.8,Highly Profitable
C00318,56,Female,North,Retired,1024000,Affluent,Savings,3,Auto Loan,430889,1298500,769600,Yes,38031.77,6481.36,4668.74,1969.43,2460.86,880.51,1221.88,1192.36,51151.31,5755.61,45395.69,88.75,Highly Profitable
C00319,53,Male,North,Retired,685000,Mass,Savings,1,No Loan,0,642100,227100,Yes,2764.11,3564.66,0.0,1710.77,1545.36,1315.11,1041.06,721.66,8039.54,4623.2,3416.34,42.49,Low Profitability
C00320,24,Male,West,Salaried,183000,Mass,Savings,2,No Loan,0,264500,82400,No,626.94,1756.56,0.0,1364.16,1640.18,1895.69,1658.29,1779.62,3747.66,6973.78,-3226.12,-86.08,Low Profitability
C00321,53,Female,West,Professional,615000,Mass,Savings,4,Auto Loan,184936,887100,450600,No,18983.68,5643.56,3518.66,426.49,2812.18,2166.42,1095.83,1785.92,28572.38,7860.34,20712.04,72.49,Profitable
C00322,34,Male,West,Salaried,692000,Mass,Current,1,Personal Loan,237300,1172500,1067700,No,31763.34,1810.46,4170.1,2469.87,1006.38,1037.85,248.22,1126.49,40213.77,3418.93,36794.83,91.5,Highly Profitable
C00323,41,Male,East,Salaried,1566000,Affluent,Savings,2,Home Loan,3141696,591000,533700,No,143745.56,3381.92,47740.14,714.77,1296.52,604.72,482.59,5375.61,195582.39,7759.44,187822.95,96.03,Highly Profitable
C00324,68,Male,South,Salaried,267000,Mass,Savings,4,Auto Loan,178832,269700,206800,No,14876.82,8148.34,2770.75,2112.62,1847.31,986.69,1733.07,1618.76,27908.53,6185.83,21722.7,77.84,Profitable
C00325,40,Female,South,Salaried,1651000,Affluent,Salary,4,No Loan,0,2388500,2274600,No,11758.1,9204.69,0.0,283.33,2883.4,958.63,271.27,1352.96,21246.13,5466.26,15779.86,74.27,Profitable
C00326,28,Male,South,Salaried,890000,Mass,Savings,2,No Loan,0,772100,521700,No,3284.73,4179.24,0.0,558.12,2040.64,973.78,1409.75,893.64,8022.09,5317.81,2704.29,33.71,Low Profitability
C00327,27,Female,West,Salaried,360000,Mass,Salary,1,Auto Loan,586312,426400,194800,Yes,45745.73,3237.57,4844.03,1749.61,2428.62,783.4,1762.59,1990.28,55576.94,6964.9,48612.04,87.47,Highly Profitable
C00328,23,Female,East,Retired,1162000,Affluent,Savings,4,No Loan,0,1740800,1278600,Yes,9931.49,11867.75,0.0,200.71,4126.19,1337.53,248.06,658.23,21999.94,6370.01,15629.93,71.05,Profitable
C00329,37,Male,North,Business Owner,612000,Mass,Salary,4,No Loan,0,569800,589600,No,2960.91,9449.67,0.0,117.18,2373.55,2141.32,1575.92,1507.77,12527.76,7598.55,4929.2,39.35,Low Profitability
C00330,53,Female,West,Professional,281000,Mass,Current,5,No Loan,0,231400,65000,Yes,835.9,10080.54,0.0,1577.4,4231.6,400.76,1326.8,1678.92,12493.84,7638.07,4855.77,38.87,Low Profitability
C00331,68,Male,South,Business Owner,548000,Mass,Salary,1,No Loan,0,245500,262700,Yes,1108.51,2316.52,0.0,1717.39,2403.94,1387.61,252.39,696.29,5142.43,4740.23,402.2,7.82,Low Profitability
C00332,32,Male,South,Salaried,805000,Mass,Salary,3,No Loan,0,1216000,1073300,No,3387.09,5033.74,0.0,1802.04,2574.93,2116.02,1158.27,1224.24,10222.88,7073.46,3149.42,30.81,Low Profitability
C00333,42,Female,South,Retired,724000,Mass,Savings,2,Home Loan,2225122,1059200,882600,Yes,106202.91,5241.69,28181.69,2173.47,2041.25,1100.19,1665.82,3810.81,141799.77,8618.07,133181.7,93.92,Highly Profitable
C00334,42,Female,West,Professional,997000,Affluent,Savings,5,Education Loan,599857,1372100,1058900,Yes,45550.72,9390.13,10292.04,860.79,2782.41,1336.25,912.35,1867.44,66093.69,6898.45,59195.24,89.56,Highly Profitable
C00335,66,Female,East,Salaried,1280000,Affluent,Current,2,No Loan,0,1022700,479700,No,5972.68,4953.97,0.0,308.09,1546.02,506.6,1389.56,1446.24,11234.74,4888.42,6346.33,56.49,Low Profitability
C00336,50,Male,East,Salaried,383000,Mass,Savings,2,Auto Loan,383958,426000,427200,Yes,30146.35,6155.05,8399.68,1054.49,2367.46,1428.17,721.08,1438.39,45755.57,5955.09,39800.49,86.99,Highly Profitable
C00337,58,Male,North,Business Owner,692000,Mass,Salary,1,No Loan,0,245400,264000,Yes,800.18,3404.98,0.0,710.34,2105.27,1034.74,830.09,878.96,4915.5,4849.06,66.43,1.35,Low Profitability
C00338,58,Female,West,Business Owner,500000,Mass,Savings,2,No Loan,0,338600,350600,No,1804.21,3838.83,0.0,2399.97,1747.82,1681.55,1301.71,733.39,8043.01,5464.47,2578.54,32.06,Low Profitability
C00339,65,Male,West,Professional,352000,Mass,Salary,2,Personal Loan,183971,305800,104700,Yes,21168.68,5373.72,4355.97,581.97,2601.85,1250.01,248.95,1647.34,31480.35,5748.15,25732.2,81.74,Profitable
C00340,28,Male,East,Salaried,680000,Mass,Savings,1,Education Loan,247316,150900,132200,No,16593.22,1071.75,4783.09,1779.74,1365.73,503.81,1372.56,1670.51,24227.8,4912.6,19315.2,79.72,Profitable
C00341,47,Male,North,Salaried,888000,Mass,Savings,2,Education Loan,184201,285000,206100,Yes,13551.17,4772.82,2315.52,2313.62,3111.32,600.68,620.79,1496.61,22953.13,5829.4,17123.73,74.6,Profitable
C00342,47,Male,North,Self-Employed,917000,Affluent,Salary,2,No Loan,0,1393000,1281700,No,5670.92,4520.54,0.0,1706.6,1490.27,1977.98,1557.48,684.4,11898.06,5710.13,6187.93,52.01,Low Profitability
C00343,54,Female,West,Business Owner,563000,Mass,Savings,4,No Loan,0,986600,542100,No,3158.64,3367.49,0.0,259.35,1951.26,1437.18,1094.7,567.15,6785.48,5050.28,1735.21,25.57,Low Profitability
C00344,41,Male,West,Salaried,402000,Mass,Savings,1,Education Loan,694443,273900,291300,No,46135.06,2247.11,11068.52,2322.69,961.89,433.28,661.38,915.86,61773.38,2972.4,58800.99,95.19,Highly Profitable
C00345,50,Female,South,Salaried,491000,Mass,Savings,4,No Loan,0,160100,82600,No,776.11,7859.08,0.0,455.42,3267.81,880.51,1291.72,1647.76,9090.61,7087.8,2002.82,22.03,Low Profitability
C00346,53,Male,North,Self-Employed,249000,Mass,Salary,3,Home Loan,2061216,421700,369900,No,93865.75,6100.88,33316.38,579.47,1840.25,1738.31,1663.22,4138.34,133862.48,9380.12,124482.36,92.99,Highly Profitable
C00347,48,Female,East,Business Owner,364000,Mass,Current,2,No Loan,0,603700,409500,Yes,3530.82,6890.65,0.0,1849.16,1759.42,1401.32,1027.86,1132.15,12270.63,5320.74,6949.89,56.64,Low Profitability
C00348,67,Male,South,Salaried,382000,Mass,Salary,1,Home Loan,1960067,469900,363900,Yes,90069.31,3602.58,31525.71,1282.38,1950.14,1969.34,1579.34,3571.89,126479.98,9070.71,117409.26,92.83,Highly Profitable
C00349,53,Male,South,Self-Employed,1114000,Affluent,Savings,4,Personal Loan,728622,789500,275000,No,84143.04,5206.95,8636.37,1967.23,2421.84,845.26,1697.44,2377.18,99953.59,7341.73,92611.86,92.65,Highly Profitable
C00350,25,Male,West,Professional,1114000,Affluent,Savings,2,Personal Loan,838203,374000,287700,No,94000.47,4725.03,20362.35,494.66,1983.74,1958.34,800.71,1819.05,119582.52,6561.83,113020.69,94.51,Highly Profitable
C00351,68,Male,West,Retired,2258000,Premium,Savings,1,Auto Loan,748544,3839000,2798600,No,74272.22,1168.12,7451.26,2155.98,995.89,1106.52,1526.96,2151.44,85047.58,5780.81,79266.77,93.2,Highly Profitable
C00352,39,Male,North,Salaried,799000,Mass,Savings,2,No Loan,0,1333200,1148000,No,4906.44,2090.88,0.0,830.03,1735.76,2144.16,1444.34,622.88,7827.35,5947.15,1880.2,24.02,Low Profitability
C00353,24,Female,West,Salaried,536000,Mass,Savings,2,No Loan,0,737700,364800,No,1600.36,3486.46,0.0,1351.23,1910.73,1910.31,1090.23,1161.52,6438.05,6072.79,365.26,5.67,Low Profitability
C00354,55,Female,West,Retired,705000,Mass,Current,2,Personal Loan,722082,1192100,1141400,Yes,85348.74,6758.71,9089.67,372.51,2831.4,2051.26,288.13,2234.63,101569.63,7405.42,94164.21,92.71,Highly Profitable
C00355,69,Male,East,Salaried,638000,Mass,Savings,5,No Loan,0,242800,255800,Yes,1411.91,6364.39,0.0,942.57,3151.82,1888.08,1485.22,1241.25,8718.88,7766.38,952.5,10.92,Low Profitability
C00356,37,Male,North,Business Owner,495000,Mass,Savings,4,No Loan,0,163500,163500,No,657.29,6790.56,0.0,965.03,3108.91,1713.83,284.29,758.72,8412.88,5865.75,2547.13,30.28,Low Profitability
C00357,64,Male,West,Business Owner,835000,Mass,Savings,4,No Loan,0,389800,227100,No,2266.81,7813.86,0.0,2420.45,3132.11,1817.3,1747.62,662.69,12501.12,7359.72,5141.4,41.13,Low Profitability
C00358,48,Male,West,Salaried,779000,Mass,Savings,2,No Loan,0,393800,353600,Yes,1630.18,4854.78,0.0,2094.45,2607.79,1360.4,930.66,1782.02,8579.4,6680.88,1898.53,22.13,Low Profitability
C00359,50,Female,West,Business Owner,669000,Mass,Savings,5,Education Loan,348391,1013400,567800,Yes,25350.66,10180.16,3919.71,238.71,3409.66,1043.86,242.85,1036.49,39689.24,5732.86,33956.38,85.56,Highly Profitable
C00360,49,Female,East,Business Owner,595000,Mass,Savings,3,Personal Loan,295745,994200,977900,Yes,35472.66,6707.46,6853.32,785.56,3520.71,1072.29,568.87,1079.94,49818.99,6241.8,43577.19,87.47,Highly Profitable
C00361,66,Male,West,Self-Employed,991000,Affluent,Savings,4,Personal Loan,164960,501200,285200,Yes,20881.59,7892.04,2341.57,596.14,3839.38,1114.23,567.26,1152.59,31711.33,6673.46,25037.87,78.96,Profitable
C00362,26,Male,West,Salaried,516000,Mass,Salary,3,Home Loan,1368295,471300,192400,No,63687.58,6088.63,19846.03,865.37,1491.13,1259.34,1581.72,3879.67,90487.61,8211.87,82275.74,90.92,Highly Profitable
C00363,55,Male,South,Retired,561000,Mass,Savings,1,Home Loan,1319651,504800,336000,Yes,61230.64,2286.93,28501.39,131.48,1804.61,1587.6,318.37,2039.61,92150.43,5750.19,86400.25,93.76,Highly Profitable
C00364,61,Female,West,Salaried,909000,Affluent,Salary,4,Personal Loan,921458,403100,147100,No,103455.51,5106.66,15759.53,1977.06,3447.47,995.67,475.99,1866.74,126298.76,6785.88,119512.88,94.63,Highly Profitable
C00365,57,Male,West,Business Owner,1221000,Affluent,Savings,3,No Loan,0,1902300,1424600,No,8687.49,3740.11,0.0,432.13,2004.44,1595.19,787.27,752.19,12859.73,5139.09,7720.64,60.04,Low Profitability
C00366,44,Female,West,Professional,1161000,Affluent,Current,5,No Loan,0,1175100,869700,No,6450.29,9553.78,0.0,586.54,3642.37,939.1,483.66,1433.27,16590.61,6498.4,10092.21,60.83,Profitable
C00367,49,Female,West,Self-Employed,607000,Mass,Savings,2,No Loan,0,658200,439100,No,3872.7,4743.6,0.0,1674.59,1851.25,1387.13,507.12,1714.2,10290.89,5459.71,4831.18,46.95,Low Profitability
C00368,69,Male,West,Professional,349000,Mass,Savings,5,Auto Loan,837583,201200,153500,No,63745.24,6325.98,15243.21,1613.04,2853.96,1552.11,540.86,2452.89,86927.47,7399.81,79527.66,91.49,Highly Profitable
C00369,66,Female,West,Retired,597000,Mass,Savings,2,Home Loan,3521005,640300,690900,No,162212.04,2449.43,58820.52,2082.75,1608.12,1044.67,427.97,6821.98,225564.74,9902.74,215662.01,95.61,Highly Profitable
C00370,51,Male,South,Salaried,729000,Mass,Savings,2,Home Loan,2623880,1062700,611900,Yes,122199.51,4915.13,51116.56,429.0,2674.68,1333.48,1189.71,2835.67,178660.21,8033.54,170626.68,95.5,Highly Profitable
C00371,55,Female,West,Salaried,379000,Mass,Salary,3,No Loan,0,247500,150800,No,1326.59,2446.62,0.0,628.19,1685.04,331.02,313.32,620.77,4401.4,2950.15,1451.24,32.97,Low Profitability
C00372,53,Male,South,Retired,591000,Mass,Current,3,Personal Loan,524397,199100,96200,Yes,58803.76,7447.08,10382.9,2202.92,2975.79,1204.41,770.61,1175.88,78836.66,6126.68,72709.98,92.23,Highly Profitable
C00373,41,Male,South,Salaried,1360000,Affluent,Savings,3,Personal Loan,271965,1514600,616100,No,33219.02,4334.34,2352.77,1698.72,1903.3,1860.48,1274.89,1176.1,41604.85,6214.77,35390.08,85.06,Highly Profitable
C00374,52,Female,North,Salaried,759000,Mass,Savings,3,No Loan,0,910100,451200,Yes,4969.48,8430.05,0.0,289.48,2670.44,867.99,696.55,1195.74,13689.0,5430.72,8258.28,60.33,Low Profitability
C00375,43,Female,West,Retired,520000,Mass,Savings,1,No Loan,0,251400,108300,No,913.78,2004.55,0.0,325.56,1040.23,804.94,750.05,798.57,3243.9,3393.78,-149.89,-4.62,Low Profitability
C00376,53,Female,West,Professional,711000,Mass,Current,3,Auto Loan,895069,397900,245700,No,68559.8,6442.93,16615.75,1380.18,2127.05,1767.58,1428.76,1196.97,92998.66,6520.37,86478.29,92.99,Highly Profitable
C00377,23,Male,South,Retired,733000,Mass,Current,2,Home Loan,4684786,295100,132300,Yes,212328.18,3995.72,43162.61,1901.56,2962.74,909.37,1456.92,6941.06,261388.07,12270.1,249117.98,95.31,Highly Profitable
C00378,38,Female,South,Salaried,570000,Mass,Savings,3,No Loan,0,952100,656700,Yes,2842.34,6290.28,0.0,1644.04,3700.3,1039.18,1384.71,880.91,10776.67,7005.1,3771.57,35.0,Low Profitability
C00379,45,Male,South,Salaried,1071000,Affluent,Savings,2,No Loan,0,537100,265000,No,1141.94,2553.94,0.0,1727.14,2025.92,1860.46,732.69,1210.12,5423.02,5829.2,-406.19,-7.49,Low Profitability
C00380,62,Female,West,Salaried,256000,Mass,Savings,2,No Loan,0,42900,26200,No,132.33,4031.35,0.0,1472.78,1420.02,422.14,1048.96,1493.86,5636.45,4384.98,1251.47,22.2,Low Profitability
C00381,51,Male,East,Business Owner,907000,Affluent,Savings,5,Home Loan,3905168,1393400,501400,Yes,182133.51,6048.25,91786.8,2215.26,4692.56,2076.17,1597.72,7195.11,282183.81,15561.55,266622.26,94.49,Highly Profitable
C00382,23,Female,West,Business Owner,511000,Mass,Savings,1,Home Loan,3772107,753900,293500,No,174127.78,1852.69,92720.55,2252.6,1104.57,675.23,883.06,7720.29,270953.61,10383.15,260570.46,96.17,Highly Profitable
C00383,60,Female,North,Salaried,1244000,Affluent,Current,3,Personal Loan,751109,1123700,867500,No,86648.08,6827.33,13715.31,1553.38,2749.07,710.57,636.62,2642.01,108744.1,6738.26,102005.83,93.8,Highly Profitable
C00384,66,Female,North,Salaried,347000,Mass,Current,1,Education Loan,551454,508500,371500,Yes,38483.71,2639.38,11105.82,1855.09,1521.97,1770.1,246.05,1535.05,54084.0,5073.17,49010.83,90.62,Highly Profitable
C00385,44,Male,West,Business Owner,1173000,Affluent,Savings,1,Auto Loan,387058,1046200,413800,Yes,31960.96,2390.38,4635.02,1209.89,1932.65,530.69,1113.14,1619.88,40196.25,5196.36,34999.88,87.07,Highly Profitable
C00386,70,Male,North,Self-Employed,453000,Mass,Salary,3,Auto Loan,720335,235800,118000,No,55300.25,3460.54,10348.78,746.4,1462.45,567.52,544.06,2821.97,69855.96,5395.99,64459.97,92.28,Highly Profitable
C00387,52,Female,South,Salaried,836000,Mass,Savings,2,No Loan,0,713100,312500,No,3609.52,4993.53,0.0,1627.0,2030.24,473.64,1366.99,1467.68,10230.05,5338.56,4891.49,47.81,Low Profitability
C00388,67,Male,South,Retired,542000,Mass,Savings,3,Personal Loan,700104,516700,479400,Yes,78971.06,9101.05,15097.92,2056.31,2867.38,1449.46,334.7,1468.28,105226.35,6119.82,99106.52,94.18,Highly Profitable
C00389,42,Female,East,Salaried,1301000,Affluent,Salary,4,Personal Loan,673592,214500,120100,Yes,75291.92,5158.59,13285.07,730.19,2789.33,1899.22,862.21,1296.54,94465.77,6847.3,87618.46,92.75,Highly Profitable
C00390,43,Male,North,Professional,630000,Mass,Savings,4,Personal Loan,547021,212300,126300,No,60629.07,4524.44,6775.07,1602.23,1959.15,642.02,734.82,1657.98,73530.81,4993.98,68536.83,93.21,Highly Profitable
C00391,22,Male,South,Professional,470000,Mass,Savings,4,Auto Loan,895157,748900,610500,No,70988.82,3356.15,14619.49,1594.12,2862.29,1050.57,647.41,2156.17,90558.58,6716.44,83842.14,92.58,Highly Profitable
C00392,47,Female,West,Self-Employed,1511000,Affluent,Savings,3,No Loan,0,1205000,634700,Yes,2579.68,6650.82,0.0,2305.16,2757.07,1592.16,1781.93,716.41,11535.65,6847.57,4688.09,40.64,Low Profitability
C00393,62,Female,North,Salaried,600000,Mass,Salary,3,Auto Loan,151660,418200,238800,Yes,13657.87,6497.37,2931.76,1922.28,2503.45,879.82,358.36,1173.46,25009.28,4915.08,20094.2,80.35,Profitable
C00394,22,Male,West,Salaried,933000,Affluent,Savings,3,Personal Loan,408836,1507500,1399300,Yes,49052.94,6449.28,5499.07,2047.14,3113.67,669.23,203.92,1825.98,63048.43,5812.8,57235.62,90.78,Highly Profitable
C00395,46,Male,North,Professional,1173000,Affluent,Current,4,No Loan,0,475100,439600,Yes,1022.95,5902.4,0.0,1470.25,2560.59,2021.85,223.82,1711.03,8395.6,6517.29,1878.31,22.37,Low Profitability
C00396,37,Male,West,Salaried,432000,Mass,Savings,3,Personal Loan,663529,219500,167700,No,73698.3,3436.82,7047.95,1846.47,1572.59,1635.0,365.05,1832.27,86029.55,5404.91,80624.64,93.72,Highly Profitable
C00397,60,Female,North,Professional,883000,Mass,Savings,1,No Loan,0,1338700,970700,Yes,3634.51,2325.56,0.0,687.55,1856.33,2058.02,1557.6,830.3,6647.62,6302.25,345.37,5.2,Low Profitability
C00398,53,Male,North,Retired,951000,Affluent,Savings,1,No Loan,0,581500,234800,No,2679.15,1875.52,0.0,1491.2,1157.52,1784.12,461.09,1391.08,6045.87,4793.81,1252.06,20.71,Low Profitability
C00399,29,Female,East,Retired,299000,Mass,Savings,2,Auto Loan,740104,357300,233000,No,56897.5,2434.7,11955.79,1689.52,1244.71,961.0,1116.91,1806.64,72977.52,5129.27,67848.25,92.97,Highly Profitable
C00400,63,Female,North,Self-Employed,836000,Mass,Salary,1,Home Loan,3265058,1145600,553600,No,149813.34,950.82,78889.88,2101.12,971.61,348.37,1218.17,3008.08,231755.17,5546.23,226208.94,97.61,Highly Profitable
C00401,68,Male,East,Professional,576000,Mass,Salary,2,No Loan,0,298100,259400,No,1688.6,2805.34,0.0,497.68,2064.41,1187.43,1427.15,727.08,4991.63,5406.06,-414.43,-8.3,Low Profitability
C00402,59,Female,South,Retired,1706000,Affluent,Savings,3,Education Loan,685945,969200,759600,No,47950.69,3157.19,7700.35,884.22,1523.13,997.7,408.92,2470.46,59692.45,5400.22,54292.23,90.95,Highly Profitable
C00403,49,Male,North,Salaried,1127000,Affluent,Savings,1,No Loan,0,1129100,644700,Yes,3535.62,2295.57,0.0,1999.44,1804.82,1259.63,406.06,1107.0,7830.64,4577.5,3253.14,41.54,Low Profitability
C00404,62,Male,South,Salaried,891000,Mass,Savings,3,No Loan,0,1298300,915100,Yes,6221.74,3799.76,0.0,1142.16,2512.11,323.37,696.96,659.09,11163.67,4191.53,6972.14,62.45,Low Profitability
C00405,46,Female,West,Salaried,228000,Mass,Current,4,No Loan,0,242800,147600,Yes,867.77,10576.82,0.0,1262.66,3507.31,1313.53,364.95,854.94,12707.25,6040.73,6666.52,52.46,Low Profitability
C00406,55,Male,South,Salaried,894000,Mass,Savings,1,No Loan,0,233400,87400,No,602.64,1370.46,0.0,1586.29,1346.2,1084.75,643.63,1099.14,3559.39,4173.72,-614.33,-17.26,Low Profitability
C00407,70,Male,North,Professional,461000,Mass,Current,2,No Loan,0,336000,307000,Yes,1454.71,4152.57,0.0,1845.3,2296.34,1592.6,1150.96,902.32,7452.59,5942.22,1510.37,20.27,Low Profitability
C00408,45,Male,East,Self-Employed,1132000,Affluent,Savings,1,Auto Loan,279717,787400,798000,No,22649.2,1814.28,6782.67,791.89,1300.25,811.36,885.99,1201.48,32038.04,4199.08,27838.95,86.89,Profitable
C00409,44,Male,South,Professional,641000,Mass,Current,3,Education Loan,281272,950300,989100,No,22567.3,6738.22,3280.54,2173.41,2028.68,1855.94,675.18,2125.72,34759.47,6685.53,28073.94,80.77,Profitable
C00410,33,Female,South,Professional,526000,Mass,Salary,3,Auto Loan,849571,330300,304100,Yes,65524.64,8961.15,13072.52,974.03,3404.6,2066.69,737.56,2784.36,88532.34,8993.21,79539.13,89.84,Highly Profitable
C00411,27,Female,South,Business Owner,551000,Mass,Savings,3,Home Loan,2999436,902000,855400,Yes,137723.98,6005.46,24047.94,726.09,2116.41,614.6,573.97,3537.51,168503.47,6842.5,161660.98,95.94,Highly Profitable
C00412,56,Female,West,Business Owner,571000,Mass,Salary,2,Home Loan,4092118,401300,119300,No,186316.05,3040.02,93028.22,1778.94,1264.91,1528.34,916.55,5884.19,284163.24,9594.0,274569.24,96.62,Highly Profitable
C00413,65,Female,West,Salaried,334000,Mass,Salary,3,Personal Loan,818971,157100,143700,No,90554.99,3169.91,8749.21,963.67,2623.92,1503.8,934.52,1895.46,103437.78,6957.7,96480.07,93.27,Highly Profitable
C00414,40,Male,North,Professional,359000,Mass,Current,4,Personal Loan,337967,373700,189800,Yes,38226.41,5665.99,8206.14,1315.25,3461.24,946.33,1633.67,2208.65,53413.79,8249.9,45163.9,84.55,Highly Profitable
C00415,21,Male,North,Salaried,582000,Mass,Savings,1,Home Loan,2355942,458300,168300,Yes,108245.43,3235.96,39160.86,892.72,1905.56,516.08,1268.81,5303.26,151534.97,8993.71,142541.26,94.06,Highly Profitable
C00416,28,Male,West,Self-Employed,1646000,Affluent,Savings,4,Education Loan,319924,2005700,1391200,Yes,25332.03,8213.89,7965.2,2148.35,2537.76,1570.58,1208.92,1050.1,43659.48,6367.37,37292.11,85.42,Highly Profitable
C00417,66,Male,East,Salaried,1037000,Affluent,Salary,3,No Loan,0,1722400,1265700,Yes,3724.76,9074.78,0.0,1299.18,3438.51,1165.48,618.96,1549.39,14098.72,6772.35,7326.37,51.96,Low Profitability
C00418,36,Male,North,Retired,1089000,Affluent,Current,2,No Loan,0,1853800,1227400,No,7088.81,3399.1,0.0,257.0,1353.53,663.37,745.63,1096.54,10744.9,3859.07,6885.83,64.08,Low Profitability
C00419,34,Male,East,Retired,1352000,Affluent,Salary,3,No Loan,0,710000,571500,Yes,1516.82,5125.84,0.0,236.1,2557.1,408.77,1595.77,1605.23,6878.77,6166.88,711.89,10.35,Low Profitability
C00420,32,Male,South,Self-Employed,817000,Mass,Savings,1,Personal Loan,492038,341300,292500,Yes,55484.85,3044.41,10927.23,975.59,2471.7,2097.5,1105.77,2294.62,70432.09,7969.58,62462.5,88.68,Highly Profitable
C00421,43,Male,North,Self-Employed,545000,Mass,Savings,2,Home Loan,3447212,927000,339800,Yes,159386.62,5366.38,48812.77,1078.24,2919.02,1076.73,488.29,6332.02,214644.01,10816.05,203827.96,94.96,Highly Profitable
C00422,35,Female,East,Business Owner,558000,Mass,Salary,1,Personal Loan,657384,831700,644100,No,74734.85,2313.38,14795.47,189.72,1338.94,1722.59,1362.23,1252.12,92033.42,5675.88,86357.54,93.83,Highly Profitable
C00423,48,Female,North,Salaried,444000,Mass,Savings,1,No Loan,0,258300,76500,Yes,1445.32,2798.51,0.0,2145.86,2333.16,559.43,302.77,501.1,6389.68,3696.46,2693.23,42.15,Low Profitability
C00424,54,Female,East,Salaried,1093000,Affluent,Salary,2,Personal Loan,388491,1615600,1020200,Yes,47259.49,4296.51,5015.56,1315.8,1814.51,1485.96,1629.6,1602.45,57887.37,6532.51,51354.86,88.72,Highly Profitable
C00425,22,Female,North,Business Owner,418000,Mass,Savings,3,Personal Loan,147486,573800,192200,Yes,17916.16,5642.25,3503.7,1414.85,3057.48,347.56,1073.8,1133.57,28476.96,5612.42,22864.54,80.29,Profitable
C00426,52,Female,North,Salaried,2210000,Premium,Savings,5,Personal Loan,167148,1256100,794100,Yes,25486.06,11986.08,1878.84,1664.33,3989.26,1102.47,1768.76,1212.07,41015.31,8072.56,32942.74,80.32,Highly Profitable
C00427,43,Female,North,Self-Employed,426000,Mass,Savings,3,Auto Loan,687355,700600,279600,No,54879.59,6604.48,15157.14,622.2,2666.64,766.4,642.25,1736.5,77263.41,5811.8,71451.61,92.48,Highly Profitable
C00428,42,Male,North,Self-Employed,1372000,Affluent,Salary,2,No Loan,0,934300,816800,Yes,3844.22,6336.89,0.0,1355.03,2693.22,937.23,376.63,1119.11,11536.14,5126.19,6409.95,55.56,Low Profitability
C00429,45,Female,North,Salaried,1376000,Affluent,Salary,5,No Loan,0,1296600,1315600,Yes,4305.51,12960.55,0.0,634.86,4309.69,1485.92,983.84,1249.32,17900.92,8028.77,9872.15,55.15,Low Profitability
C00430,42,Female,North,Salaried,987000,Affluent,Salary,2,No Loan,0,1140300,449400,No,5788.53,2722.47,0.0,1096.7,2063.85,974.18,1076.24,1355.98,9607.69,5470.25,4137.44,43.06,Low Profitability
C00431,42,Female,West,Salaried,1707000,Affluent,Savings,2,No Loan,0,794800,696400,No,3460.05,3613.59,0.0,1604.41,2067.77,769.69,1404.93,712.68,8678.05,4955.07,3722.98,42.9,Low Profitability
C00432,69,Female,East,Salaried,628000,Mass,Savings,3,No Loan,0,727600,272300,Yes,2450.35,8924.62,0.0,666.06,3548.21,1657.85,1161.57,788.66,12041.03,7156.29,4884.74,40.57,Low Profitability
C00433,62,Male,North,Self-Employed,751000,Mass,Current,3,No Loan,0,987800,611100,Yes,5239.18,7273.18,0.0,2220.59,3024.08,1329.77,843.4,1093.84,14732.95,6291.08,8441.87,57.3,Low Profitability
C00434,26,Female,North,Business Owner,792000,Mass,Savings,2,Home Loan,1597460,251500,196600,No,73188.05,2965.97,22559.55,804.87,1715.22,1491.87,497.95,3633.24,99518.45,7338.29,92180.16,92.63,Highly Profitable
C00435,35,Female,South,Retired,968000,Affluent,Salary,3,No Loan,0,751100,531100,Yes,4328.91,7236.63,0.0,828.99,3479.59,1026.53,1620.92,1533.15,12394.53,7660.19,4734.35,38.2,Low Profitability
C00436,63,Male,South,Salaried,257000,Mass,Salary,2,Auto Loan,381887,298100,89000,No,30424.02,2588.27,6280.85,2310.73,1823.91,785.59,700.25,1323.12,41603.87,4632.87,36971.0,88.86,Highly Profitable
C00437,57,Female,East,Professional,660000,Mass,Savings,3,No Loan,0,1107700,618400,Yes,2266.49,7173.47,0.0,1034.07,2323.68,774.34,541.5,1195.97,10474.03,4835.5,5638.53,53.83,Low Profitability
C00438,53,Male,North,Salaried,1122000,Affluent,Current,3,No Loan,0,1817800,1180900,Yes,5963.26,6428.83,0.0,427.7,2422.83,2185.34,622.8,1229.04,12819.8,6460.02,6359.77,49.61,Low Profitability
C00439,28,Female,West,Self-Employed,571000,Mass,Salary,4,No Loan,0,245500,143000,No,680.18,7214.66,0.0,1126.15,2000.86,1565.4,1073.94,1444.03,9020.98,6084.23,2936.75,32.55,Low Profitability
C00440,64,Female,North,Self-Employed,2057000,Premium,Salary,5,Education Loan,319342,2380600,1941800,Yes,27552.48,11098.0,4256.74,913.71,4157.17,489.91,221.92,1860.04,43820.93,6729.04,37091.89,84.64,Highly Profitable
C00441,64,Male,North,Self-Employed,751000,Mass,Savings,3,Personal Loan,198665,234100,235300,Yes,23131.16,8528.52,2405.52,1288.33,2982.89,1522.22,1440.85,1549.2,35353.53,7495.16,27858.36,78.8,Profitable
C00442,25,Female,East,Business Owner,929000,Affluent,Salary,2,Personal Loan,331797,589800,482200,No,39977.32,4388.18,6690.29,1570.41,1271.47,496.17,1467.53,1069.94,52626.21,4305.1,48321.11,91.82,Highly Profitable
C00443,59,Male,North,Salaried,1643000,Affluent,Savings,3,No Loan,0,1865600,1401900,Yes,10746.36,3991.57,0.0,891.21,3226.08,869.21,1601.1,1477.11,15629.14,7173.5,8455.64,54.1,Low Profitability
C00444,24,Female,East,Salaried,752000,Mass,Savings,2,Home Loan,3263960,213800,80500,No,147901.42,3785.32,56368.99,1806.92,1696.29,1906.46,1507.29,7728.3,209862.65,12838.34,197024.31,93.88,Highly Profitable
C00445,26,Male,North,Professional,1628000,Affluent,Savings,5,Home Loan,1237663,2631900,1438400,Yes,66801.0,6397.95,21293.76,826.67,3516.57,2037.28,341.02,2314.72,95319.38,8209.59,87109.8,91.39,Highly Profitable
C00446,65,Female,East,Salaried,965000,Affluent,Savings,4,No Loan,0,1464700,1048800,Yes,6667.33,5604.92,0.0,2112.78,4358.88,1934.03,1047.6,1607.9,14385.02,8948.41,5436.61,37.79,Low Profitability
C00447,52,Male,West,Salaried,966000,Affluent,Savings,2,Home Loan,1482877,899400,938900,Yes,71606.65,4363.7,23741.98,2409.04,2245.79,1353.31,468.78,2673.79,102121.37,6741.66,95379.71,93.4,Highly Profitable
C00448,50,Female,East,Salaried,429000,Mass,Savings,4,No Loan,0,412400,209900,Yes,836.41,8712.09,0.0,132.83,3575.74,1160.92,366.93,601.9,9681.32,5705.48,3975.84,41.07,Low Profitability
C00449,67,Male,East,Salaried,1286000,Affluent,Salary,2,No Loan,0,2063100,1108400,No,7660.33,1953.96,0.0,379.47,1597.85,766.83,205.9,897.2,9993.77,3467.79,6525.98,65.3,Low Profitability
C00450,55,Female,East,Self-Employed,501000,Mass,Savings,1,Home Loan,4874823,116800,87700,No,219837.31,1670.08,45797.56,1324.14,1201.87,1816.46,248.92,4274.23,268629.09,7541.49,261087.6,97.19,Highly Profitable
C00451,60,Female,West,Self-Employed,632000,Mass,Savings,3,Education Loan,477168,244800,248400,Yes,32409.77,4515.02,5385.62,1595.23,2262.33,1483.32,763.5,1774.47,43905.64,6283.62,37622.02,85.69,Highly Profitable
C00452,36,Female,West,Salaried,1399000,Affluent,Savings,2,Home Loan,3813250,920800,655400,Yes,174071.64,5543.11,72312.11,2285.4,2139.78,1306.06,229.21,3571.2,254212.25,7246.25,246966.0,97.15,Highly Profitable
C00453,33,Female,South,Salaried,572000,Mass,Savings,5,No Loan,0,429700,171100,No,2138.8,11072.9,0.0,1613.19,2989.83,792.08,885.38,719.56,14824.89,5386.85,9438.05,63.66,Low Profitability
C00454,70,Female,West,Professional,848000,Mass,Savings,2,No Loan,0,1508800,474000,Yes,8594.21,4274.11,0.0,2174.31,2590.97,889.57,412.13,1454.46,15042.63,5347.13,9695.5,64.45,Low Profitability
C00455,62,Male,West,Professional,680000,Mass,Savings,4,Education Loan,418475,267500,269000,No,28553.37,5914.92,7429.56,1353.63,2634.91,765.86,1518.83,981.13,43251.48,5900.73,37350.74,86.36,Highly Profitable
C00456,50,Male,West,Retired,693000,Mass,Salary,3,No Loan,0,450500,369200,No,919.54,3591.91,0.0,1755.12,2694.59,1511.88,811.3,575.78,6266.57,5593.55,673.02,10.74,Low Profitability
C00457,39,Male,North,Retired,645000,Mass,Current,4,Home Loan,1717929,977900,427800,Yes,81842.09,9224.24,29560.16,2316.43,3486.66,1461.75,1223.29,2659.07,122942.92,8830.76,114112.15,92.82,Highly Profitable
C00458,37,Female,North,Retired,396000,Mass,Savings,2,Home Loan,3845256,571900,495200,Yes,174659.64,6728.27,46855.79,1725.93,1951.91,625.61,956.1,2923.69,229969.64,6457.31,223512.33,97.19,Highly Profitable
C00459,39,Female,West,Professional,945000,Affluent,Savings,3,Personal Loan,730619,1162800,1001900,No,85508.25,3406.09,6415.54,1258.38,2054.06,930.69,931.95,1815.35,96588.26,5732.06,90856.2,94.07,Highly Profitable
C00460,48,Male,West,Business Owner,992000,Affluent,Savings,4,No Loan,0,686600,622300,No,2941.84,7798.87,0.0,1522.91,2693.53,332.33,958.18,1202.59,12263.62,5186.63,7076.99,57.71,Low Profitability
C00461,46,Female,North,Salaried,508000,Mass,Savings,3,No Loan,0,174900,176400,No,1019.35,2874.78,0.0,1132.7,1472.22,637.67,646.89,1168.85,5026.83,3925.63,1101.2,21.91,Low Profitability
C00462,57,Female,North,Business Owner,549000,Mass,Savings,2,Personal Loan,450267,973300,369100,Yes,52216.8,5382.8,9222.62,460.12,1951.38,1304.4,397.91,1917.28,67282.34,5570.95,61711.39,91.72,Highly Profitable
C00463,46,Female,West,Salaried,1157000,Affluent,Current,3,Education Loan,426521,653500,694800,No,29162.89,5847.98,8708.09,1948.37,2798.09,1017.3,1614.79,1325.97,45667.34,6756.14,38911.19,85.21,Highly Profitable
C00464,43,Male,North,Professional,605000,Mass,Savings,5,No Loan,0,933900,1026100,No,4151.28,9702.61,0.0,1094.69,3470.03,1415.77,1406.63,1284.25,14948.58,7576.68,7371.9,49.32,Low Profitability
C00465,29,Male,East,Self-Employed,737000,Mass,Salary,4,Personal Loan,393960,1198900,314500,Yes,47382.78,10698.43,5808.72,327.46,4076.62,1100.23,601.24,1766.83,64217.4,7544.92,56672.48,88.25,Highly Profitable
C00466,32,Male,East,Business Owner,431000,Mass,Savings,3,Home Loan,4545721,378200,123900,No,206448.77,4528.61,43541.93,1789.55,2219.08,477.86,226.67,6654.68,256308.85,9578.3,246730.55,96.26,Highly Profitable
C00467,21,Female,East,Salaried,676000,Mass,Savings,4,Personal Loan,977204,1050400,650000,Yes,113766.33,10510.62,19692.89,1933.71,3848.08,1566.54,1046.04,3395.86,145903.56,9856.52,136047.04,93.24,Highly Profitable
C00468,21,Male,East,Self-Employed,432000,Mass,Current,2,Personal Loan,514842,263700,73600,Yes,57583.38,5278.87,4279.32,352.66,2632.53,2095.14,343.35,1835.81,67494.23,6906.83,60587.4,89.77,Highly Profitable
C00469,67,Male,North,Salaried,502000,Mass,Savings,5,Home Loan,3184055,812400,710600,Yes,145400.72,7459.27,49182.12,1194.09,4982.4,819.51,1337.7,4006.5,203236.21,11146.12,192090.09,94.52,Highly Profitable
C00470,54,Female,South,Salaried,460000,Mass,Savings,3,Auto Loan,848092,551700,443100,No,65933.12,4041.97,8982.31,1255.07,1580.54,694.42,690.05,2511.03,80212.47,5476.03,74736.44,93.17,Highly Profitable
C00471,52,Female,North,Salaried,1125000,Affluent,Savings,2,No Loan,0,529600,481700,Yes,1792.54,3614.12,0.0,662.82,2696.07,1892.32,1140.57,879.27,6069.48,6608.22,-538.74,-8.88,Low Profitability
C00472,68,Female,South,Salaried,337000,Mass,Savings,1,Auto Loan,881082,487900,536000,No,68607.85,2024.98,10253.42,2018.01,1317.9,814.89,903.39,2850.88,82904.26,5887.06,77017.2,92.9,Highly Profitable
C00473,45,Male,West,Self-Employed,811000,Mass,Savings,2,Personal Loan,567663,1344300,1402600,No,68004.79,2135.93,8465.75,1373.81,1202.16,1018.04,342.92,1673.83,79980.29,4236.95,75743.34,94.7,Highly Profitable
C00474,60,Male,South,Self-Employed,619000,Mass,Savings,3,Home Loan,4472451,675500,341000,Yes,205065.21,7267.56,36164.95,1473.58,1987.16,722.16,1765.2,7327.53,249971.31,11802.05,238169.26,95.28,Highly Profitable
C00475,65,Female,North,Professional,1509000,Affluent,Savings,3,No Loan,0,2119600,1244200,Yes,11345.55,8255.22,0.0,959.14,2279.9,1494.37,201.99,1314.93,20559.92,5291.19,15268.72,74.26,Profitable
C00476,21,Male,West,Self-Employed,1075000,Affluent,Current,4,Personal Loan,461917,1571000,1428900,Yes,59697.18,6014.55,9616.93,689.2,4001.16,1155.12,1692.64,1574.6,76017.86,8423.53,67594.33,88.92,Highly Profitable
C00477,36,Male,South,Salaried,354000,Mass,Savings,5,No Loan,0,513000,297500,Yes,1639.66,9775.67,0.0,2025.21,4324.49,1002.81,1317.17,1009.62,13440.54,7654.09,5786.46,43.05,Low Profitability
C00478,59,Male,West,Retired,514000,Mass,Savings,1,No Loan,0,462500,390300,No,2595.11,1940.57,0.0,1379.01,986.55,795.42,1077.07,523.32,5914.69,3382.37,2532.33,42.81,Low Profitability
C00479,25,Male,West,Self-Employed,695000,Mass,Savings,3,No Loan,0,952800,982200,Yes,5207.74,2980.03,0.0,678.13,2761.78,2113.78,1525.46,1176.19,8865.89,7577.21,1288.69,14.54,Low Profitability
C00480,42,Male,West,Self-Employed,514000,Mass,Salary,3,Auto Loan,781305,542300,322700,Yes,61042.59,5296.57,9251.89,1122.65,2177.94,462.32,245.75,1064.65,76713.7,3950.66,72763.04,94.85,Highly Profitable
C00481,49,Male,North,Self-Employed,1154000,Affluent,Salary,1,Home Loan,1646405,962700,699300,Yes,79519.54,2371.39,15549.15,1433.9,1648.99,821.32,419.39,3706.6,98873.99,6596.31,92277.68,93.33,Highly Profitable
C00482,23,Male,West,Professional,769000,Mass,Salary,3,Auto Loan,865359,325700,314400,Yes,65623.99,9563.83,15300.38,1432.38,2634.95,957.12,1159.23,2739.86,91920.58,7491.17,84429.41,91.85,Highly Profitable
C00483,32,Male,East,Salaried,629000,Mass,Savings,2,Personal Loan,825104,1037800,680800,Yes,96098.35,5009.22,18314.8,1438.56,2616.16,1853.53,1052.1,2093.29,120860.93,7615.08,113245.85,93.7,Highly Profitable
C00484,46,Female,North,Salaried,1201000,Affluent,Savings,1,Auto Loan,844613,1002400,497000,Yes,65934.22,2707.73,14967.23,505.86,2156.66,2108.29,1079.35,2262.33,84115.04,7606.62,76508.42,90.96,Highly Profitable
C00485,36,Female,North,Professional,366000,Mass,Current,1,Auto Loan,488992,199600,93700,Yes,37345.78,4408.69,9155.45,1431.67,2027.15,314.65,1565.93,1841.45,52341.59,5749.18,46592.41,89.02,Highly Profitable
C00486,57,Female,West,Salaried,605000,Mass,Savings,4,No Loan,0,332600,103500,Yes,1635.84,7206.67,0.0,929.8,2658.09,2123.75,1265.9,710.84,9772.31,6758.58,3013.72,30.84,Low Profitability
C00487,42,Male,South,Professional,802000,Mass,Savings,3,No Loan,0,440700,233900,Yes,1251.03,5767.18,0.0,1461.01,2782.22,2127.8,766.19,1196.54,8479.22,6872.75,1606.47,18.95,Low Profitability
C00488,49,Male,South,Self-Employed,648000,Mass,Savings,3,Personal Loan,453653,99800,83100,No,50193.73,7369.33,4765.19,1699.57,2772.79,2031.56,1171.96,2223.68,64027.82,8199.99,55827.83,87.19,Highly Profitable
C00489,34,Female,South,Self-Employed,180000,Mass,Savings,3,No Loan,0,157200,47200,Yes,447.74,8177.85,0.0,653.12,2976.37,2047.35,1314.43,1324.95,9278.7,7663.11,1615.59,17.41,Low Profitability
C00490,48,Female,South,Professional,843000,Mass,Current,1,Education Loan,513411,1365400,659700,No,38594.31,1993.0,6967.95,389.48,1361.97,1824.94,509.1,2447.55,47944.73,6143.56,41801.17,87.19,Highly Profitable
C00491,25,Male,East,Salaried,923000,Affluent,Savings,1,No Loan,0,176700,60900,Yes,410.64,3455.52,0.0,1550.56,2432.37,870.31,242.33,825.96,5416.72,4370.97,1045.75,19.31,Low Profitability
C00492,67,Male,East,Professional,401000,Mass,Savings,2,Personal Loan,646038,693100,411600,No,74908.17,2777.45,10896.8,1763.24,1702.93,1822.52,1006.09,1961.45,90345.66,6492.99,83852.67,92.81,Highly Profitable
C00493,69,Female,South,Retired,211000,Mass,Salary,2,Home Loan,2559660,94000,31000,Yes,115647.08,4783.5,38788.62,2178.22,2479.06,1229.28,1280.06,4276.2,161397.43,9264.6,152132.83,94.26,Highly Profitable
C00494,50,Male,West,Self-Employed,482000,Mass,Savings,5,No Loan,0,644000,569400,No,2610.8,7792.8,0.0,690.4,2529.37,1326.97,1589.93,1479.02,11094.01,6925.29,4168.71,37.58,Low Profitability
C00495,66,Male,South,Retired,626000,Mass,Savings,3,No Loan,0,905100,940200,No,2115.07,4779.61,0.0,397.46,2218.24,343.57,1131.32,1329.34,7292.14,5022.47,2269.67,31.12,Low Profitability
C00496,25,Female,North,Salaried,659000,Mass,Salary,2,No Loan,0,898200,371400,No,2243.08,2353.45,0.0,2436.3,1701.36,1202.79,1139.44,1243.75,7032.84,5287.35,1745.49,24.82,Low Profitability
C00497,32,Male,South,Professional,237000,Mass,Savings,1,Personal Loan,323938,168200,77900,No,36035.83,2145.17,5137.95,196.03,1201.84,814.66,1010.39,1029.22,43514.97,4056.11,39458.86,90.68,Highly Profitable
C00498,36,Male,South,Salaried,783000,Mass,Salary,3,No Loan,0,1026700,396400,No,2113.97,6434.49,0.0,1098.83,1945.25,941.08,1679.43,1615.75,9647.3,6181.51,3465.78,35.92,Low Profitability
C00499,46,Male,South,Salaried,1233000,Affluent,Savings,3,Home Loan,2539539,1147200,469600,No,119634.8,3934.71,59612.73,1284.16,2405.34,1203.37,1574.81,6362.41,184466.39,11545.93,172920.46,93.74,Highly Profitable
C00500,46,Female,South,Salaried,1185000,Affluent,Current,3,Personal Loan,809120,475300,244700,No,90923.7,3874.52,13961.9,1805.79,2001.04,1607.01,1013.02,2528.81,110565.9,7149.88,103416.02,93.53,Highly Profitable
C00501,68,Male,West,Salaried,1371000,Affluent,Salary,2,Personal Loan,823576,660200,322800,No,92922.71,2545.37,18967.92,2047.04,1516.13,444.12,1282.74,3106.74,116483.05,6349.73,110133.32,94.55,Highly Profitable
C00502,41,Male,West,Salaried,359000,Mass,Savings,3,No Loan,0,69300,40000,Yes,234.94,5181.1,0.0,1438.27,2566.05,1448.59,1243.79,1590.27,6854.31,6848.71,5.61,0.08,Low Profitability
C00503,59,Male,West,Retired,1135000,Affluent,Savings,2,No Loan,0,791900,551300,Yes,3045.29,5116.42,0.0,169.29,2807.8,870.7,596.56,1565.04,8330.99,5840.1,2490.89,29.9,Low Profitability
C00504,56,Female,East,Professional,419000,Mass,Savings,4,Home Loan,3369086,566100,491600,No,153816.57,5005.96,75451.53,2495.55,2971.15,1871.55,579.96,7366.69,236769.62,12789.35,223980.27,94.6,Highly Profitable
C00505,53,Male,South,Salaried,1080000,Affluent,Savings,1,No Loan,0,1888800,1892200,Yes,4828.36,3091.27,0.0,1635.49,2241.5,1998.71,1798.53,582.93,9555.11,6621.66,2933.45,30.7,Low Profitability
C00506,50,Female,South,Salaried,467000,Mass,Salary,2,Auto Loan,177288,173000,110800,Yes,14010.42,4335.91,3659.31,2095.79,2490.51,489.32,1516.31,937.83,24101.42,5433.97,18667.45,77.45,Profitable
C00507,57,Male,South,Professional,850000,Mass,Savings,3,No Loan,0,623000,637100,Yes,1365.68,8074.58,0.0,1094.96,3066.56,1962.04,1393.91,1595.83,10535.23,8018.34,2516.89,23.89,Low Profitability
C00508,43,Female,South,Salaried,1629000,Affluent,Savings,2,Personal Loan,653888,732200,606100,No,76141.19,2100.84,13348.06,225.35,1974.16,1328.27,1679.4,1492.44,91815.44,6474.27,85341.17,92.95,Highly Profitable
C00509,30,Female,East,Salaried,1169000,Affluent,Salary,3,Home Loan,1189484,1643000,1428700,Yes,61506.62,4832.63,20183.77,298.43,2217.02,611.32,1366.45,3506.07,86821.45,7700.85,79120.59,91.13,Highly Profitable
C00510,25,Male,South,Self-Employed,422000,Mass,Savings,1,Personal Loan,403130,703600,488200,No,45778.12,2213.6,9584.48,1950.63,1382.76,317.99,1485.53,1256.57,59526.83,4442.85,55083.98,92.54,Highly Profitable
C00511,56,Male,South,Salaried,374000,Mass,Salary,1,Education Loan,133459,126500,87900,Yes,9073.98,2135.83,2225.04,610.06,1814.97,1448.59,661.2,1452.08,14044.92,5376.83,8668.09,61.72,Low Profitability
C00512,54,Male,South,Salaried,1073000,Affluent,Savings,4,No Loan,0,1760700,1236300,Yes,10442.51,5650.81,0.0,2155.18,3240.31,1310.91,1012.63,814.18,18248.5,6378.03,11870.47,65.05,Profitable
C00513,51,Male,West,Business Owner,1446000,Affluent,Savings,2,Auto Loan,312100,864700,577800,No,25304.5,3425.44,4896.2,705.71,1483.23,1659.78,883.79,1300.69,34331.85,5327.47,29004.38,84.48,Profitable
C00514,30,Female,South,Business Owner,887000,Mass,Savings,1,No Loan,0,459500,294100,Yes,1188.68,2534.05,0.0,722.05,1712.95,1262.88,721.51,873.15,4444.78,4570.49,-125.71,-2.83,Low Profitability
C00515,39,Male,North,Salaried,528000,Mass,Salary,1,No Loan,0,128500,116700,Yes,502.24,4060.45,0.0,334.87,1593.2,342.26,1387.0,1082.26,4897.56,4404.73,492.83,10.06,Low Profitability
C00516,52,Male,West,Retired,716000,Mass,Savings,4,No Loan,0,202500,117400,No,691.29,8921.15,0.0,437.09,2470.18,1122.02,932.46,1776.65,10049.53,6301.31,3748.22,37.3,Low Profitability
C00517,21,Male,South,Self-Employed,888000,Mass,Savings,3,Personal Loan,862422,234600,99900,No,96260.16,3666.85,9117.64,405.23,2395.75,1898.13,1664.24,2157.07,109449.88,8115.19,101334.69,92.59,Highly Profitable
C00518,25,Female,North,Salaried,666000,Mass,Savings,5,Home Loan,1193168,590500,215700,Yes,56148.08,11880.46,13260.49,201.22,3742.53,1026.97,839.22,2416.57,81490.25,8025.29,73464.96,90.15,Highly Profitable
C00519,65,Male,East,Salaried,422000,Mass,Current,4,Personal Loan,757724,521900,520700,Yes,86358.28,4590.47,15366.62,668.34,3296.46,798.19,901.55,2613.05,106983.71,7609.25,99374.46,92.89,Highly Profitable
C00520,24,Male,West,Salaried,1257000,Affluent,Savings,4,Home Loan,951952,571000,561600,No,44840.5,6450.56,19440.04,153.97,2781.25,853.19,1624.73,1446.09,70885.06,6705.26,64179.8,90.54,Highly Profitable
C00521,36,Male,North,Self-Employed,1967000,Premium,Current,3,Auto Loan,699840,1001400,457700,Yes,55580.69,8655.3,10040.58,1788.43,2956.5,500.05,247.29,2407.92,76065.01,6111.75,69953.26,91.97,Highly Profitable
C00522,44,Female,North,Salaried,1534000,Affluent,Savings,4,Home Loan,4938996,667700,234000,Yes,224360.53,8745.96,123014.55,1579.03,2820.14,1028.92,1027.68,5627.39,357700.08,10504.13,347195.95,97.06,Highly Profitable
C00523,36,Female,West,Salaried,212000,Mass,Savings,2,No Loan,0,313900,334700,Yes,1427.11,4859.27,0.0,513.25,2926.98,1779.37,598.6,872.25,6799.63,6177.2,622.43,9.15,Low Profitability
C00524,22,Male,North,Salaried,1322000,Affluent,Savings,4,No Loan,0,497500,328200,Yes,2196.99,4496.83,0.0,2169.19,2785.33,414.21,886.93,1356.22,8863.0,5442.68,3420.32,38.59,Low Profitability
C00525,69,Male,West,Business Owner,962000,Affluent,Savings,4,No Loan,0,260800,85900,Yes,1099.12,7066.76,0.0,785.61,2857.81,2041.78,1269.36,1065.54,8951.48,7234.49,1717.0,19.18,Low Profitability
C00526,48,Male,West,Professional,488000,Mass,Salary,3,No Loan,0,102800,44500,Yes,283.35,5328.24,0.0,1385.63,2743.25,1156.75,1191.28,1202.92,6997.21,6294.2,703.01,10.05,Low Profitability
C00527,52,Male,West,Self-Employed,238000,Mass,Savings,2,No Loan,0,51500,43700,No,157.27,2883.25,0.0,2046.45,1373.14,1548.48,745.22,589.24,5086.97,4256.08,830.89,16.33,Low Profitability
C00528,47,Female,West,Business Owner,658000,Mass,Salary,3,No Loan,0,692200,220900,Yes,2184.91,5988.08,0.0,986.01,2598.21,1009.11,709.34,1479.94,9158.99,5796.6,3362.39,36.71,Low Profitability
C00529,40,Female,South,Retired,855000,Mass,Savings,3,Education Loan,223662,260800,161200,Yes,15963.29,3458.32,4345.94,702.5,3268.45,806.84,786.59,1864.48,24470.04,6726.36,17743.68,72.51,Profitable
C00530,44,Male,West,Business Owner,381000,Mass,Salary,3,Auto Loan,474374,197000,120800,No,36616.11,5109.34,8681.39,2165.61,2724.3,479.33,1382.88,1539.49,52572.45,6126.0,46446.45,88.35,Highly Profitable
C00531,32,Female,South,Salaried,1379000,Affluent,Savings,5,Auto Loan,378118,2101500,1750200,No,34285.3,6136.44,7821.04,277.74,2591.77,1195.93,914.33,1945.71,48520.52,6647.73,41872.79,86.3,Highly Profitable
C00532,70,Male,South,Self-Employed,1360000,Affluent,Salary,3,Education Loan,365892,2376400,996900,Yes,29927.65,5284.28,3166.8,1661.05,2887.1,1095.87,433.2,1761.03,40039.77,6177.2,33862.58,84.57,Highly Profitable
C00533,55,Female,North,Professional,905000,Affluent,Savings,1,Home Loan,2317714,1421200,1543700,Yes,107720.18,3633.38,48145.23,2112.79,2332.85,1387.41,1668.76,5217.41,161611.58,10606.43,151005.15,93.44,Highly Profitable
C00534,53,Female,East,Salaried,329000,Mass,Salary,3,No Loan,0,570300,217800,Yes,1294.9,9107.35,0.0,1804.44,3014.92,1063.56,748.46,923.9,12206.68,5750.84,6455.84,52.89,Low Profitability
C00535,53,Male,South,Salaried,606000,Mass,Savings,3,Home Loan,949339,761300,577500,No,47241.22,4429.63,19876.8,998.19,2246.11,1150.61,930.84,1454.86,72545.85,5782.43,66763.42,92.03,Highly Profitable
C00536,63,Female,South,Self-Employed,1042000,Affluent,Savings,4,No Loan,0,1853600,980300,Yes,9722.46,4154.18,0.0,2381.95,2634.48,1797.59,1012.64,1639.49,16258.59,7084.19,9174.4,56.43,Low Profitability
C00537,57,Male,West,Business Owner,1005000,Affluent,Savings,3,No Loan,0,973800,353400,Yes,2013.54,9119.24,0.0,426.04,2625.21,541.08,1345.12,1412.84,11558.82,5924.24,5634.57,48.75,Low Profitability
C00538,32,Male,South,Professional,477000,Mass,Salary,1,No Loan,0,697000,493500,No,1412.47,1478.29,0.0,1807.67,1035.63,1074.7,656.8,1742.31,4698.43,4509.44,188.99,4.02,Low Profitability
C00539,23,Male,South,Salaried,517000,Mass,Savings,1,No Loan,0,906400,357200,No,4314.17,1615.23,0.0,1823.39,1366.8,565.17,1433.57,1126.71,7752.8,4492.24,3260.56,42.06,Low Profitability
C00540,21,Male,North,Salaried,470000,Mass,Current,1,Home Loan,3517369,620600,513800,No,160295.51,945.68,71476.32,1569.63,1158.87,2080.9,204.65,4177.38,234287.14,7621.79,226665.35,96.75,Highly Profitable
C00541,53,Female,West,Retired,599000,Mass,Savings,2,Auto Loan,481607,1035400,287400,No,38601.15,3954.64,5407.34,1265.49,1522.01,1874.89,1385.87,864.72,49228.61,5647.5,43581.12,88.53,Highly Profitable
C00542,60,Female,North,Salaried,536000,Mass,Salary,4,No Loan,0,304700,208400,No,1174.94,8042.42,0.0,2385.55,3019.87,1909.25,468.65,1759.63,11602.91,7157.4,4445.51,38.31,Low Profitability
C00543,30,Female,South,Salaried,485000,Mass,Current,2,No Loan,0,313000,136500,No,649.59,2989.47,0.0,1219.25,1512.23,560.52,496.83,974.52,4858.3,3544.1,1314.2,27.05,Low Profitability
C00544,63,Female,North,Self-Employed,649000,Mass,Savings,2,No Loan,0,522700,552800,Yes,1933.74,6414.83,0.0,899.43,2426.68,1963.13,1066.41,1233.8,9248.0,6690.02,2557.98,27.66,Low Profitability
C00545,64,Female,South,Professional,716000,Mass,Savings,4,Home Loan,3475465,656300,560400,Yes,158332.21,5135.04,80662.02,1335.8,3725.15,572.07,691.9,8145.14,245465.07,13134.26,232330.82,94.65,Highly Profitable
C00546,49,Male,West,Professional,1273000,Affluent,Savings,2,No Loan,0,2075900,1851700,No,6351.23,2645.64,0.0,2022.24,1239.57,1185.37,422.21,1089.41,11019.11,3936.55,7082.56,64.28,Low Profitability
C00547,33,Male,South,Retired,263000,Mass,Savings,1,Education Loan,698251,424700,360800,No,46721.96,1151.65,12791.9,491.23,1201.93,490.11,490.59,2823.5,61156.75,5006.13,56150.62,91.81,Highly Profitable
C00548,32,Male,West,Salaried,1369000,Affluent,Savings,3,No Loan,0,1691600,1380400,No,5465.24,5959.32,0.0,989.21,2560.26,2067.22,1653.74,1255.83,12413.78,7537.05,4876.73,39.28,Low Profitability
C00549,51,Female,West,Salaried,464000,Mass,Salary,1,Education Loan,260659,247500,90900,Yes,17457.68,1795.19,2096.5,1457.6,2154.75,2169.14,1332.26,1196.85,22806.96,6853.02,15953.94,69.95,Profitable
C00550,66,Female,North,Salaried,1948000,Premium,Salary,3,No Loan,0,1064800,1169000,No,4558.22,5983.9,0.0,2123.32,1858.71,1104.22,447.74,948.08,12665.43,4358.74,8306.69,65.59,Low Profitability
C00551,22,Male,West,Professional,1014000,Affluent,Savings,4,Personal Loan,449464,1209100,977900,Yes,54509.06,9584.53,9148.37,1060.8,3359.14,2103.7,1488.49,2259.22,74302.75,9210.56,65092.2,87.6,Highly Profitable
C00552,70,Female,West,Self-Employed,946000,Affluent,Savings,5,No Loan,0,927600,939400,No,4269.95,10657.52,0.0,1421.16,3177.68,476.39,1731.17,1590.95,16348.64,6976.2,9372.44,57.33,Low Profitability
C00553,55,Female,West,Salaried,661000,Mass,Savings,1,Personal Loan,753433,381100,258500,No,83883.61,847.69,6748.73,393.96,957.47,2030.24,363.58,2181.54,91873.98,5532.82,86341.16,93.98,Highly Profitable
C00554,43,Female,North,Business Owner,2177000,Premium,Savings,2,No Loan,0,930900,459000,Yes,5566.1,5368.11,0.0,325.87,2263.39,954.29,1335.88,823.73,11260.09,5377.29,5882.79,52.24,Low Profitability
C00555,37,Male,East,Salaried,688000,Mass,Savings,3,Auto Loan,634379,923500,574100,No,49927.16,6044.65,12001.89,612.18,2484.69,1568.71,631.45,1660.7,68585.87,6345.55,62240.32,90.75,Highly Profitable
C00556,46,Male,South,Self-Employed,1608000,Affluent,Current,2,No Loan,0,2398900,1413600,No,12585.16,4363.48,0.0,1745.53,1976.85,979.75,1059.09,593.83,18694.17,4609.52,14084.65,75.34,Profitable
C00557,28,Male,North,Professional,510000,Mass,Salary,3,Personal Loan,478315,296400,78100,No,53468.71,5693.3,10591.56,609.09,1980.33,1437.94,566.41,1661.18,70362.66,5645.86,64716.8,91.98,Highly Profitable
C00558,49,Male,West,Salaried,1038000,Affluent,Savings,1,No Loan,0,883500,727700,Yes,3318.56,2243.96,0.0,2205.6,2428.15,735.59,428.28,805.62,7768.12,4397.63,3370.49,43.39,Low Profitability
C00559,46,Male,North,Salaried,1988000,Premium,Savings,3,No Loan,0,2638600,2314100,Yes,8698.96,7422.41,0.0,2256.99,2356.06,1487.56,1082.3,1041.02,18378.36,5966.94,12411.42,67.53,Profitable
C00560,30,Female,South,Salaried,439000,Mass,Savings,4,No Loan,0,405700,115500,No,1310.75,5648.9,0.0,737.12,1769.71,1267.21,1530.55,898.11,7696.77,5465.58,2231.19,28.99,Low Profitability
C00561,46,Male,West,Salaried,917000,Affluent,Salary,5,Education Loan,384099,1592000,730800,No,31248.55,7891.43,6177.64,352.63,2322.18,988.37,1745.06,1045.83,45670.25,6101.44,39568.81,86.64,Highly Profitable
C00562,54,Female,West,Salaried,475000,Mass,Savings,4,No Loan,0,172800,140800,No,511.23,8044.53,0.0,1087.1,3260.43,1134.46,1494.72,847.94,9642.86,6737.56,2905.31,30.13,Low Profitability
C00563,61,Male,West,Business Owner,887000,Mass,Savings,1,No Loan,0,1383400,724400,Yes,5792.88,2815.78,0.0,2004.87,1830.64,1248.64,616.4,1182.31,10613.54,4878.0,5735.54,54.04,Low Profitability
C00564,27,Female,South,Salaried,1984000,Premium,Salary,3,No Loan,0,1299600,1356500,Yes,3902.35,6357.42,0.0,358.84,2998.16,1090.36,1220.07,611.91,10618.61,5920.51,4698.1,44.24,Low Profitability
C00565,24,Male,North,Retired,419000,Mass,Savings,3,Home Loan,1586499,537800,185900,Yes,74560.99,4451.67,24971.48,338.18,2953.63,432.57,418.8,4146.9,104322.32,7951.9,96370.42,92.38,Highly Profitable
C00566,70,Male,South,Salaried,763000,Mass,Savings,5,No Loan,0,433800,450700,Yes,1283.02,8157.79,0.0,687.36,4724.55,1796.16,860.2,1398.67,10128.18,8779.58,1348.6,13.32,Low Profitability
C00567,65,Female,West,Salaried,442000,Mass,Savings,4,Auto Loan,162027,771100,791800,Yes,16052.63,9633.33,1528.94,1762.46,2827.74,1562.2,438.05,1118.95,28977.35,5946.95,23030.41,79.48,Profitable
C00568,31,Male,West,Salaried,652000,Mass,Salary,5,Personal Loan,644654,151700,161200,No,71500.36,7940.78,10157.44,998.4,3187.09,1594.18,1434.07,2823.26,90596.99,9038.6,81558.39,90.02,Highly Profitable
C00569,49,Male,North,Professional,985000,Affluent,Savings,4,Personal Loan,594375,982400,310100,No,67495.06,5498.96,9169.33,1868.1,3388.68,397.8,439.47,1450.32,84031.45,5676.27,78355.18,93.25,Highly Profitable
C00570,56,Female,North,Self-Employed,594000,Mass,Salary,3,No Loan,0,981500,472600,No,2562.51,6056.83,0.0,1071.52,1930.45,1768.35,1386.99,1313.85,9690.86,6399.63,3291.23,33.96,Low Profitability
C00571,45,Male,West,Professional,1664000,Affluent,Salary,3,Personal Loan,654502,1539600,713800,Yes,80792.87,5520.99,8314.66,289.69,3267.08,1774.26,362.7,2697.96,94918.21,8101.99,86816.22,91.46,Highly Profitable
C00572,41,Male,West,Professional,913000,Affluent,Current,5,No Loan,0,1402900,1406400,No,7408.91,11721.53,0.0,2496.55,3537.62,1809.77,1070.78,1521.31,21626.99,7939.48,13687.51,63.29,Profitable
C00573,56,Male,West,Retired,338000,Mass,Savings,3,No Loan,0,580400,543300,No,1495.46,5111.64,0.0,1734.53,2357.3,1467.83,530.96,1086.72,8341.63,5442.81,2898.82,34.75,Low Profitability
C00574,30,Male,West,Professional,835000,Mass,Salary,4,No Loan,0,218700,84200,Yes,482.06,7116.69,0.0,1615.03,2825.02,1277.52,438.52,848.26,9213.78,5389.31,3824.47,41.51,Low Profitability
C00575,57,Female,West,Salaried,1564000,Affluent,Savings,5,Home Loan,1432091,1496000,553900,Yes,68349.91,8082.63,12052.45,1284.51,2820.35,1958.18,900.25,4177.1,89769.5,9855.88,79913.62,89.02,Highly Profitable
C00576,29,Male,East,Professional,943000,Affluent,Savings,3,No Loan,0,1209500,789800,Yes,5244.05,3959.93,0.0,299.53,2862.5,1406.66,1741.79,1705.38,9503.51,7716.34,1787.17,18.81,Low Profitability
C00577,44,Female,North,Retired,808000,Mass,Savings,1,No Loan,0,1230700,489000,No,5580.33,816.33,0.0,2464.45,1369.88,476.35,339.45,1781.04,8861.11,3966.72,4894.39,55.23,Low Profitability
C00578,55,Female,South,Retired,594000,Mass,Current,1,Personal Loan,576251,249000,163000,No,64263.01,1950.71,8209.42,1217.84,1306.55,962.12,910.42,2346.87,75640.99,5525.96,70115.03,92.69,Highly Profitable
C00579,69,Female,North,Salaried,664000,Mass,Salary,1,No Loan,0,720600,697500,Yes,2250.83,1690.81,0.0,199.23,1630.29,1655.0,348.15,1516.25,4140.88,5149.69,-1008.81,-24.36,Low Profitability
C00580,55,Female,West,Business Owner,704000,Mass,Salary,3,Personal Loan,496644,294800,199000,Yes,55464.43,6279.96,9814.27,923.83,3027.41,1081.05,589.83,2516.75,72482.49,7215.04,65267.45,90.05,Highly Profitable
C00581,68,Female,West,Salaried,182000,Mass,Current,3,Personal Loan,975396,254100,220000,Yes,108247.83,7889.98,16393.64,178.99,2489.66,1820.51,635.43,2012.98,132710.44,6958.58,125751.86,94.76,Highly Profitable
C00582,56,Male,North,Salaried,903000,Affluent,Current,3,No Loan,0,559500,258800,No,1169.49,4838.23,0.0,1316.27,1972.14,1187.78,1011.11,711.38,7323.99,4882.4,2441.59,33.34,Low Profitability
C00583,38,Female,North,Professional,1211000,Affluent,Salary,3,No Loan,0,718800,342100,No,1462.63,6905.17,0.0,1909.84,1652.37,1032.05,1451.67,1227.57,10277.64,5363.67,4913.97,47.81,Low Profitability
C00584,69,Female,West,Retired,464000,Mass,Salary,5,No Loan,0,659000,497400,No,3420.91,4522.91,0.0,2397.41,2562.95,963.78,735.28,1120.17,10341.23,5382.18,4959.05,47.95,Low Profitability
C00585,59,Female,South,Self-Employed,795000,Mass,Savings,2,Personal Loan,150678,1223800,1192700,No,21618.39,4467.52,2108.77,2124.13,1205.76,898.42,1448.36,1729.71,30318.81,5282.25,25036.55,82.58,Profitable
C00586,52,Male,North,Professional,850000,Mass,Savings,4,Education Loan,513171,609000,427200,No,36477.15,9534.1,7099.7,750.77,2387.72,1210.74,225.87,2051.69,53861.71,5876.02,47985.69,89.09,Highly Profitable
C00587,44,Male,West,Salaried,1093000,Affluent,Savings,1,No Loan,0,1067700,446900,Yes,2621.96,4676.94,0.0,932.89,2319.17,1438.53,288.88,858.53,8231.79,4905.11,3326.69,40.41,Low Profitability
C00588,43,Male,West,Salaried,705000,Mass,Savings,3,Home Loan,1834573,912400,397000,Yes,87356.22,4984.84,36523.85,1347.39,3166.68,2057.11,471.17,4225.44,130212.3,9920.4,120291.89,92.38,Highly Profitable
C00589,52,Female,North,Self-Employed,942000,Affluent,Current,3,Home Loan,3358840,1299500,1006400,Yes,158543.19,4072.52,36862.18,1744.05,3057.38,1690.37,916.45,7489.77,201221.94,13153.97,188067.96,93.46,Highly Profitable
C00590,57,Male,South,Salaried,370000,Mass,Salary,4,Auto Loan,353744,525700,177600,Yes,28703.78,11911.28,7486.64,1867.25,3538.14,701.75,788.54,1947.01,49968.95,6975.43,42993.51,86.04,Highly Profitable
C00591,32,Female,West,Professional,401000,Mass,Salary,3,Home Loan,2155118,318500,97400,No,97751.64,3202.53,51041.17,2138.95,2022.79,1162.35,1358.11,2636.54,154134.29,7179.79,146954.5,95.34,Highly Profitable
C00592,69,Male,West,Salaried,887000,Mass,Savings,2,No Loan,0,918000,309700,No,2288.57,3456.41,0.0,639.17,2012.48,882.53,1788.53,1367.57,6384.14,6051.11,333.04,5.22,Low Profitability
C00593,33,Male,North,Self-Employed,617000,Mass,Savings,2,No Loan,0,204100,119100,Yes,566.73,3769.73,0.0,368.13,2548.16,761.39,1477.03,1477.43,4704.6,6264.01,-1559.41,-33.15,Low Profitability
C00594,43,Male,West,Self-Employed,293000,Mass,Savings,2,Auto Loan,324336,502500,277000,No,25702.57,4856.71,5924.86,526.16,1742.31,1550.68,1508.18,1286.83,37010.3,6087.99,30922.3,83.55,Highly Profitable
C00595,45,Male,South,Salaried,847000,Mass,Savings,2,Personal Loan,805298,1107300,278800,No,94982.4,3014.2,10542.95,2364.14,1291.91,514.09,1780.47,2355.91,110903.69,5942.38,104961.31,94.64,Highly Profitable
C00596,55,Male,South,Retired,347000,Mass,Savings,3,No Loan,0,267100,103500,Yes,1389.23,5305.27,0.0,417.68,2991.31,349.37,940.4,1325.28,7112.19,5606.36,1505.83,21.17,Low Profitability
C00597,61,Male,West,Self-Employed,3095000,Premium,Salary,3,No Loan,0,2453900,1338300,No,8030.55,5392.7,0.0,865.44,1960.99,1085.79,1746.5,1301.17,14288.69,6094.45,8194.24,57.35,Low Profitability
C00598,50,Female,West,Self-Employed,211000,Mass,Savings,4,No Loan,0,63200,38900,Yes,332.83,8370.79,0.0,569.86,2944.18,561.01,1134.53,1130.9,9273.48,5770.62,3502.86,37.77,Low Profitability
C00599,37,Male,South,Professional,721000,Mass,Savings,5,Auto Loan,191032,651700,385800,Yes,17643.6,9077.1,3621.81,365.74,3730.93,1270.73,1282.82,1100.45,30708.26,7384.93,23323.33,75.95,Profitable
C00600,69,Male,West,Salaried,379000,Mass,Savings,3,Personal Loan,411531,477700,249200,Yes,46902.65,6042.51,10266.89,1364.22,2816.61,1345.1,247.5,1732.68,64576.28,6141.89,58434.39,90.49,Highly Profitable
C00601,40,Female,West,Professional,1158000,Affluent,Savings,1,Personal Loan,867417,1993700,1874300,Yes,99642.39,2037.28,12149.99,1010.56,1974.29,614.95,949.25,2543.79,114840.22,6082.28,108757.94,94.7,Highly Profitable
C00602,68,Female,South,Salaried,561000,Mass,Salary,4,No Loan,0,683600,412600,No,1391.11,9557.42,0.0,1843.84,3217.96,1623.68,1759.81,1095.78,12792.38,7697.23,5095.15,39.83,Low Profitability
C00603,45,Female,West,Salaried,1222000,Affluent,Salary,3,No Loan,0,1495300,1193000,No,4938.22,3676.83,0.0,1042.01,2107.64,516.62,1691.16,1182.67,9657.06,5498.08,4158.97,43.07,Low Profitability
C00604,42,Male,North,Retired,1068000,Affluent,Savings,3,No Loan,0,1546000,1480500,Yes,3372.73,6373.57,0.0,1433.46,2800.9,1473.16,818.61,1108.27,11179.75,6200.94,4978.81,44.53,Low Profitability
C00605,33,Female,West,Professional,389000,Mass,Salary,3,Personal Loan,440384,385600,376200,No,49400.22,2580.94,10447.94,2069.54,1543.32,1526.25,1114.31,1702.69,64498.64,5886.58,58612.06,90.87,Highly Profitable
C00606,39,Female,South,Salaried,469000,Mass,Savings,3,No Loan,0,95200,93100,No,287.29,3907.91,0.0,1366.0,1921.92,1837.88,1557.74,1168.53,5561.2,6486.06,-924.86,-16.63,Low Profitability
C00607,69,Male,West,Business Owner,579000,Mass,Current,4,No Loan,0,937000,628200,No,2544.97,7883.17,0.0,1149.69,1983.11,1985.03,702.35,888.52,11577.84,5559.01,6018.83,51.99,Low Profitability
C00608,56,Male,East,Retired,674000,Mass,Savings,5,No Loan,0,548700,445600,Yes,1415.15,10164.98,0.0,417.16,4488.41,1573.44,548.4,1744.86,11997.29,8355.12,3642.17,30.36,Low Profitability
C00609,32,Male,South,Salaried,628000,Mass,Current,5,Home Loan,1168014,1114500,576700,Yes,55958.26,12192.34,19586.84,1442.52,5361.04,1479.41,437.09,3112.96,89179.96,10390.5,78789.46,88.35,Highly Profitable
C00610,61,Male,West,Salaried,1045000,Affluent,Savings,4,No Loan,0,857400,842500,No,4242.05,4256.8,0.0,337.85,3227.43,1586.93,402.45,594.66,8836.7,5811.47,3025.23,34.23,Low Profitability
C00611,39,Female,North,Self-Employed,796000,Mass,Current,4,Personal Loan,287248,997200,430100,No,35364.45,9918.87,3051.23,351.74,2392.44,1302.08,1626.67,1917.01,48686.28,7238.2,41448.09,85.13,Highly Profitable
C00612,32,Male,North,Salaried,500000,Mass,Current,1,Auto Loan,697798,454400,417800,No,54449.08,1557.73,11782.09,1182.84,986.47,1472.08,1127.25,2553.05,68971.75,6138.86,62832.89,91.1,Highly Profitable
C00613,29,Female,North,Salaried,424000,Mass,Savings,4,No Loan,0,226200,146900,No,1292.74,6863.77,0.0,1346.56,2976.93,2021.33,1057.78,1736.74,9503.07,7792.78,1710.28,18.0,Low Profitability
C00614,27,Male,South,Professional,447000,Mass,Salary,1,No Loan,0,753500,379700,Yes,1511.08,2088.58,0.0,1891.67,1849.74,1619.28,476.56,1556.1,5491.33,5501.68,-10.35,-0.19,Low Profitability
C00615,48,Male,North,Salaried,839000,Mass,Savings,4,Auto Loan,415268,994100,569300,Yes,36915.85,7237.15,8298.52,1195.66,2763.84,872.28,835.4,2430.59,53647.18,6902.11,46745.07,87.13,Highly Profitable
C00616,34,Male,West,Professional,629000,Mass,Salary,1,Home Loan,945432,561900,421400,No,44295.63,1912.8,11578.37,1591.4,1304.95,1658.49,1784.73,2190.66,59378.2,6938.82,52439.38,88.31,Highly Profitable
C00617,51,Male,South,Self-Employed,2198000,Premium,Savings,2,Auto Loan,654919,852600,887100,Yes,51804.64,4270.79,10058.25,2307.55,3014.64,472.15,971.58,2032.36,68441.23,6490.73,61950.5,90.52,Highly Profitable
C00618,39,Female,West,Self-Employed,700000,Mass,Current,2,No Loan,0,1259000,419100,Yes,5687.7,5646.21,0.0,2356.04,2854.51,1160.85,286.75,1294.58,13689.95,5596.68,8093.27,59.12,Low Profitability
C00619,67,Female,South,Business Owner,777000,Mass,Current,2,Education Loan,191580,1264200,1304100,Yes,16805.87,3887.46,3171.63,733.39,2450.12,1046.79,837.01,1419.2,24598.35,5753.12,18845.23,76.61,Profitable
C00620,36,Male,South,Self-Employed,260000,Mass,Savings,2,No Loan,0,220400,207900,Yes,511.73,6042.48,0.0,1194.73,2681.56,935.27,286.57,1550.93,7748.94,5454.33,2294.62,29.61,Low Profitability
C00621,25,Male,West,Salaried,335000,Mass,Savings,1,Education Loan,482391,145000,108600,Yes,32058.05,4168.13,10782.85,1374.73,1726.21,1484.26,1241.82,1456.32,48383.76,5908.62,42475.15,87.79,Highly Profitable
C00622,55,Male,West,Salaried,378000,Mass,Savings,4,Auto Loan,812201,75200,27100,No,61120.58,4642.28,19716.54,1172.74,2809.35,621.37,870.93,2198.15,86652.14,6499.81,80152.33,92.5,Highly Profitable
C00623,32,Female,South,Professional,522000,Mass,Salary,4,Personal Loan,961922,209100,196700,No,107006.95,3540.23,9066.84,2412.12,2810.23,2089.78,443.49,2543.52,122026.13,7887.03,114139.1,93.54,Highly Profitable
C00624,45,Male,South,Salaried,310000,Mass,Salary,4,Personal Loan,543656,319900,267800,Yes,61706.03,10832.58,9282.74,796.79,3818.23,789.23,1555.31,2638.14,82618.14,8800.91,73817.23,89.35,Highly Profitable
C00625,41,Male,North,Salaried,371000,Mass,Savings,4,Home Loan,2632322,555000,373400,No,119966.81,4799.29,52567.71,1346.19,2787.04,1617.83,1143.61,3658.95,178680.0,9207.43,169472.57,94.85,Highly Profitable
C00626,56,Female,West,Retired,1009000,Affluent,Savings,4,No Loan,0,756600,758900,No,3794.16,7124.86,0.0,401.73,2419.0,1131.6,976.31,1661.73,11320.75,6188.65,5132.11,45.33,Low Profitability
C00627,43,Female,North,Retired,436000,Mass,Current,5,Personal Loan,639456,377600,307700,No,72593.41,6531.75,11134.48,1611.66,3476.16,688.8,1467.23,2249.16,91871.29,7881.35,83989.94,91.42,Highly Profitable
C00628,36,Male,West,Salaried,684000,Mass,Savings,3,Auto Loan,346104,636700,315400,No,29664.18,5756.81,8280.14,887.61,1756.45,1105.38,1118.4,1436.87,44588.74,5417.1,39171.64,87.85,Highly Profitable
C00629,59,Male,West,Salaried,969000,Affluent,Salary,3,No Loan,0,173500,49800,Yes,739.05,8173.29,0.0,2033.33,3601.32,988.6,304.41,1281.84,10945.67,6176.16,4769.51,43.57,Low Profitability
C00630,65,Female,West,Business Owner,1178000,Affluent,Savings,4,Auto Loan,240231,520800,466300,Yes,19708.94,6132.74,4457.98,412.9,4401.35,1782.6,612.61,948.61,30712.56,7745.17,22967.39,74.78,Profitable
C00631,62,Female,West,Professional,822000,Mass,Savings,2,Home Loan,3817807,802700,375000,No,173444.16,1770.06,51802.97,2211.49,1648.08,1551.32,1117.65,3359.71,229228.69,7676.76,221551.94,96.65,Highly Profitable
C00632,59,Male,North,Salaried,850000,Mass,Current,1,Home Loan,4524774,519300,253600,No,206519.25,2484.26,83516.23,1132.22,1173.47,1883.0,368.81,5040.71,293651.95,8465.98,285185.97,97.12,Highly Profitable
C00633,34,Female,East,Salaried,1198000,Affluent,Savings,4,No Loan,0,1214200,767700,Yes,2601.28,10279.23,0.0,1077.56,3036.71,379.07,600.1,1184.39,13958.07,5200.28,8757.79,62.74,Low Profitability
C00634,51,Female,South,Professional,879000,Mass,Current,2,No Loan,0,288600,256100,No,1242.62,2489.39,0.0,1932.2,1241.17,1882.26,1170.3,1298.31,5664.21,5592.04,72.17,1.27,Low Profitability
C00635,25,Male,West,Retired,1237000,Affluent,Savings,3,Education Loan,467994,1824100,1889200,No,35426.03,4906.04,9887.58,825.29,1643.41,1082.25,1680.96,1261.4,51044.94,5668.01,45376.93,88.9,Highly Profitable
C00636,55,Male,North,Professional,215000,Mass,Savings,2,No Loan,0,310300,134600,Yes,920.95,6052.88,0.0,2157.88,2523.69,791.22,1371.65,1496.42,9131.71,6182.98,2948.73,32.29,Low Profitability
C00637,43,Male,North,Salaried,669000,Mass,Current,4,Home Loan,2781565,839800,839600,Yes,126928.47,8964.56,34416.49,765.68,2904.3,687.43,1012.11,3683.26,171075.19,8287.09,162788.1,95.16,Highly Profitable
C00638,49,Female,West,Salaried,722000,Mass,Savings,5,Auto Loan,333940,741400,566200,Yes,26637.75,8533.3,4893.36,1855.71,3595.84,958.61,539.06,2114.71,41920.12,7208.22,34711.9,82.8,Highly Profitable
C00639,63,Male,East,Business Owner,656000,Mass,Savings,1,No Loan,0,520400,508600,Yes,1769.79,3161.08,0.0,234.06,2268.32,957.82,508.15,1212.31,5164.93,4946.6,218.33,4.23,Low Profitability
C00640,31,Female,North,Salaried,749000,Mass,Salary,2,Home Loan,1437290,956000,928300,Yes,69945.84,5772.95,22943.98,1782.35,1799.29,570.81,1441.8,3678.41,100445.12,7490.31,92954.81,92.54,Highly Profitable
C00641,38,Female,East,Salaried,559000,Mass,Salary,2,No Loan,0,805000,469700,Yes,3431.98,6107.86,0.0,730.31,2690.67,1438.92,1682.45,736.31,10270.16,6548.35,3721.8,36.24,Low Profitability
C00642,67,Male,North,Salaried,1080000,Affluent,Salary,3,Personal Loan,607995,1602900,1324700,Yes,73536.66,7663.8,6423.33,1844.83,2374.69,456.98,392.79,2355.24,89468.61,5579.7,83888.92,93.76,Highly Profitable
C00643,32,Female,South,Self-Employed,521000,Mass,Salary,2,No Loan,0,376900,397500,Yes,1688.97,5348.41,0.0,2084.45,2863.52,1250.32,1280.47,1257.81,9121.83,6652.12,2469.71,27.07,Low Profitability
C00644,29,Female,West,Self-Employed,621000,Mass,Savings,3,Home Loan,4167188,291900,239800,Yes,188732.32,9281.42,73147.14,509.09,3472.58,1044.16,1364.58,7284.48,271669.97,13165.81,258504.17,95.15,Highly Profitable
C00645,30,Male,North,Professional,1549000,Affluent,Savings,1,Auto Loan,353122,1106000,707200,No,30042.13,1492.44,6534.55,500.87,1166.24,1848.87,1016.42,1262.36,38569.99,5293.9,33276.09,86.27,Highly Profitable
C00646,64,Male,West,Professional,1434000,Affluent,Savings,2,No Loan,0,233400,132100,Yes,1288.34,4888.56,0.0,1888.13,2213.0,718.46,729.87,974.8,8065.03,4636.13,3428.9,42.52,Low Profitability
C00647,37,Male,South,Retired,763000,Mass,Salary,2,Personal Loan,685580,647300,240700,Yes,77939.83,6743.14,12115.29,507.79,2046.2,1364.12,1333.42,1774.74,97306.05,6518.47,90787.58,93.3,Highly Profitable
C00648,58,Female,South,Professional,493000,Mass,Salary,3,Personal Loan,133161,296400,325700,Yes,16132.85,5938.01,2717.34,146.93,3642.83,524.47,931.82,1114.22,24935.14,6213.33,18721.81,75.08,Profitable
C00649,27,Female,South,Salaried,285000,Mass,Current,2,No Loan,0,414300,335200,No,2340.04,3849.12,0.0,247.93,2064.37,1662.12,933.55,1681.6,6437.1,6341.65,95.45,1.48,Low Profitability
C00650,66,Male,South,Salaried,651000,Mass,Salary,3,Personal Loan,455137,822500,399000,Yes,51722.33,7366.75,7690.53,162.62,3026.04,917.43,362.84,2348.44,66942.23,6654.75,60287.48,90.06,Highly Profitable
C00651,33,Female,South,Self-Employed,926000,Affluent,Savings,2,Auto Loan,392386,178600,56000,Yes,30127.73,3795.87,7074.21,2277.88,2562.17,2122.19,1207.63,1685.4,43275.69,7577.39,35698.31,82.49,Highly Profitable
C00652,60,Male,West,Salaried,471000,Mass,Savings,2,Education Loan,162454,182800,162800,Yes,11367.21,6044.9,2741.63,2176.29,2733.96,2023.16,345.86,976.73,22330.02,6079.7,16250.32,72.77,Profitable
C00653,62,Male,North,Retired,702000,Mass,Savings,2,No Loan,0,733300,716300,No,2940.22,3990.68,0.0,1432.97,1566.85,1209.45,646.59,1371.51,8363.87,4794.41,3569.47,42.68,Low Profitability
C00654,29,Male,South,Salaried,578000,Mass,Savings,3,Home Loan,3218762,676200,414900,No,148637.54,7116.54,79227.97,1329.6,2603.11,1799.69,488.13,7050.74,236311.65,11941.67,224369.97,94.95,Highly Profitable
C00655,70,Male,South,Salaried,271000,Mass,Savings,3,Personal Loan,283974,384500,408600,Yes,33451.93,8133.28,5258.77,685.31,2370.34,441.02,1712.2,1092.62,47529.29,5616.18,41913.12,88.18,Highly Profitable
C00656,47,Male,South,Self-Employed,747000,Mass,Savings,4,Education Loan,485633,1305500,690900,No,34878.4,5634.62,6742.69,1298.45,3294.0,1786.4,328.35,922.5,48554.17,6331.25,42222.92,86.96,Highly Profitable
C00657,22,Male,West,Self-Employed,889000,Mass,Salary,2,No Loan,0,1163000,1038200,No,3733.05,3069.28,0.0,2335.02,1623.01,1150.45,940.0,673.1,9137.35,4386.55,4750.8,51.99,Low Profitability
C00658,25,Male,West,Business Owner,764000,Mass,Savings,1,Auto Loan,479280,801500,379500,Yes,38395.0,3011.12,5168.58,1468.5,1945.37,479.79,1180.68,2487.84,48043.21,6093.68,41949.53,87.32,Highly Profitable
C00659,49,Female,East,Self-Employed,1699000,Affluent,Current,2,Education Loan,123490,1416600,758700,Yes,13674.94,4902.64,3071.56,236.38,2537.93,828.85,945.67,1208.51,21885.52,5520.96,16364.56,74.77,Profitable
C00660,57,Male,North,Salaried,586000,Mass,Savings,2,Auto Loan,704495,801700,613000,Yes,55665.86,5085.87,15082.96,188.81,2954.34,868.78,1258.93,2314.24,76023.49,7396.29,68627.2,90.27,Highly Profitable
C00661,58,Male,West,Salaried,561000,Mass,Salary,1,Personal Loan,861989,949400,266900,No,98081.75,1971.51,8324.34,2191.32,1226.88,1661.78,250.45,2248.0,110568.91,5387.11,105181.8,95.13,Highly Profitable
C00662,39,Male,South,Retired,2305000,Premium,Salary,1,No Loan,0,1954200,838700,Yes,8081.8,2536.65,0.0,620.73,1994.82,1794.39,1683.78,1494.41,11239.18,6967.39,4271.78,38.01,Low Profitability
C00663,28,Female,East,Salaried,352000,Mass,Salary,2,Home Loan,2190849,392400,156900,Yes,100142.21,6242.15,27157.0,111.47,2011.96,1313.32,767.63,4770.72,133652.83,8863.63,124789.19,93.37,Highly Profitable
C00664,68,Male,West,Salaried,498000,Mass,Savings,3,No Loan,0,244800,129400,No,945.3,7236.68,0.0,1885.04,2434.14,928.45,892.55,926.83,10067.01,5181.97,4885.04,48.53,Low Profitability
C00665,65,Male,South,Salaried,854000,Mass,Savings,4,Personal Loan,821480,1336400,1217300,No,93640.8,7573.47,8878.05,2066.29,2981.04,1074.15,1060.53,3233.64,112158.61,8349.37,103809.24,92.56,Highly Profitable
C00666,21,Female,East,Salaried,1300000,Affluent,Savings,2,Personal Loan,879676,1725500,1762500,No,103937.38,1845.61,17666.38,787.12,1304.18,1487.42,1230.9,1646.38,124236.49,5668.88,118567.61,95.44,Highly Profitable
C00667,42,Male,East,Self-Employed,1171000,Affluent,Savings,3,No Loan,0,861000,224500,Yes,1925.06,4551.01,0.0,2095.95,2285.99,1499.84,400.9,1231.58,8572.03,5418.31,3153.72,36.79,Low Profitability
C00668,37,Male,East,Business Owner,395000,Mass,Savings,4,No Loan,0,628900,294700,Yes,2808.29,4784.19,0.0,2030.71,4502.35,644.08,787.22,1365.12,9623.19,7298.76,2324.43,24.15,Low Profitability
C00669,27,Female,North,Professional,1713000,Affluent,Savings,2,No Loan,0,3001000,815000,Yes,13485.75,4655.73,0.0,1268.3,2809.73,1251.1,1153.85,700.06,19409.78,5914.73,13495.05,69.53,Profitable
C00670,45,Male,North,Business Owner,904000,Affluent,Savings,4,No Loan,0,566000,555800,Yes,1721.98,11507.66,0.0,2352.48,3531.84,1377.98,1044.67,543.58,15582.11,6498.07,9084.05,58.3,Low Profitability
C00671,65,Male,West,Salaried,446000,Mass,Salary,5,Personal Loan,832442,204200,85500,No,92087.54,7053.26,9702.17,2127.19,2661.56,1724.18,282.64,1335.05,110970.16,6003.43,104966.72,94.59,Highly Profitable
C00672,24,Male,West,Self-Employed,467000,Mass,Savings,4,No Loan,0,711100,643600,No,3692.81,4453.68,0.0,170.91,2196.18,1187.52,1400.12,688.88,8317.4,5472.7,2844.7,34.2,Low Profitability
C00673,56,Male,North,Salaried,728000,Mass,Salary,3,Auto Loan,544761,808800,225100,Yes,44967.02,6590.05,9283.27,2259.46,2827.11,2079.62,819.17,2164.55,63099.79,7890.45,55209.35,87.5,Highly Profitable
C00674,26,Male,North,Salaried,2287000,Premium,Savings,3,Personal Loan,103681,3680300,2166300,Yes,32691.87,9094.54,2255.78,1398.84,3266.43,1564.65,231.12,1930.89,45441.04,6993.09,38447.95,84.61,Highly Profitable
C00675,51,Male,West,Self-Employed,787000,Mass,Savings,3,Auto Loan,281614,569300,315900,No,23275.99,2575.92,5657.89,1224.84,2227.58,1672.07,1474.61,1562.62,32734.64,6936.87,25797.77,78.81,Profitable
C00676,39,Male,North,Salaried,2275000,Premium,Savings,2,No Loan,0,2523100,1337100,Yes,8230.87,5662.33,0.0,2397.54,2756.81,1414.19,209.21,1532.28,16290.75,5912.49,10378.26,63.71,Profitable
C00677,64,Male,West,Business Owner,1135000,Affluent,Salary,4,Auto Loan,756586,1251200,919200,No,60760.84,5165.81,6434.12,783.52,2830.07,1906.35,523.42,1264.17,73144.29,6524.01,66620.28,91.08,Highly Profitable
C00678,59,Female,South,Business Owner,350000,Mass,Current,2,Education Loan,483934,161200,93900,No,31894.29,2871.84,8366.23,1153.31,1606.31,983.2,1359.26,1894.53,44285.68,5843.31,38442.37,86.81,Highly Profitable
C00679,47,Male,West,Professional,1518000,Affluent,Current,4,No Loan,0,2712200,1607600,No,9218.58,4813.27,0.0,540.71,3315.13,360.87,1148.97,704.11,14572.57,5529.07,9043.5,62.06,Low Profitability
C00680,30,Male,North,Professional,416000,Mass,Savings,2,No Loan,0,518200,212900,Yes,1301.3,5506.61,0.0,2192.6,2242.69,517.6,1092.84,1392.73,9000.51,5245.86,3754.65,41.72,Low Profitability
C00681,46,Female,North,Salaried,499000,Mass,Savings,1,Home Loan,1762091,621700,374500,No,82706.07,2306.24,39104.18,262.44,1271.41,1113.92,1010.82,5147.92,124378.93,8544.07,115834.86,93.13,Highly Profitable
C00682,39,Female,West,Salaried,815000,Mass,Savings,3,Home Loan,3517176,521500,458900,No,160039.51,5484.48,57649.43,137.35,2296.0,1045.48,1733.05,7575.05,223310.78,12649.57,210661.21,94.34,Highly Profitable
C00683,59,Male,East,Salaried,689000,Mass,Savings,3,No Loan,0,842700,442100,No,3530.17,2482.01,0.0,464.27,1678.74,1149.43,295.41,900.09,6476.45,4023.67,2452.78,37.87,Low Profitability
C00684,23,Female,North,Salaried,1144000,Affluent,Salary,1,Education Loan,599105,1743900,1706400,No,42894.09,2409.18,13113.36,1620.05,1005.73,1323.99,939.53,1858.03,60036.68,5127.27,54909.4,91.46,Highly Profitable
C00685,65,Male,West,Salaried,922000,Affluent,Salary,3,Personal Loan,322792,1375900,538300,No,39803.97,4783.8,5490.77,381.92,2293.18,1074.9,1749.93,890.84,50460.46,6008.85,44451.61,88.09,Highly Profitable
C00686,33,Male,West,Salaried,656000,Mass,Savings,1,Home Loan,3345590,1093900,1060700,No,153717.48,1631.2,59092.1,2309.57,1361.3,387.87,619.95,5977.1,216750.35,8346.22,208404.13,96.15,Highly Profitable
C00687,70,Female,West,Self-Employed,1782000,Affluent,Current,3,No Loan,0,704500,544900,No,3908.46,6342.05,0.0,1728.31,2750.94,1819.46,252.64,1689.03,11978.82,6512.07,5466.75,45.64,Low Profitability
C00688,48,Male,West,Business Owner,539000,Mass,Savings,2,No Loan,0,243400,148500,Yes,662.06,5970.39,0.0,1738.93,2980.92,2075.97,960.73,617.01,8371.38,6634.62,1736.76,20.75,Low Profitability
C00689,40,Male,North,Business Owner,404000,Mass,Savings,1,No Loan,0,534000,149500,Yes,2767.25,3324.22,0.0,2434.27,2448.47,1400.15,1433.54,967.62,8525.74,6249.78,2275.97,26.7,Low Profitability
C00690,48,Male,North,Self-Employed,903000,Affluent,Savings,2,No Loan,0,1338900,478800,No,4191.66,1958.23,0.0,237.82,1527.5,1189.14,521.75,1633.25,6387.71,4871.64,1516.06,23.73,Low Profitability
C00691,28,Male,East,Self-Employed,693000,Mass,Savings,2,Education Loan,477276,875000,526900,No,33512.01,2457.26,9858.79,1666.92,1752.17,516.65,597.25,1495.48,47494.98,4361.55,43133.44,90.82,Highly Profitable
C00692,61,Male,South,Self-Employed,801000,Mass,Current,3,Home Loan,1611800,309000,307800,Yes,73160.94,3362.35,21141.97,2257.88,3088.63,2054.1,457.86,3404.0,99923.14,9004.59,90918.55,90.99,Highly Profitable
C00693,59,Female,West,Business Owner,1051000,Affluent,Savings,2,Auto Loan,414201,1189400,1264700,No,34831.01,4432.13,6873.22,1580.31,1683.8,987.16,774.78,1551.06,47716.67,4996.81,42719.86,89.53,Highly Profitable
C00694,21,Male,West,Salaried,632000,Mass,Salary,4,Education Loan,531371,875200,910400,Yes,36535.58,4314.89,5643.22,1204.5,3938.68,1773.27,1615.44,2020.49,47698.19,9347.88,38350.31,80.4,Highly Profitable
C00695,23,Female,North,Business Owner,1946000,Premium,Savings,1,No Loan,0,731700,353400,Yes,2523.29,4585.6,0.0,155.28,1916.53,667.42,524.89,1350.33,7264.16,4459.17,2804.99,38.61,Low Profitability
C00696,33,Male,West,Self-Employed,810000,Mass,Savings,2,No Loan,0,196100,91800,No,433.7,1977.8,0.0,510.91,1369.82,2027.04,619.93,1739.62,2922.41,5756.41,-2834.0,-96.97,Low Profitability
C00697,48,Female,West,Salaried,546000,Mass,Savings,3,Education Loan,661157,311400,273600,Yes,43678.01,9260.86,9990.52,2309.99,3625.99,1652.81,1615.69,2303.42,65239.38,9197.91,56041.47,85.9,Highly Profitable
C00698,69,Female,South,Salaried,968000,Affluent,Salary,1,Personal Loan,417046,290100,304500,Yes,46866.67,1985.86,7328.9,2448.66,2144.65,895.4,1686.23,1598.47,58630.09,6324.75,52305.34,89.21,Highly Profitable
C00699,45,Female,West,Salaried,668000,Mass,Current,2,Home Loan,4624338,263900,95900,No,209095.92,3846.5,65063.21,1281.49,1936.67,1741.14,285.5,6964.16,279287.12,10927.47,268359.66,96.09,Highly Profitable
C00700,53,Male,South,Self-Employed,745000,Mass,Current,2,Personal Loan,323909,361700,206500,No,36834.32,2763.2,7715.76,2256.41,1634.8,878.14,1065.27,1589.57,49569.7,5167.78,44401.92,89.57,Highly Profitable
C00701,58,Male,West,Professional,381000,Mass,Savings,1,Auto Loan,295044,390800,375500,No,22946.94,914.38,6654.93,1248.06,1205.5,708.0,674.35,2303.51,31764.3,4891.35,26872.96,84.6,Profitable
C00702,26,Male,East,Salaried,405000,Mass,Savings,3,Personal Loan,793889,164900,110200,No,87775.06,6125.17,7872.73,482.02,2293.61,1834.61,470.24,1237.73,102254.99,5836.19,96418.79,94.29,Highly Profitable
C00703,64,Female,South,Salaried,1255000,Affluent,Savings,3,Auto Loan,618005,1440400,1391400,Yes,54641.6,7271.69,15215.65,305.08,2757.76,2066.9,1029.05,1942.61,77434.02,7796.32,69637.71,89.93,Highly Profitable
C00704,65,Female,South,Retired,355000,Mass,Savings,2,Education Loan,588780,223500,78100,Yes,39228.83,3944.83,12811.55,2098.78,2554.63,398.56,1446.31,1955.03,58083.99,6354.53,51729.46,89.06,Highly Profitable
C00705,52,Male,West,Salaried,654000,Mass,Current,3,Home Loan,1737036,433200,394400,Yes,80512.8,8893.63,18572.95,2351.02,2096.39,465.37,474.57,3313.96,110330.4,6350.29,103980.11,94.24,Highly Profitable
C00706,65,Male,East,Salaried,837000,Mass,Savings,5,Personal Loan,763164,1461600,849400,No,87171.33,7888.67,6645.35,1083.4,3210.44,1983.82,716.76,2206.92,102788.75,8117.93,94670.82,92.1,Highly Profitable
C00707,67,Male,South,Salaried,1523000,Affluent,Savings,4,No Loan,0,2251800,1889500,Yes,4571.81,9231.38,0.0,404.52,2400.76,2099.76,1110.15,1635.83,14207.71,7246.5,6961.21,49.0,Low Profitability
C00708,41,Female,South,Professional,537000,Mass,Savings,1,No Loan,0,456400,227800,Yes,2339.97,2645.79,0.0,2132.48,2188.53,1641.92,1627.41,598.75,7118.24,6056.61,1061.63,14.91,Low Profitability
C00709,36,Male,North,Business Owner,1063000,Affluent,Savings,1,Home Loan,4302340,944300,791400,Yes,196946.16,4521.65,54573.21,923.31,1899.88,1118.01,1625.31,4541.17,256964.33,9184.37,247779.96,96.43,Highly Profitable
C00710,41,Female,South,Salaried,655000,Mass,Salary,3,No Loan,0,222300,188200,Yes,772.84,6240.0,0.0,1269.37,2634.62,1282.95,1255.12,1481.84,8282.21,6654.54,1627.67,19.65,Low Profitability
C00711,31,Female,West,Retired,211000,Mass,Salary,2,Education Loan,592840,325700,197500,No,39496.35,1974.15,13875.09,2483.68,1757.16,1004.88,1378.08,2311.12,57829.27,6451.24,51378.03,88.84,Highly Profitable
C00712,57,Male,North,Business Owner,718000,Mass,Salary,1,Home Loan,4849225,112400,120700,No,218512.11,2140.07,56371.55,1727.24,1010.43,2093.31,374.83,8122.77,278750.97,11601.34,267149.62,95.84,Highly Profitable
C00713,56,Male,South,Salaried,675000,Mass,Current,2,Education Loan,333396,262200,65700,Yes,23064.02,6490.41,4929.58,1832.08,2447.25,1594.84,1284.05,1351.74,36316.09,6677.88,29638.21,81.61,Profitable
C00714,55,Male,North,Professional,884000,Mass,Savings,1,No Loan,0,911600,750300,No,2047.11,844.39,0.0,775.15,994.2,2101.2,736.47,1346.17,3666.65,5178.05,-1511.4,-41.22,Low Profitability
C00715,39,Male,West,Salaried,492000,Mass,Current,3,Education Loan,512261,226800,231900,Yes,34202.67,5187.37,6782.47,716.79,2536.05,2017.6,1341.43,953.77,46889.31,6848.85,40040.46,85.39,Highly Profitable
C00716,40,Male,North,Business Owner,521000,Mass,Savings,3,Personal Loan,966434,622100,608900,Yes,108448.84,7337.62,15880.04,804.97,3046.73,1602.24,404.83,1909.7,132471.48,6963.49,125507.98,94.74,Highly Profitable
C00717,38,Male,South,Salaried,1355000,Affluent,Salary,1,Auto Loan,746557,211400,154300,No,56647.47,1821.03,6777.48,1535.34,1349.89,744.51,1133.07,1871.91,66781.32,5099.38,61681.95,92.36,Highly Profitable
C00718,67,Female,West,Business Owner,582000,Mass,Salary,3,No Loan,0,181800,183900,Yes,916.81,6217.01,0.0,2349.89,3113.58,1153.68,774.53,885.02,9483.72,5926.81,3556.9,37.51,Low Profitability
C00719,61,Male,West,Salaried,244000,Mass,Current,3,Personal Loan,631830,344500,117700,Yes,71401.5,7357.62,6674.57,1744.77,3379.02,1580.37,884.22,2191.03,87178.47,8034.65,79143.82,90.78,Highly Profitable
C00720,69,Male,West,Professional,917000,Affluent,Savings,3,Personal Loan,789547,1009900,719000,No,89657.65,3654.62,18712.34,789.64,1707.77,1190.98,373.93,2831.57,112814.25,6104.25,106709.99,94.59,Highly Profitable
C00721,34,Female,South,Salaried,1125000,Affluent,Salary,5,No Loan,0,204900,222100,Yes,472.92,7801.53,0.0,1640.45,2831.82,1140.79,1303.87,1154.75,9914.9,6431.23,3483.67,35.14,Low Profitability
C00722,35,Female,West,Business Owner,1120000,Affluent,Salary,5,No Loan,0,548300,599200,No,1919.17,10574.91,0.0,433.46,3672.38,1103.85,1392.71,1526.14,12927.53,7695.08,5232.46,40.48,Low Profitability
C00723,51,Male,South,Salaried,499000,Mass,Current,3,Auto Loan,244217,271600,224700,No,19337.63,5414.27,5169.23,1124.67,2786.03,639.52,414.99,1063.12,31045.8,4903.65,26142.16,84.21,Profitable
C00724,21,Male,North,Retired,700000,Mass,Savings,4,No Loan,0,1085700,426100,No,2402.15,4617.25,0.0,2232.77,2991.76,1032.42,1005.81,1558.47,9252.17,6588.46,2663.71,28.79,Low Profitability
C00725,23,Male,South,Professional,938000,Affluent,Savings,1,No Loan,0,1042300,360600,No,4044.27,2319.77,0.0,697.43,966.66,2176.88,1459.29,763.26,7061.47,5366.09,1695.38,24.01,Low Profitability
C00726,36,Female,East,Salaried,1189000,Affluent,Savings,3,No Loan,0,1240500,1282800,Yes,7200.58,9293.37,0.0,1439.47,2564.43,787.37,557.2,1394.25,17933.43,5303.25,12630.17,70.43,Profitable
C00727,43,Female,West,Retired,923000,Affluent,Savings,3,Auto Loan,598206,270500,270100,No,45823.7,3137.22,14879.71,284.75,1784.13,889.94,347.0,2458.64,64125.38,5479.71,58645.66,91.45,Highly Profitable
C00728,31,Female,West,Salaried,1072000,Affluent,Savings,3,Personal Loan,595905,1322800,685300,No,72957.28,3912.24,11175.15,310.17,2020.72,2130.35,1658.3,2027.24,88354.85,7836.61,80518.24,91.13,Highly Profitable
C00729,32,Male,South,Business Owner,468000,Mass,Salary,2,No Loan,0,190600,198600,No,1028.15,4148.17,0.0,265.43,1398.85,1272.91,1420.9,1207.98,5441.76,5300.64,141.11,2.59,Low Profitability
C00730,30,Female,West,Professional,199000,Mass,Savings,1,Personal Loan,796151,201200,72600,No,88330.36,1009.88,11523.24,603.73,977.28,1766.32,686.27,2207.09,101467.21,5636.96,95830.26,94.44,Highly Profitable
C00731,52,Male,West,Salaried,1250000,Affluent,Current,2,Auto Loan,443780,1409800,705300,Yes,40087.27,4797.07,7325.24,1193.64,1958.22,767.99,1373.27,1882.38,53403.21,5981.86,47421.35,88.8,Highly Profitable
C00732,36,Male,South,Retired,416000,Mass,Savings,3,No Loan,0,640300,510600,No,1816.04,3513.99,0.0,2295.66,1923.82,1065.07,246.13,958.99,7625.69,4194.0,3431.69,45.0,Low Profitability
C00733,28,Male,East,Salaried,637000,Mass,Savings,5,No Loan,0,943200,372600,No,2396.15,9647.29,0.0,935.9,2588.12,1482.35,1492.66,1521.2,12979.34,7084.33,5895.0,45.42,Low Profitability
C00734,58,Male,North,Salaried,1092000,Affluent,Salary,2,No Loan,0,506300,552200,No,1016.89,2823.28,0.0,1615.76,1225.02,775.99,822.2,778.93,5455.94,3602.15,1853.79,33.98,Low Profitability
C00735,32,Male,West,Professional,710000,Mass,Current,5,Personal Loan,975047,1179800,518100,No,109960.81,11209.39,10293.37,1434.32,4037.13,1031.07,623.71,1786.2,132897.88,7478.11,125419.77,94.37,Highly Profitable
C00736,44,Female,North,Business Owner,1030000,Affluent,Savings,1,Personal Loan,567654,159200,73000,No,63160.46,1579.06,14161.57,448.78,1193.63,1204.36,536.46,2287.87,79349.86,5222.32,74127.54,93.42,Highly Profitable
C00737,48,Female,West,Salaried,2701000,Premium,Savings,5,Home Loan,3794594,1876400,1226100,Yes,181155.04,9124.16,90402.53,1239.96,4264.02,1898.8,860.39,5409.07,281921.7,12432.28,269489.41,95.59,Highly Profitable
C00738,28,Male,South,Salaried,948000,Affluent,Savings,4,Home Loan,4205316,246000,224300,No,190693.41,9245.17,76039.5,435.9,1727.78,1616.08,1243.54,9295.35,276413.98,13882.75,262531.23,94.98,Highly Profitable
C00739,48,Male,South,Business Owner,469000,Mass,Savings,1,No Loan,0,628300,221400,Yes,2469.14,3601.05,0.0,841.94,1841.54,2041.13,1471.03,898.58,6912.13,6252.28,659.85,9.55,Low Profitability
C00740,56,Male,East,Salaried,316000,Mass,Savings,2,No Loan,0,308200,251900,No,789.6,4350.07,0.0,341.87,1834.0,2137.21,230.88,1602.5,5481.54,5804.59,-323.05,-5.89,Low Profitability
C00741,46,Male,West,Retired,1016000,Affluent,Savings,1,No Loan,0,445700,149100,Yes,891.66,1764.3,0.0,619.73,2503.21,1198.31,1704.98,1207.93,3275.69,6614.43,-3338.74,-101.92,Low Profitability
C00742,28,Male,North,Professional,732000,Mass,Salary,5,No Loan,0,212600,70300,No,1262.75,9587.62,0.0,992.53,2208.01,1098.03,1539.31,1072.15,11842.9,5917.49,5925.41,50.03,Low Profitability
C00743,70,Female,West,Salaried,328000,Mass,Savings,2,No Loan,0,171600,48900,No,904.56,3184.23,0.0,1598.85,1778.39,1365.03,1734.92,1165.79,5687.63,6044.13,-356.49,-6.27,Low Profitability
C00744,48,Male,West,Salaried,1339000,Affluent,Savings,3,Personal Loan,321301,2235100,1593500,Yes,44495.13,7678.63,5386.61,430.68,2526.2,2005.95,611.26,1800.76,57991.05,6944.16,51046.89,88.03,Highly Profitable
C00745,48,Male,South,Self-Employed,1042000,Affluent,Current,2,No Loan,0,1321400,820000,No,3940.93,1730.1,0.0,1527.43,1521.29,337.53,455.89,1112.83,7198.46,3427.54,3770.92,52.39,Low Profitability
C00746,57,Male,West,Salaried,696000,Mass,Salary,5,Home Loan,4704029,382600,195600,Yes,213238.82,13449.58,64773.3,682.16,4528.64,740.75,1599.63,9718.29,292143.86,16587.32,275556.54,94.32,Highly Profitable
C00747,61,Female,South,Professional,2330000,Premium,Salary,2,Personal Loan,523225,3785500,2642400,Yes,77823.02,3970.99,10694.81,258.97,2935.74,1891.44,229.66,1025.89,92747.79,6082.74,86665.05,93.44,Highly Profitable
C00748,56,Female,South,Retired,1229000,Affluent,Salary,2,No Loan,0,461100,312000,Yes,1947.66,5227.34,0.0,2302.8,2459.27,1291.91,864.83,1119.74,9477.8,5735.76,3742.05,39.48,Low Profitability
C00749,47,Female,East,Self-Employed,406000,Mass,Savings,2,Personal Loan,574972,522100,340800,Yes,66370.14,5308.54,13928.29,221.38,2462.52,1883.27,887.61,1638.66,85828.36,6872.06,78956.3,91.99,Highly Profitable
C00750,37,Female,South,Self-Employed,1334000,Affluent,Savings,3,Personal Loan,568510,1135200,450200,Yes,65291.12,4742.7,11027.46,2120.92,2591.93,1538.0,561.9,2174.19,83182.2,6866.01,76316.19,91.75,Highly Profitable
C00751,29,Male,South,Salaried,805000,Mass,Salary,1,Auto Loan,202957,477100,483000,Yes,18051.03,1927.17,3274.49,1826.34,1462.48,1844.76,570.73,1058.09,25079.04,4936.06,20142.97,80.32,Profitable
C00752,53,Male,North,Business Owner,1983000,Premium,Salary,3,Auto Loan,458221,1155700,898000,No,39380.67,5879.67,8386.29,797.76,2379.21,1094.96,1267.56,1800.9,54444.39,6542.63,47901.76,87.98,Highly Profitable
C00753,40,Female,West,Business Owner,1176000,Affluent,Current,1,Personal Loan,817466,1148200,411300,No,94826.13,1084.28,15106.34,1822.83,962.27,318.95,711.05,2098.52,112839.57,4090.78,108748.79,96.37,Highly Profitable
C00754,33,Male,North,Business Owner,914000,Affluent,Savings,3,Home Loan,4543113,1541900,720300,Yes,209738.97,7037.73,102350.64,730.72,3397.52,1580.59,365.78,3198.59,319858.06,8542.47,311315.59,97.33,Highly Profitable
C00755,48,Male,North,Salaried,885000,Mass,Savings,3,No Loan,0,1216700,1094900,Yes,2632.48,4717.8,0.0,2005.47,2377.83,1244.37,740.66,734.18,9355.74,5097.04,4258.7,45.52,Low Profitability
C00756,68,Male,South,Professional,364000,Mass,Salary,2,Home Loan,2483728,452300,411600,Yes,114048.16,3720.9,43663.67,341.25,2355.16,2168.38,1000.38,4486.21,161773.98,10010.13,151763.85,93.81,Highly Profitable
C00757,49,Male,South,Salaried,528000,Mass,Savings,2,Auto Loan,871175,842000,729900,Yes,67951.24,2936.11,15658.94,177.29,2848.72,528.46,265.65,1476.79,86723.59,5119.63,81603.96,94.1,Highly Profitable
C00758,33,Male,North,Professional,785000,Mass,Current,3,Home Loan,4804743,856500,789600,No,219125.67,3070.2,101584.78,431.79,1601.73,1477.1,1785.19,7724.97,324212.43,12589.0,311623.43,96.12,Highly Profitable
C00759,66,Male,West,Professional,329000,Mass,Salary,1,No Loan,0,153500,116400,Yes,634.7,4066.77,0.0,1825.44,2169.91,872.33,1332.52,824.71,6526.9,5199.47,1327.44,20.34,Low Profitability
C00760,55,Female,West,Business Owner,905000,Affluent,Current,2,Home Loan,3204185,1594900,790200,No,147741.52,2318.86,37239.79,2422.22,1452.43,1254.47,381.37,6291.0,189722.4,9379.27,180343.12,95.06,Highly Profitable
C00761,26,Male,South,Salaried,465000,Mass,Savings,3,Auto Loan,844989,480000,265900,No,64354.89,6732.41,12765.16,1667.0,1826.41,439.35,269.25,2493.96,85519.47,5028.96,80490.51,94.12,Highly Profitable
C00762,38,Male,South,Business Owner,564000,Mass,Savings,1,No Loan,0,378000,258200,Yes,914.67,1513.98,0.0,2204.32,1744.79,1935.91,1785.87,1743.38,4632.97,7209.94,-2576.97,-55.62,Low Profitability
C00763,25,Male,South,Salaried,1035000,Affluent,Savings,3,Personal Loan,322369,1484200,681400,Yes,42794.61,8191.71,2900.54,164.15,2835.2,1993.82,1201.41,1398.89,54051.02,7429.31,46621.71,86.26,Highly Profitable
C00764,67,Male,North,Professional,516000,Mass,Current,1,No Loan,0,472400,460700,No,1304.85,952.17,0.0,1085.3,1322.48,1234.07,1159.82,779.44,3342.32,4495.8,-1153.48,-34.51,Low Profitability
C00765,45,Male,West,Salaried,906000,Affluent,Savings,1,No Loan,0,154500,136700,No,626.82,2313.62,0.0,1481.56,1141.25,458.7,554.98,1052.76,4422.0,3207.68,1214.32,27.46,Low Profitability
C00766,22,Male,South,Salaried,758000,Mass,Savings,4,No Loan,0,513900,556600,No,1409.94,3479.93,0.0,1072.64,1902.23,1404.17,1599.56,1179.49,5962.52,6085.44,-122.93,-2.06,Low Profitability
C00767,30,Male,South,Salaried,391000,Mass,Savings,2,No Loan,0,353600,213200,Yes,1109.94,3884.62,0.0,1814.75,2411.74,844.69,312.26,753.98,6809.31,4322.66,2486.64,36.52,Low Profitability
C00768,50,Male,North,Professional,1137000,Affluent,Savings,2,No Loan,0,869600,861000,No,1871.1,2544.11,0.0,631.8,1980.45,347.46,1425.67,1498.72,5047.01,5252.29,-205.28,-4.07,Low Profitability
C00769,70,Male,South,Self-Employed,1169000,Affluent,Salary,4,Personal Loan,391749,1239600,1130800,No,47388.66,3884.1,6578.84,730.27,2758.23,1876.44,413.46,1375.6,58581.86,6423.74,52158.12,89.03,Highly Profitable
C00770,65,Male,North,Business Owner,1205000,Affluent,Salary,1,Home Loan,2128506,545300,521900,Yes,97170.8,4723.72,34001.28,1317.13,1729.09,545.18,1484.67,2054.03,137212.94,5812.96,131399.97,95.76,Highly Profitable
C00771,25,Male,South,Business Owner,1999000,Premium,Savings,3,No Loan,0,2187900,1826700,No,9260.27,3075.12,0.0,1694.54,2485.17,2057.76,543.36,716.42,14029.92,5802.7,8227.21,58.64,Low Profitability
C00772,53,Male,South,Professional,558000,Mass,Salary,5,Education Loan,310819,992000,542300,No,25505.3,4705.46,5094.58,413.07,2049.52,1559.89,1759.49,788.42,35718.41,6157.32,29561.09,82.76,Profitable
C00773,21,Male,South,Salaried,240000,Mass,Current,3,No Loan,0,334500,153000,Yes,1844.26,4580.76,0.0,820.61,3030.05,571.83,524.83,649.73,7245.62,4776.44,2469.18,34.08,Low Profitability
C00774,38,Female,North,Business Owner,488000,Mass,Salary,1,Home Loan,2198670,624400,300600,No,102520.13,2170.21,45529.58,774.19,1125.86,805.89,1161.14,4442.25,150994.1,7535.14,143458.96,95.01,Highly Profitable
C00775,52,Male,North,Self-Employed,1187000,Affluent,Current,3,No Loan,0,571000,417900,Yes,1424.98,7154.76,0.0,1262.25,2647.86,2155.58,1588.51,1398.52,9841.99,7790.47,2051.52,20.84,Low Profitability
C00776,67,Male,South,Salaried,669000,Mass,Salary,1,No Loan,0,742500,740800,No,3018.86,2086.74,0.0,2414.27,1375.18,1532.24,892.94,1443.94,7519.87,5244.3,2275.57,30.26,Low Profitability
C00777,69,Male,South,Salaried,323000,Mass,Savings,2,Personal Loan,306805,485300,306600,No,34941.92,3996.81,6442.24,1038.47,1949.02,1215.93,954.6,1149.42,46419.44,5268.97,41150.47,88.65,Highly Profitable
C00778,31,Female,North,Salaried,277000,Mass,Savings,4,Personal Loan,596342,151500,115000,Yes,66086.33,11352.36,7046.49,2161.07,3117.26,2112.73,1714.47,1467.25,86646.25,8411.71,78234.54,90.29,Highly Profitable
C00779,41,Female,South,Salaried,1529000,Affluent,Salary,1,Home Loan,2400549,448300,391700,No,109336.12,2106.41,55924.17,1061.62,1370.82,357.81,315.58,6066.72,168428.32,8110.93,160317.39,95.18,Highly Profitable
C00780,46,Female,West,Salaried,978000,Affluent,Savings,1,Auto Loan,318393,1214600,1186600,Yes,26369.18,2982.51,2954.54,876.6,2144.27,1028.63,1019.53,1285.99,33182.83,5478.42,27704.41,83.49,Profitable
C00781,45,Female,East,Salaried,533000,Mass,Savings,2,Personal Loan,622851,672300,538700,Yes,72364.09,3515.53,14503.49,319.89,1741.53,1854.66,841.3,1417.79,90702.99,5855.28,84847.71,93.54,Highly Profitable
C00782,42,Male,South,Self-Employed,1971000,Premium,Savings,5,No Loan,0,2911600,2285300,Yes,14927.23,8649.16,0.0,1804.18,3414.18,2114.75,993.4,1241.28,25380.57,7763.61,17616.96,69.41,Profitable
C00783,47,Female,North,Salaried,3005000,Premium,Savings,2,Personal Loan,487561,3572300,3891900,No,68192.27,2663.22,4645.53,792.72,2091.82,1789.79,670.6,2044.81,76293.74,6597.02,69696.72,91.35,Highly Profitable
C00784,69,Male,North,Salaried,1237000,Affluent,Savings,1,Personal Loan,522697,1916500,1884000,No,63973.47,1116.84,5793.4,1782.24,1356.66,1510.82,314.53,1905.33,72665.95,5087.34,67578.6,93.0,Highly Profitable
C00785,33,Male,West,Retired,1061000,Affluent,Current,3,No Loan,0,625000,545900,No,2278.99,4405.01,0.0,977.2,1749.58,544.33,600.59,1219.46,7661.2,4113.96,3547.25,46.3,Low Profitability
C00786,53,Male,West,Self-Employed,936000,Affluent,Savings,3,No Loan,0,194900,186500,Yes,549.77,4665.66,0.0,137.81,3819.94,1319.94,233.9,1366.6,5353.24,6740.37,-1387.14,-25.91,Low Profitability
C00787,54,Male,West,Salaried,1121000,Affluent,Savings,2,No Loan,0,1523600,1675800,Yes,8947.8,5085.31,0.0,479.24,2232.72,1391.85,397.34,817.97,14512.36,4839.87,9672.48,66.65,Low Profitability
C00788,61,Female,South,Self-Employed,2055000,Premium,Salary,5,No Loan,0,1616900,1099300,Yes,5080.16,6247.55,0.0,1965.96,3567.71,1873.73,591.35,1008.46,13293.67,7041.25,6252.42,47.03,Low Profitability
C00789,55,Male,East,Salaried,410000,Mass,Current,2,Personal Loan,896157,203300,172700,Yes,99044.62,5972.28,15955.63,620.17,2757.19,1571.22,672.69,2503.47,121592.7,7504.56,114088.14,93.83,Highly Profitable
C00790,21,Female,North,Salaried,581000,Mass,Savings,2,Home Loan,4071205,136700,128700,No,183786.27,3168.24,76625.2,652.37,1971.04,1906.38,801.63,8372.9,264232.08,13051.96,251180.12,95.06,Highly Profitable
C00791,41,Male,North,Salaried,682000,Mass,Savings,1,Personal Loan,940377,952300,597600,Yes,108198.36,3446.04,17159.19,900.05,1892.81,1403.29,1639.45,1840.45,129703.62,6776.01,122927.62,94.78,Highly Profitable
C00792,68,Male,North,Retired,960000,Affluent,Current,3,Education Loan,138181,1452900,1542500,Yes,17532.88,6382.71,3450.51,543.14,2045.52,557.47,1104.82,766.86,27909.25,4474.67,23434.57,83.97,Profitable
C00793,26,Male,West,Business Owner,1656000,Affluent,Salary,2,No Loan,0,1311400,753900,Yes,5882.96,5764.86,0.0,1392.48,2375.05,1723.59,1630.94,773.1,13040.3,6502.68,6537.62,50.13,Low Profitability
C00794,48,Male,West,Professional,878000,Mass,Savings,4,No Loan,0,1413900,645600,No,3870.73,3221.79,0.0,1333.84,2801.8,1508.73,302.25,1031.77,8426.37,5644.55,2781.82,33.01,Low Profitability
C00795,37,Female,South,Retired,987000,Affluent,Salary,5,Personal Loan,586484,824800,680900,No,67453.15,4108.43,8175.02,1615.96,2538.01,961.52,732.38,1584.0,81352.56,5815.92,75536.64,92.85,Highly Profitable
C00796,25,Female,East,Retired,1016000,Affluent,Salary,1,Auto Loan,497751,1747600,556800,No,43040.07,1273.89,6017.73,2420.52,1073.59,1857.19,817.9,1949.49,52752.22,5698.17,47054.04,89.2,Highly Profitable
C00797,51,Male,North,Business Owner,709000,Mass,Salary,5,Home Loan,3086252,1256600,449400,No,141492.71,4502.18,48247.03,386.81,2199.89,1978.12,296.2,6157.51,194628.73,10631.71,183997.02,94.54,Highly Profitable
C00798,25,Female,South,Business Owner,557000,Mass,Savings,2,Home Loan,2289692,835000,897500,Yes,106016.01,4715.03,42226.99,1022.72,2189.89,1694.41,1676.6,4621.47,153980.75,10182.38,143798.37,93.39,Highly Profitable
C00799,58,Male,East,Salaried,729000,Mass,Savings,2,Auto Loan,786076,417600,204400,No,61126.59,3701.26,10493.57,1298.81,1255.23,1219.62,660.33,3135.13,76620.23,6270.32,70349.91,91.82,Highly Profitable
C00800,23,Female,West,Salaried,488000,Mass,Savings,4,Home Loan,1504148,368200,102400,Yes,69020.01,10202.49,24809.88,2269.4,3418.03,887.68,1450.67,3344.3,106301.79,9100.68,97201.12,91.44,Highly Profitable
C00801,43,Male,South,Self-Employed,493000,Mass,Savings,3,Home Loan,1627760,507200,331400,No,75991.69,5522.66,35571.87,1618.13,1781.24,734.3,948.08,3315.48,118704.35,6779.1,111925.26,94.29,Highly Profitable
C00802,57,Male,South,Self-Employed,857000,Mass,Savings,4,Auto Loan,506506,593300,585700,No,40937.66,6969.98,7701.88,1112.54,3286.09,1878.12,918.64,1981.81,56722.06,8064.66,48657.4,85.78,Highly Profitable
C00803,57,Male,North,Retired,538000,Mass,Savings,3,No Loan,0,807700,430800,Yes,3939.49,3733.17,0.0,223.72,2102.46,1536.49,1556.75,897.26,7896.37,6092.97,1803.41,22.84,Low Profitability
C00804,30,Male,West,Self-Employed,1933000,Premium,Current,5,Auto Loan,767257,3248300,1969900,No,68991.91,5090.48,18203.09,1918.72,3507.09,1517.4,735.18,2273.38,94204.2,8033.04,86171.16,91.47,Highly Profitable
C00805,30,Male,South,Business Owner,759000,Mass,Savings,4,No Loan,0,1348400,516900,No,2984.58,3479.03,0.0,1438.52,3267.09,680.85,265.59,1035.78,7902.13,5249.31,2652.82,33.57,Low Profitability
C00806,39,Female,South,Self-Employed,1478000,Affluent,Savings,2,Auto Loan,203325,1041800,566900,No,21010.27,4362.27,2700.73,1723.09,1833.66,1355.68,1026.9,1019.27,29796.36,5235.51,24560.85,82.43,Profitable
C00807,37,Female,West,Salaried,353000,Mass,Salary,5,No Loan,0,210400,225300,Yes,957.98,7797.29,0.0,861.76,4537.39,2176.26,581.11,513.38,9617.03,7808.14,1808.89,18.81,Low Profitability
C00808,41,Female,North,Self-Employed,359000,Mass,Savings,5,Personal Loan,111917,149300,148600,Yes,12663.53,9213.4,2533.16,716.86,3854.86,1148.69,751.45,867.18,25126.94,6622.19,18504.75,73.65,Profitable
C00809,34,Male,West,Self-Employed,659000,Mass,Savings,2,Education Loan,345259,150500,132300,No,22791.94,3722.18,3658.97,1621.48,1321.68,1348.2,773.71,2218.66,31794.56,5662.25,26132.31,82.19,Profitable
C00810,29,Male,East,Self-Employed,1172000,Affluent,Current,3,No Loan,0,518100,475800,No,2309.22,7341.43,0.0,1116.32,1921.94,1964.36,1623.31,679.43,10766.97,6189.04,4577.93,42.52,Low Profitability
C00811,66,Male,North,Self-Employed,535000,Mass,Salary,4,Home Loan,2196757,331400,271400,Yes,100076.55,9821.85,21325.63,942.2,3217.43,1960.14,1590.0,5282.54,132166.23,12050.11,120116.12,90.88,Highly Profitable
C00812,21,Male,South,Salaried,662000,Mass,Salary,4,No Loan,0,526500,184400,No,1454.65,3997.83,0.0,608.5,3402.38,425.5,1694.39,853.42,6060.98,6375.7,-314.71,-5.19,Low Profitability
C00813,65,Female,North,Self-Employed,1213000,Affluent,Savings,1,No Loan,0,401500,140500,No,1187.53,2334.39,0.0,1076.09,1082.99,2015.41,1121.36,1102.02,4598.0,5321.78,-723.77,-15.74,Low Profitability
C00814,33,Male,West,Business Owner,565000,Mass,Salary,3,Education Loan,170313,849400,600200,Yes,14079.71,4619.67,2712.17,2341.54,2888.35,1546.59,1150.65,1928.81,23753.1,7514.4,16238.69,68.36,Profitable
C00815,24,Male,West,Self-Employed,461000,Mass,Savings,5,No Loan,0,540000,408300,Yes,2700.45,12691.65,0.0,362.6,2997.42,950.65,985.65,951.06,15754.7,5884.78,9869.91,62.65,Low Profitability
C00816,21,Male,West,Self-Employed,1033000,Affluent,Current,2,Home Loan,2075446,1113900,1198600,No,96500.49,4141.9,23968.82,490.04,1441.32,1757.01,1375.26,4441.58,125101.25,9015.18,116086.07,92.79,Highly Profitable
C00817,69,Female,West,Salaried,342000,Mass,Savings,4,No Loan,0,359000,227400,Yes,1726.49,8189.66,0.0,1553.03,2986.78,1227.78,1676.17,540.82,11469.18,6431.55,5037.63,43.92,Low Profitability
C00818,60,Male,North,Salaried,570000,Mass,Current,3,Auto Loan,416672,358200,368900,Yes,32223.33,6513.74,8556.08,677.36,3229.26,1341.45,240.73,2232.59,47970.51,7044.03,40926.47,85.32,Highly Profitable
C00819,52,Male,West,Salaried,745000,Mass,Savings,2,Home Loan,4973756,1264200,1380200,No,230209.46,2377.3,42992.22,2191.76,2043.11,1511.73,636.96,6283.8,277770.74,10475.59,267295.15,96.23,Highly Profitable
C00820,54,Male,North,Salaried,936000,Affluent,Current,1,Home Loan,2825835,498300,482300,Yes,129953.56,4426.92,51150.93,2141.29,1787.83,1832.24,282.46,3118.94,187672.69,7021.47,180651.22,96.26,Highly Profitable
C00821,48,Male,North,Self-Employed,1101000,Affluent,Current,4,Education Loan,420277,1379900,812900,No,32521.81,9859.01,8792.28,1107.68,2468.83,1196.27,744.66,1900.19,52280.78,6309.95,45970.83,87.93,Highly Profitable
C00822,51,Male,North,Professional,1199000,Affluent,Savings,2,No Loan,0,680600,606000,No,3107.14,3052.39,0.0,1732.8,1971.86,793.08,1556.92,1647.24,7892.33,5969.1,1923.23,24.37,Low Profitability
C00823,28,Male,South,Salaried,593000,Mass,Savings,2,Auto Loan,247964,1057200,754500,No,21838.05,4992.92,2568.68,1962.85,1588.33,1463.52,972.42,765.5,31362.5,4789.76,26572.73,84.73,Profitable
C00824,59,Female,South,Salaried,1185000,Affluent,Current,3,Home Loan,2831537,1960300,821400,No,138613.57,3687.23,64220.65,893.3,2002.22,2146.0,1624.89,3683.54,207414.74,9456.66,197958.08,95.44,Highly Profitable
C00825,46,Male,East,Self-Employed,925000,Affluent,Savings,3,No Loan,0,542500,195400,No,2009.15,3015.1,0.0,863.88,2644.08,485.13,1576.12,1075.89,5888.12,5781.22,106.9,1.82,Low Profitability
C00826,54,Female,West,Self-Employed,1041000,Affluent,Savings,2,Personal Loan,935735,1852300,573400,Yes,110315.58,5618.78,19057.67,106.53,1628.58,312.63,426.59,2703.02,135098.57,5070.82,130027.75,96.25,Highly Profitable
C00827,23,Female,North,Self-Employed,494000,Mass,Current,3,Home Loan,2268384,584300,308200,No,103856.98,4317.99,46710.36,663.86,2638.96,1037.7,653.8,3269.01,155549.18,7599.48,147949.7,95.11,Highly Profitable
C00828,70,Female,North,Professional,1009000,Affluent,Salary,3,Home Loan,2722680,1364300,1139800,No,126307.97,6782.73,55296.36,1735.19,2576.81,1333.7,1088.57,5765.76,190122.25,10764.84,179357.41,94.34,Highly Profitable
C00829,32,Male,North,Professional,644000,Mass,Savings,1,No Loan,0,397200,407800,Yes,1155.74,2700.05,0.0,1162.65,2071.97,1270.84,785.74,1680.4,5018.43,5808.94,-790.52,-15.75,Low Profitability
C00830,21,Male,South,Salaried,719000,Mass,Savings,3,No Loan,0,364100,190200,No,1421.2,5603.29,0.0,1613.72,1998.59,898.66,1190.8,1734.59,8638.21,5822.63,2815.58,32.59,Low Profitability
C00831,64,Female,North,Retired,767000,Mass,Savings,3,No Loan,0,1201000,842300,Yes,3063.07,3628.6,0.0,641.98,3751.67,2073.38,1154.68,1030.54,7333.66,8010.26,-676.6,-9.23,Low Profitability
C00832,25,Female,North,Salaried,2238000,Premium,Savings,2,No Loan,0,1351900,876700,No,4801.3,3315.31,0.0,1562.42,1702.26,763.42,251.03,1535.64,9679.03,4252.34,5426.69,56.07,Low Profitability
C00833,50,Male,North,Business Owner,423000,Mass,Savings,4,No Loan,0,703800,241000,No,2483.1,8208.61,0.0,687.05,3011.22,532.56,836.87,590.46,11378.76,4971.1,6407.66,56.31,Low Profitability
C00834,50,Female,East,Business Owner,1346000,Affluent,Current,3,Personal Loan,494220,1016200,910800,Yes,58157.27,7756.19,7363.78,1794.63,2762.31,725.09,918.47,1404.86,75071.88,5810.73,69261.14,92.26,Highly Profitable
C00835,37,Male,East,Business Owner,1537000,Affluent,Salary,1,Personal Loan,948752,253700,175400,Yes,105298.37,2534.85,16286.06,475.6,1786.65,484.74,1623.74,2065.71,124594.88,5960.83,118634.05,95.22,Highly Profitable
C00836,68,Male,West,Salaried,1102000,Affluent,Savings,2,Auto Loan,675428,1242000,1278900,No,54504.42,2710.46,8969.64,794.77,1660.01,1907.14,1338.28,2948.74,66979.28,7854.17,59125.11,88.27,Highly Profitable
C00837,67,Male,West,Salaried,521000,Mass,Current,3,Home Loan,2470177,382100,366900,Yes,112482.79,6737.17,44861.04,595.37,2174.39,1062.95,572.15,5522.62,164676.37,9332.1,155344.27,94.33,Highly Profitable
C00838,43,Male,South,Self-Employed,1780000,Affluent,Savings,1,No Loan,0,3133400,1524500,No,17576.67,2253.1,0.0,160.73,1096.21,1878.23,1136.26,1028.71,19990.51,5139.41,14851.1,74.29,Profitable
C00839,35,Male,East,Salaried,583000,Mass,Savings,1,No Loan,0,459500,237000,No,987.87,1644.29,0.0,2288.99,1280.29,1512.13,865.59,1166.75,4921.16,4824.77,96.4,1.96,Low Profitability
C00840,57,Female,West,Salaried,1021000,Affluent,Savings,1,Home Loan,4057195,682900,482400,No,184179.37,1720.9,46789.71,281.38,1026.52,1201.64,1639.9,9396.35,232971.35,13264.4,219706.95,94.31,Highly Profitable
C00841,41,Male,North,Self-Employed,748000,Mass,Savings,3,Auto Loan,680033,811200,289100,Yes,55638.79,8159.58,7245.8,1096.62,3331.07,494.41,256.72,991.17,72140.79,5073.38,67067.41,92.97,Highly Profitable
C00842,34,Male,East,Self-Employed,571000,Mass,Savings,2,Home Loan,2011531,773300,358400,No,92903.75,2014.3,39951.74,950.18,1267.43,370.57,1794.51,4747.96,135819.97,8180.47,127639.51,93.98,Highly Profitable
C00843,22,Male,South,Business Owner,946000,Affluent,Salary,4,Home Loan,4607689,1650500,1564600,No,212655.17,7287.39,42623.77,537.79,1839.25,1358.98,415.21,7581.7,263104.13,11195.14,251908.99,95.74,Highly Profitable
C00844,31,Male,West,Salaried,1968000,Premium,Salary,3,No Loan,0,521300,198100,Yes,1760.08,6168.54,0.0,1166.4,2812.82,680.07,1209.77,692.43,9095.02,5395.09,3699.93,40.68,Low Profitability
C00845,59,Male,North,Professional,806000,Mass,Salary,4,Personal Loan,975169,678800,484900,No,108906.88,6037.45,23737.45,1309.17,3486.68,1141.78,675.29,2836.17,139990.95,8139.92,131851.03,94.19,Highly Profitable
C00846,58,Female,East,Salaried,2078000,Premium,Savings,3,Home Loan,3215557,2587300,1513200,No,157833.01,4478.97,62187.79,739.28,1940.86,2098.21,1014.49,7227.34,225239.05,12280.91,212958.14,94.55,Highly Profitable
C00847,54,Female,South,Professional,633000,Mass,Savings,3,No Loan,0,100100,42100,No,265.53,5627.57,0.0,1362.79,2281.22,553.99,685.98,1123.33,7255.89,4644.51,2611.38,35.99,Low Profitability
C00848,58,Female,South,Self-Employed,730000,Mass,Salary,4,Personal Loan,642597,698500,750400,Yes,74043.37,10871.7,12049.76,1641.2,3949.34,1642.46,897.06,2698.42,98606.03,9187.28,89418.76,90.68,Highly Profitable
C00849,70,Female,South,Self-Employed,357000,Mass,Savings,3,No Loan,0,528600,502900,No,1548.81,5715.3,0.0,1348.76,1687.12,702.98,570.3,992.15,8612.87,3952.55,4660.33,54.11,Low Profitability
C00850,54,Male,West,Professional,515000,Mass,Current,2,Personal Loan,845644,120500,57400,No,93590.62,2498.86,17966.67,2255.35,2046.4,757.73,332.22,2788.71,116311.49,5925.06,110386.43,94.91,Highly Profitable
C00851,38,Male,South,Salaried,621000,Mass,Salary,2,Personal Loan,224072,442100,405600,No,27250.78,2068.53,3406.48,429.33,1674.97,1513.44,1196.7,1885.41,33155.12,6270.52,26884.6,81.09,Profitable
C00852,50,Male,West,Salaried,584000,Mass,Salary,4,Personal Loan,427907,473900,121100,No,48983.75,9852.07,3545.64,2113.66,2403.49,548.67,1601.21,1596.4,64495.11,6149.76,58345.35,90.46,Highly Profitable
C00853,35,Male,East,Self-Employed,413000,Mass,Savings,3,Personal Loan,975652,550100,267300,Yes,109123.66,4905.68,15105.74,449.39,2802.12,1036.58,1097.88,1606.87,129584.47,6543.45,123041.02,94.95,Highly Profitable
C00854,47,Female,North,Salaried,460000,Mass,Salary,2,Personal Loan,529627,293500,100300,No,59289.71,3185.03,10460.88,1132.21,1706.09,1022.4,943.51,1805.76,74067.84,5477.76,68590.08,92.6,Highly Profitable
C00855,54,Male,East,Self-Employed,598000,Mass,Current,1,Education Loan,180812,332700,203100,No,12929.11,829.48,4389.03,467.06,1356.14,1165.1,243.69,1166.97,18614.68,3931.91,14682.77,78.88,Profitable
C00856,58,Male,West,Salaried,1344000,Affluent,Savings,3,Home Loan,4032316,457700,362600,Yes,182599.08,8312.15,89850.15,1550.88,2620.53,905.15,986.31,5450.0,282312.26,9961.99,272350.27,96.47,Highly Profitable
C00857,53,Female,North,Professional,308000,Mass,Current,2,Home Loan,2036480,552300,218500,No,94555.08,4296.55,17095.95,929.44,1310.97,819.4,1378.03,3379.94,116877.02,6888.33,109988.68,94.11,Highly Profitable
C00858,44,Female,West,Business Owner,223000,Mass,Savings,5,No Loan,0,207000,93800,Yes,728.0,12381.83,0.0,1184.81,3198.18,1785.7,452.99,1313.85,14294.64,6750.72,7543.92,52.77,Low Profitability
C00859,35,Female,South,Salaried,266000,Mass,Savings,3,Personal Loan,819040,61100,35700,No,90392.05,4215.93,14208.56,493.66,2783.28,451.53,1423.11,2208.59,109310.2,6866.51,102443.69,93.72,Highly Profitable
C00860,50,Male,South,Professional,439000,Mass,Salary,1,No Loan,0,121300,95400,Yes,373.79,3692.75,0.0,1236.06,2296.73,1914.66,974.04,960.91,5302.6,6146.34,-843.74,-15.91,Low Profitability
C00861,62,Male,South,Salaried,994000,Affluent,Savings,1,No Loan,0,359000,184600,No,1229.79,1643.22,0.0,1867.07,1393.3,1892.93,1420.6,1691.12,4740.08,6397.95,-1657.87,-34.98,Low Profitability
C00862,37,Male,North,Salaried,575000,Mass,Savings,2,No Loan,0,287100,218600,Yes,1592.72,4972.17,0.0,2342.73,2384.2,2071.98,437.92,641.37,8907.61,5535.47,3372.14,37.86,Low Profitability
C00863,25,Male,West,Salaried,571000,Mass,Savings,1,Personal Loan,694345,783200,428300,No,79275.64,1086.35,13447.37,781.89,1269.57,755.49,522.8,1490.49,94591.25,4038.35,90552.91,95.73,Highly Profitable
C00864,49,Male,East,Business Owner,564000,Mass,Savings,4,Personal Loan,184041,604500,283600,No,22307.51,4770.98,2162.29,1141.49,2096.91,2041.13,913.91,1859.69,30382.27,6911.64,23470.63,77.25,Profitable
C00865,24,Male,South,Self-Employed,249000,Mass,Savings,4,Auto Loan,683593,356400,348100,No,52429.43,5449.62,7643.82,1978.81,3477.09,1155.82,962.71,1926.34,67501.68,7521.96,59979.71,88.86,Highly Profitable
C00866,30,Female,South,Business Owner,1124000,Affluent,Salary,5,Home Loan,4235205,205400,118200,Yes,191728.66,5551.1,99777.13,1438.7,2611.34,1599.14,1790.66,8521.14,298495.59,14522.28,283973.31,95.13,Highly Profitable
C00867,37,Male,South,Salaried,1439000,Affluent,Savings,3,No Loan,0,845300,871200,Yes,3120.31,5927.57,0.0,1875.42,3668.36,1918.38,1777.85,837.82,10923.3,8202.41,2720.89,24.91,Low Profitability
C00868,30,Female,South,Retired,582000,Mass,Current,3,Home Loan,3336886,476700,243000,No,152785.79,6587.53,81780.14,1983.92,2379.55,419.0,931.05,7928.58,243137.38,11658.18,231479.2,95.21,Highly Profitable
C00869,37,Female,North,Business Owner,734000,Mass,Salary,5,Personal Loan,143891,629700,448000,Yes,17843.78,8965.86,1541.73,1860.75,4404.34,365.97,583.68,765.06,30212.12,6119.05,24093.07,79.75,Profitable
C00870,40,Male,South,Salaried,747000,Mass,Savings,5,Home Loan,1675626,178100,52600,No,76456.31,5577.8,34864.49,2384.82,2659.39,683.44,1308.22,2950.56,119283.42,7601.61,111681.82,93.63,Highly Profitable
C00871,44,Female,South,Business Owner,389000,Mass,Savings,4,Personal Loan,964895,386700,320300,Yes,107689.58,10049.5,11026.02,1855.87,2674.51,1365.4,509.76,1282.94,130620.96,5832.61,124788.35,95.53,Highly Profitable
C00872,25,Male,East,Self-Employed,549000,Mass,Savings,4,No Loan,0,342000,316700,Yes,909.2,4801.64,0.0,386.04,3634.74,1778.4,642.07,910.31,6096.88,6965.52,-868.64,-14.25,Low Profitability
C00873,54,Male,South,Salaried,1869000,Premium,Salary,3,Personal Loan,803322,870800,936700,No,91584.14,3188.31,10008.77,2022.79,2685.55,1773.39,1062.24,2035.33,106804.01,7556.51,99247.5,92.92,Highly Profitable
C00874,26,Female,West,Salaried,698000,Mass,Savings,1,Personal Loan,312472,877700,843600,Yes,38520.87,3708.52,4261.73,313.9,1916.21,1996.82,1712.78,2088.17,46805.01,7713.98,39091.04,83.52,Highly Profitable
C00875,22,Male,North,Salaried,792000,Mass,Current,2,Education Loan,294615,228400,117800,No,20417.9,3886.16,5568.64,1052.87,1925.71,1357.08,246.39,1170.42,30925.57,4699.6,26225.97,84.8,Profitable
C00876,33,Female,West,Professional,478000,Mass,Salary,3,No Loan,0,755500,546300,No,1895.05,3903.16,0.0,942.67,1569.46,1364.43,1279.06,1175.49,6740.88,5388.43,1352.45,20.06,Low Profitability
C00877,63,Male,West,Self-Employed,553000,Mass,Salary,3,Home Loan,3680874,904000,680800,Yes,169466.66,5440.28,44875.25,476.08,2696.87,448.97,1584.33,3528.08,220258.28,8258.24,212000.03,96.25,Highly Profitable
C00878,63,Female,South,Salaried,999000,Affluent,Current,4,Personal Loan,326310,686400,204700,Yes,38729.34,3959.76,7366.29,357.83,2894.32,1754.02,1373.95,1674.45,50413.21,7696.75,42716.46,84.73,Highly Profitable
C00879,68,Male,East,Salaried,441000,Mass,Salary,4,No Loan,0,784300,244500,Yes,2598.76,7475.98,0.0,794.48,2893.02,1213.1,971.12,1733.98,10869.22,6811.22,4057.99,37.33,Low Profitability
C00880,31,Male,West,Self-Employed,1706000,Affluent,Savings,3,Auto Loan,866005,1385400,730000,Yes,69985.36,9609.59,20999.88,1747.36,3233.01,696.54,1571.84,2554.66,102342.2,8056.04,94286.15,92.13,Highly Profitable
C00881,67,Male,North,Self-Employed,288000,Mass,Salary,1,Auto Loan,378111,500500,441800,No,29969.15,1475.02,3945.55,594.08,1173.1,537.67,1451.69,1549.76,35983.8,4712.21,31271.58,86.9,Highly Profitable
C00882,43,Female,East,Business Owner,494000,Mass,Savings,2,Home Loan,1266405,878500,432800,Yes,59807.85,4587.78,25664.09,2428.3,2852.74,1989.44,1373.93,3391.96,92488.02,9608.07,82879.95,89.61,Highly Profitable
C00883,36,Female,South,Retired,310000,Mass,Savings,2,No Loan,0,469500,466200,Yes,1940.68,4977.75,0.0,112.24,2194.46,1395.18,369.8,1567.94,7030.67,5527.38,1503.29,21.38,Low Profitability
C00884,51,Female,North,Self-Employed,1450000,Affluent,Savings,2,No Loan,0,516200,412100,No,1156.39,4962.92,0.0,1465.63,1401.01,1474.58,1327.5,837.89,7584.95,5040.97,2543.97,33.54,Low Profitability
C00885,31,Male,South,Salaried,686000,Mass,Savings,3,No Loan,0,764400,495300,No,3000.49,4632.36,0.0,1441.18,1900.24,757.45,448.94,1697.95,9074.02,4804.57,4269.45,47.05,Low Profitability
C00886,36,Female,North,Salaried,598000,Mass,Savings,1,No Loan,0,811900,576000,Yes,2677.0,2191.67,0.0,758.32,1827.89,1345.59,1636.88,913.78,5626.99,5724.14,-97.15,-1.73,Low Profitability
C00887,28,Female,West,Professional,871000,Mass,Savings,1,Home Loan,4307626,242000,128700,No,194776.69,2019.64,80172.0,1529.17,1208.18,602.16,1237.02,7711.38,278497.49,10758.73,267738.76,96.14,Highly Profitable
C00888,24,Female,West,Salaried,1511000,Affluent,Savings,2,Personal Loan,907455,2454600,2645600,Yes,114302.03,5198.65,20852.26,1446.68,2625.83,1095.86,1604.56,1934.13,141799.63,7260.37,134539.26,94.88,Highly Profitable
C00889,60,Male,West,Salaried,788000,Mass,Savings,4,Home Loan,2914163,1225700,489700,No,137222.98,7826.54,54426.86,1750.89,2531.33,767.57,473.66,5803.15,201227.28,9575.71,191651.57,95.24,Highly Profitable
C00890,24,Female,North,Business Owner,1312000,Affluent,Salary,1,Personal Loan,723695,2218400,2177000,Yes,91687.69,2610.38,15712.97,2195.68,2203.8,616.46,1125.77,2597.47,112206.72,6543.49,105663.23,94.17,Highly Profitable
C00891,45,Female,East,Salaried,596000,Mass,Savings,4,Personal Loan,839963,595200,491900,No,94470.75,4875.83,19141.22,341.18,1912.04,1818.99,222.41,2866.21,118828.97,6819.65,112009.32,94.26,Highly Profitable
C00892,23,Male,South,Salaried,413000,Mass,Savings,2,Personal Loan,236016,282900,241800,No,27326.28,3116.37,3769.52,2104.67,1316.8,1557.21,348.54,1873.43,36316.84,5095.98,31220.86,85.97,Highly Profitable
C00893,52,Female,North,Business Owner,795000,Mass,Current,1,No Loan,0,783400,752400,Yes,3018.12,2700.46,0.0,149.13,2076.49,1819.2,755.77,1530.76,5867.72,6182.21,-314.49,-5.36,Low Profitability
C00894,23,Female,North,Salaried,477000,Mass,Savings,3,Personal Loan,108587,645600,236200,No,14777.72,7309.66,917.78,247.9,1879.56,1888.22,652.8,1645.26,23253.06,6065.84,17187.22,73.91,Profitable
C00895,47,Male,West,Salaried,1022000,Affluent,Salary,5,No Loan,0,855100,719000,Yes,3208.25,5961.83,0.0,2278.13,4384.03,1040.55,1480.93,1282.22,11448.22,8187.73,3260.49,28.48,Low Profitability
C00896,49,Male,South,Self-Employed,559000,Mass,Salary,3,Auto Loan,776510,408300,371500,No,59269.96,4259.76,9017.36,1793.53,1746.08,1736.77,1070.01,2331.76,74340.61,6884.63,67455.98,90.74,Highly Profitable
C00897,52,Male,South,Self-Employed,668000,Mass,Savings,3,Auto Loan,753976,185100,201200,No,57619.81,3986.37,7499.52,1642.49,1640.8,1694.49,1647.76,1682.44,70748.19,6665.5,64082.69,90.58,Highly Profitable
C00898,70,Male,West,Salaried,204000,Mass,Salary,4,Home Loan,3634905,181100,160400,No,164444.62,9878.52,90654.26,1342.79,2862.65,768.67,1723.85,2818.25,266320.19,8173.42,258146.77,96.93,Highly Profitable
C00899,39,Female,West,Retired,654000,Mass,Current,4,Personal Loan,272076,522100,552900,Yes,32226.87,4878.0,6788.34,1972.16,3959.44,1609.37,1593.62,889.86,45865.37,8052.29,37813.08,82.44,Highly Profitable
C00900,41,Male,South,Salaried,613000,Mass,Savings,1,Personal Loan,675419,762800,741700,Yes,77532.76,3335.01,7848.11,1849.34,2447.39,2063.43,655.2,2239.23,90565.22,7405.26,83159.97,91.82,Highly Profitable
C00901,25,Female,North,Professional,1327000,Affluent,Current,4,Personal Loan,737331,1159700,1153100,No,86779.14,9822.08,17147.49,925.42,3359.67,1603.04,1178.4,2160.14,114674.12,8301.24,106372.89,92.76,Highly Profitable
C00902,38,Female,North,Salaried,1130000,Affluent,Current,5,No Loan,0,177000,182200,Yes,731.04,7109.5,0.0,1288.76,2889.4,921.96,1418.88,1248.5,9129.3,6478.73,2650.57,29.03,Low Profitability
C00903,48,Male,South,Self-Employed,709000,Mass,Current,3,No Loan,0,673000,472100,No,1927.25,6425.45,0.0,1257.61,2481.78,1633.7,1050.0,1639.34,9610.3,6804.83,2805.47,29.19,Low Profitability
C00904,62,Female,North,Salaried,286000,Mass,Current,4,Education Loan,400002,408000,348600,No,26828.06,7033.38,5867.78,1141.09,2391.51,1404.37,733.82,1272.69,40870.31,5802.38,35067.93,85.8,Highly Profitable
C00905,42,Female,West,Salaried,549000,Mass,Savings,3,No Loan,0,938700,333600,No,3315.8,7020.34,0.0,1736.32,2559.99,1830.86,491.84,1438.05,12072.47,6320.73,5751.73,47.64,Low Profitability
C00906,41,Female,North,Salaried,1328000,Affluent,Salary,2,Personal Loan,585651,622000,344000,Yes,67067.88,6880.53,12469.3,2046.66,2161.12,816.35,1741.62,2873.91,88464.36,7593.0,80871.36,91.42,Highly Profitable
C00907,26,Female,North,Self-Employed,628000,Mass,Salary,3,Auto Loan,629395,532000,530700,No,49059.72,5338.79,12898.58,2392.7,2579.87,608.25,529.96,1860.44,69689.78,5578.52,64111.27,92.0,Highly Profitable
C00908,21,Female,East,Self-Employed,389000,Mass,Current,3,Personal Loan,260469,602300,651100,No,31141.05,5226.74,3181.08,1091.23,2286.75,1121.78,1498.54,1760.74,40640.09,6667.81,33972.29,83.59,Highly Profitable
C00909,25,Female,East,Salaried,1319000,Affluent,Savings,4,Personal Loan,338371,291100,100400,Yes,38577.19,5836.72,5528.19,1776.45,2593.06,1489.98,413.07,1689.42,51718.55,6185.53,45533.02,88.04,Highly Profitable
C00910,61,Male,East,Retired,287000,Mass,Savings,5,Auto Loan,837817,208700,156200,No,63929.75,4513.56,17926.48,1451.36,4106.5,483.9,1781.07,2656.93,87821.15,9028.4,78792.75,89.72,Highly Profitable
C00911,32,Female,South,Salaried,658000,Mass,Current,4,Personal Loan,694964,740400,647400,No,78811.3,8178.27,15563.68,534.25,3270.5,800.14,739.9,2555.06,103087.5,7365.59,95721.91,92.86,Highly Profitable
C00912,46,Female,North,Self-Employed,951000,Affluent,Salary,5,Home Loan,1259461,680100,468400,Yes,59758.45,11366.66,14311.51,833.25,4413.91,617.36,1445.71,1505.82,86269.87,7982.8,78287.07,90.75,Highly Profitable
C00913,66,Female,South,Salaried,750000,Mass,Salary,2,No Loan,0,718100,321700,No,3997.74,4304.27,0.0,2138.0,1532.28,1763.49,444.0,802.27,10440.0,4542.03,5897.97,56.49,Low Profitability
C00914,54,Male,East,Self-Employed,354000,Mass,Salary,4,Home Loan,2685269,601600,171700,No,122407.12,3323.8,28902.59,2038.67,2617.44,1638.48,1347.16,5716.91,156672.18,11319.99,145352.18,92.77,Highly Profitable
C00915,69,Female,West,Professional,420000,Mass,Savings,2,No Loan,0,79600,84300,No,379.05,4774.52,0.0,2143.62,1224.57,1488.29,1304.56,1759.75,7297.2,5777.16,1520.04,20.83,Low Profitability
C00916,34,Male,North,Self-Employed,477000,Mass,Salary,1,No Loan,0,132900,60000,Yes,751.92,1432.79,0.0,202.09,2256.55,1179.82,807.52,1313.77,2386.8,5557.67,-3170.87,-132.85,Low Profitability
C00917,46,Female,South,Salaried,1078000,Affluent,Savings,3,Home Loan,3608305,512000,258200,Yes,164772.63,8410.41,84645.94,2475.98,3354.04,1150.18,264.48,6031.57,260304.95,10800.27,249504.68,95.85,Highly Profitable
C00918,65,Male,South,Salaried,769000,Mass,Savings,3,Personal Loan,520727,603700,480800,Yes,58710.95,5549.33,7375.24,1437.31,2421.81,1283.04,859.27,1959.76,73072.84,6523.89,66548.95,91.07,Highly Profitable
C00919,47,Male,West,Professional,566000,Mass,Savings,5,Auto Loan,536413,524600,322300,Yes,41874.31,6780.3,8829.05,1314.57,3790.28,1855.2,1095.57,2274.74,58798.22,9015.79,49782.43,84.67,Highly Profitable
C00920,29,Male,North,Salaried,877000,Mass,Salary,3,No Loan,0,184600,112600,Yes,509.11,8734.34,0.0,1862.58,3290.83,1432.75,288.32,893.76,11106.03,5905.66,5200.37,46.82,Low Profitability
C00921,46,Male,South,Salaried,463000,Mass,Salary,5,Home Loan,4468201,743700,238100,No,205270.53,7837.23,92940.92,416.03,2098.83,1718.27,630.55,8337.66,306464.72,12785.31,293679.41,95.83,Highly Profitable
C00922,67,Female,North,Salaried,1051000,Affluent,Savings,1,No Loan,0,1473200,1610300,Yes,8792.34,4061.26,0.0,648.56,2183.49,796.27,1766.6,677.21,13502.16,5423.57,8078.59,59.83,Low Profitability
C00923,42,Female,South,Salaried,897000,Mass,Savings,4,Education Loan,644487,531200,261200,Yes,43873.75,10341.45,12871.51,2360.92,4304.18,1207.76,1671.84,1528.93,69447.63,8712.71,60734.92,87.45,Highly Profitable
C00924,67,Female,North,Salaried,619000,Mass,Salary,4,Personal Loan,858572,355100,122000,Yes,96426.08,7447.23,9771.13,596.34,3609.23,1497.75,1508.28,2987.1,114240.78,9602.36,104638.42,91.59,Highly Profitable
C00925,50,Male,East,Professional,640000,Mass,Savings,3,No Loan,0,123000,102000,No,312.46,3092.39,0.0,907.8,1559.24,898.78,440.23,594.3,4312.65,3492.55,820.1,19.02,Low Profitability
C00926,63,Male,North,Business Owner,580000,Mass,Savings,2,Auto Loan,320725,469000,417100,No,24998.82,3437.56,5388.03,690.85,1618.01,1286.98,849.21,1167.82,34515.27,4922.03,29593.24,85.74,Profitable
C00927,68,Female,North,Self-Employed,1211000,Affluent,Savings,4,Education Loan,296918,690100,187400,Yes,22248.79,7621.1,5561.76,1260.13,3240.49,1896.2,531.85,1345.09,36691.78,7013.63,29678.15,80.89,Profitable
C00928,37,Female,West,Salaried,788000,Mass,Current,3,Auto Loan,179617,922300,441700,Yes,18958.54,7367.63,1940.38,2029.5,3608.41,446.97,544.66,1584.96,30296.04,6184.99,24111.06,79.58,Profitable
C00929,46,Male,West,Self-Employed,621000,Mass,Salary,3,No Loan,0,654500,271800,No,2781.24,2425.75,0.0,2110.17,1739.41,1837.07,1608.55,547.32,7317.16,5732.35,1584.81,21.66,Low Profitability
C00930,56,Male,South,Self-Employed,411000,Mass,Savings,3,Home Loan,2790767,710700,654200,No,129793.31,5359.97,22886.03,879.94,1768.02,1445.98,859.68,6442.94,158919.25,10516.63,148402.63,93.38,Highly Profitable
C00931,21,Male,North,Self-Employed,968000,Affluent,Savings,1,Personal Loan,402487,1415400,574900,No,49656.32,1677.09,4127.93,278.14,1333.71,1081.41,1558.37,1248.75,55739.48,5222.24,50517.24,90.63,Highly Profitable
C00932,28,Female,North,Salaried,943000,Affluent,Savings,1,Home Loan,4543945,267300,120300,No,205420.6,2244.53,61702.51,370.1,1050.99,1366.37,786.57,7490.23,269737.74,10694.16,259043.57,96.04,Highly Profitable
C00933,69,Female,West,Retired,524000,Mass,Savings,2,Personal Loan,615890,687500,748600,Yes,71679.24,4859.0,14736.0,2059.86,2583.63,1451.29,286.65,2573.72,93334.11,6895.29,86438.81,92.61,Highly Profitable
C00934,55,Male,South,Self-Employed,556000,Mass,Savings,5,Personal Loan,914359,181700,153900,No,100978.36,12463.28,21044.81,1129.0,3514.03,1783.39,415.06,3251.64,135615.45,8964.12,126651.33,93.39,Highly Profitable
C00935,35,Male,South,Retired,656000,Mass,Salary,3,Auto Loan,213185,448100,259700,No,17470.81,2535.32,3603.96,2070.98,2158.6,1824.04,271.91,1843.88,25681.07,6098.42,19582.65,76.25,Profitable
C00936,67,Female,West,Salaried,371000,Mass,Current,4,Auto Loan,469760,395400,352200,Yes,36724.24,8148.45,8584.84,133.94,4164.07,1706.03,646.1,2308.85,53591.47,8825.05,44766.42,83.53,Highly Profitable
C00937,42,Male,South,Salaried,729000,Mass,Salary,3,Auto Loan,313142,705600,456200,No,25142.22,7377.62,4039.77,183.83,2140.05,332.51,1029.64,1385.86,36743.44,4888.06,31855.38,86.7,Highly Profitable
C00938,34,Male,South,Salaried,283000,Mass,Salary,5,Home Loan,3503057,366200,157700,Yes,159127.41,12824.84,67915.79,857.16,3557.13,1358.5,552.02,4267.32,240725.2,9734.98,230990.21,95.96,Highly Profitable
C00939,46,Male,South,Professional,346000,Mass,Savings,2,Home Loan,2417965,514300,341900,No,110609.1,2343.23,29090.84,589.99,1948.48,1119.66,1124.97,3033.29,142633.16,7226.4,135406.76,94.93,Highly Profitable
C00940,48,Male,West,Salaried,529000,Mass,Savings,1,No Loan,0,803300,728000,Yes,3010.7,3133.18,0.0,1648.47,2457.66,1394.97,670.91,1770.69,7792.36,6294.24,1498.12,19.23,Low Profitability
C00941,43,Male,South,Professional,495000,Mass,Current,4,Home Loan,2879189,121900,49000,Yes,130141.96,10320.35,70180.26,1504.76,2799.44,1450.4,978.54,5685.83,212147.33,10914.2,201233.13,94.86,Highly Profitable
C00942,34,Female,West,Professional,897000,Mass,Savings,3,Home Loan,3313311,1084200,718500,No,151572.5,7308.69,48002.22,2246.33,2491.06,1470.62,701.75,7657.33,209129.73,12320.77,196808.96,94.11,Highly Profitable
C00943,44,Female,West,Business Owner,818000,Mass,Current,3,No Loan,0,1420300,499100,No,8304.74,4997.79,0.0,1992.31,1885.05,964.96,1158.07,1689.2,15294.84,5697.28,9597.56,62.75,Low Profitability
C00944,22,Female,West,Business Owner,1493000,Affluent,Savings,2,Auto Loan,884436,2083900,2013600,Yes,74855.31,4614.99,8580.42,341.93,2599.83,1149.21,1217.41,2419.73,88392.65,7386.19,81006.46,91.64,Highly Profitable
C00945,65,Female,North,Business Owner,737000,Mass,Current,2,Auto Loan,564556,742800,702700,No,46319.57,4273.97,9577.34,2229.04,2073.8,330.35,1575.19,1763.94,62399.93,5743.29,56656.64,90.8,Highly Profitable
C00946,46,Male,West,Business Owner,784000,Mass,Savings,3,Education Loan,500398,1409300,1159100,Yes,37139.89,8831.67,11679.29,388.05,2495.1,2077.35,1520.27,1461.73,58038.9,7554.45,50484.45,86.98,Highly Profitable
C00947,34,Female,East,Salaried,369000,Mass,Savings,3,Personal Loan,126315,82100,84700,No,14161.81,3976.59,2895.14,572.14,1680.43,2177.17,1080.53,1410.0,21605.69,6348.12,15257.57,70.62,Profitable
C00948,27,Male,West,Business Owner,370000,Mass,Current,3,Personal Loan,993943,109300,64500,No,109947.48,5884.84,17717.02,1312.74,2268.24,1061.8,836.43,2344.28,134862.07,6510.75,128351.32,95.17,Highly Profitable
C00949,23,Female,West,Professional,725000,Mass,Savings,2,Auto Loan,596713,1027600,372200,Yes,47291.55,4435.17,13464.57,367.8,2015.55,1097.27,537.67,1205.76,65559.09,4856.24,60702.85,92.59,Highly Profitable
C00950,67,Female,North,Salaried,732000,Mass,Savings,3,No Loan,0,773800,835200,Yes,1868.81,8691.62,0.0,644.36,2467.28,1173.1,1188.38,557.02,11204.79,5385.78,5819.01,51.93,Low Profitability
C00951,43,Male,West,Retired,821000,Mass,Current,1,Auto Loan,744431,291700,200100,Yes,57229.08,2848.14,8391.95,1174.51,1674.71,857.55,1073.16,1921.93,69643.68,5527.35,64116.34,92.06,Highly Profitable
C00952,66,Male,North,Salaried,1407000,Affluent,Savings,3,Education Loan,567076,1082400,708100,No,41042.45,4736.82,8601.25,696.22,2585.98,1127.48,260.1,1310.21,55076.75,5283.77,49792.98,90.41,Highly Profitable
C00953,63,Male,West,Salaried,379000,Mass,Salary,4,Home Loan,4857198,97100,29500,No,219046.72,5313.57,105710.83,2371.85,2682.33,981.44,259.8,3880.05,332442.98,7803.62,324639.36,97.65,Highly Profitable
C00954,67,Male,West,Salaried,1773000,Affluent,Savings,1,Education Loan,494482,1806000,1327100,No,38880.61,2447.6,9897.87,488.81,1034.04,337.17,440.12,1902.39,51714.89,3713.73,48001.16,92.82,Highly Profitable
C00955,65,Male,West,Salaried,308000,Mass,Current,2,Personal Loan,289926,99100,79100,No,32174.0,2741.5,4215.21,1475.65,1318.25,540.63,1347.67,1158.24,40606.36,4364.8,36241.56,89.25,Highly Profitable
C00956,38,Female,North,Professional,859000,Mass,Savings,1,No Loan,0,138600,90400,Yes,673.73,3635.0,0.0,1294.82,2099.66,449.47,1574.79,736.26,5603.55,4860.18,743.37,13.27,Low Profitability
C00957,58,Female,West,Retired,353000,Mass,Savings,5,No Loan,0,240700,246400,Yes,519.0,11981.51,0.0,1186.02,5005.62,753.71,240.87,1014.06,13686.53,7014.26,6672.28,48.75,Low Profitability
C00958,55,Male,South,Professional,1042000,Affluent,Savings,3,Home Loan,4038084,558400,492000,No,183831.15,4938.02,50384.81,661.11,2468.83,489.58,1509.12,6529.29,239815.09,10996.82,228818.27,95.41,Highly Profitable
C00959,35,Male,South,Retired,310000,Mass,Current,3,No Loan,0,231700,65500,No,888.48,3334.56,0.0,557.8,1746.34,737.37,944.6,783.4,4780.83,4211.72,569.12,11.9,Low Profitability
C00960,45,Male,South,Salaried,180000,Mass,Savings,3,Home Loan,2521362,131100,93200,No,113764.36,4231.23,35056.97,828.96,1925.25,307.7,841.95,4761.73,153881.51,7836.64,146044.87,94.91,Highly Profitable
C00961,57,Female,North,Salaried,758000,Mass,Savings,5,No Loan,0,901700,987000,No,2674.92,5729.48,0.0,1522.1,2919.2,2178.68,1071.48,1123.38,9926.5,7292.75,2633.75,26.53,Low Profitability
C00962,48,Male,North,Self-Employed,653000,Mass,Current,3,Education Loan,136217,830600,348700,Yes,11379.03,4865.25,3058.44,1494.1,2450.67,507.56,1699.18,824.23,20796.83,5481.65,15315.19,73.64,Profitable
C00963,30,Male,East,Professional,1286000,Affluent,Savings,1,No Loan,0,463100,358700,Yes,2580.38,1445.67,0.0,1954.1,1823.59,1896.15,1110.22,1057.45,5980.14,5887.41,92.73,1.55,Low Profitability
C00964,59,Male,West,Salaried,731000,Mass,Current,2,Personal Loan,726460,699000,337200,Yes,82741.94,5206.92,10842.71,828.28,2312.96,493.95,367.33,2301.11,99619.85,5475.35,94144.5,94.5,Highly Profitable
C00965,37,Male,West,Retired,465000,Mass,Salary,4,Home Loan,2974485,752000,425500,No,137373.48,5724.63,67555.71,1803.06,3108.29,891.53,954.84,6809.29,212456.87,11763.96,200692.92,94.46,Highly Profitable
C00966,59,Male,West,Business Owner,520000,Mass,Savings,2,Auto Loan,535083,205300,57200,No,40586.92,1802.34,7133.0,2217.18,1364.19,2088.95,1764.55,2179.37,51739.45,7397.07,44342.37,85.7,Highly Profitable
C00967,42,Female,West,Retired,4105000,Premium,Savings,2,Personal Loan,664360,7164600,5980500,No,90374.37,3813.37,9875.81,2158.95,1493.96,890.51,461.31,2983.24,106222.5,5829.02,100393.48,94.51,Highly Profitable
C00968,46,Female,West,Salaried,433000,Mass,Savings,5,Education Loan,467392,78800,71000,No,30715.65,6523.18,8138.35,1217.78,3062.28,1543.81,939.49,2003.92,46594.97,7549.5,39045.47,83.8,Highly Profitable
C00969,64,Female,South,Self-Employed,934000,Affluent,Current,5,Personal Loan,816373,293800,266500,No,91370.06,5377.46,15433.15,1687.19,2343.93,904.73,1315.31,1413.89,113867.85,5977.86,107889.99,94.75,Highly Profitable
C00970,45,Male,North,Professional,873000,Mass,Savings,5,No Loan,0,386700,415700,Yes,855.35,12718.14,0.0,2095.82,4337.16,2091.49,783.96,1275.55,15669.31,8488.16,7181.15,45.83,Low Profitability
C00971,37,Female,East,Professional,946000,Affluent,Savings,1,Personal Loan,521436,875200,842100,Yes,62551.3,2463.29,9276.22,472.49,2165.91,319.9,1430.51,2519.44,74763.3,6435.76,68327.54,91.39,Highly Profitable
C00972,33,Female,West,Salaried,905000,Affluent,Savings,2,Home Loan,4208816,582500,248400,Yes,192624.8,4690.82,85502.69,2397.58,2181.01,777.16,539.46,4743.05,285215.89,8240.68,276975.21,97.11,Highly Profitable
C00973,40,Male,West,Retired,604000,Mass,Savings,2,Personal Loan,360084,507300,226200,No,42395.63,3692.84,3432.15,1545.25,2004.2,1085.03,349.68,1927.21,51065.86,5366.13,45699.73,89.49,Highly Profitable
C00974,45,Male,East,Professional,266000,Mass,Savings,4,Home Loan,4944113,452800,408800,No,223406.4,9955.22,123545.83,777.86,2912.54,1866.49,726.52,6709.25,357685.3,12214.79,345470.51,96.59,Highly Profitable
C00975,24,Male,South,Salaried,763000,Mass,Savings,4,Personal Loan,187659,544200,495400,Yes,22615.52,5187.16,4476.93,1357.81,3045.44,1388.74,1589.77,873.53,33637.42,6897.48,26739.94,79.49,Profitable
C00976,30,Female,North,Salaried,695000,Mass,Savings,4,No Loan,0,1076800,381800,No,5581.12,9534.31,0.0,1867.93,1893.06,2000.12,1342.76,809.06,16983.36,6045.0,10938.37,64.41,Profitable
C00977,23,Male,North,Self-Employed,749000,Mass,Savings,5,No Loan,0,202300,51700,No,1018.46,11487.45,0.0,2070.84,2276.95,1979.08,1772.86,1167.59,14576.76,7196.48,7380.27,50.63,Low Profitability
C00978,61,Female,South,Self-Employed,955000,Affluent,Savings,4,Education Loan,490496,1422700,841100,Yes,36694.61,9936.58,6271.11,839.61,2541.98,2115.1,727.69,2303.57,53741.91,7688.34,46053.57,85.69,Highly Profitable
C00979,65,Male,North,Business Owner,558000,Mass,Savings,2,Home Loan,2811033,913800,768000,No,131532.03,1949.01,23543.15,921.37,1396.69,647.14,1003.9,6287.18,157945.56,9334.9,148610.66,94.09,Highly Profitable
C00980,38,Female,West,Salaried,498000,Mass,Savings,2,No Loan,0,308900,304800,No,1403.72,2588.93,0.0,2062.85,1998.32,1102.38,877.4,1223.85,6055.5,5201.94,853.56,14.1,Low Profitability
C00981,67,Female,South,Business Owner,1149000,Affluent,Savings,2,No Loan,0,1209600,472400,Yes,7228.33,3348.22,0.0,2114.6,3021.27,1112.12,979.68,1043.35,12691.15,6156.42,6534.73,51.49,Low Profitability
C00982,56,Female,North,Business Owner,584000,Mass,Salary,2,No Loan,0,267900,252600,No,894.49,3416.49,0.0,1749.62,1575.21,533.79,426.67,778.47,6060.6,3314.14,2746.46,45.32,Low Profitability
C00983,67,Male,West,Salaried,534000,Mass,Savings,2,Auto Loan,754066,160200,133300,No,57287.74,2007.88,8733.77,1740.29,1380.55,2095.71,515.45,2257.43,69769.68,6249.14,63520.54,91.04,Highly Profitable
C00984,42,Male,North,Self-Employed,509000,Mass,Current,4,No Loan,0,723400,282900,No,2675.11,8750.59,0.0,703.19,2192.65,989.2,1000.94,730.82,12128.89,4913.61,7215.28,59.49,Low Profitability
C00985,54,Female,North,Salaried,971000,Affluent,Savings,1,Personal Loan,452260,1154700,1145800,Yes,55048.92,3666.86,4611.33,2394.68,1395.03,1514.6,1749.1,2187.33,65721.79,6846.06,58875.73,89.58,Highly Profitable
C00986,67,Male,East,Salaried,624000,Mass,Current,3,No Loan,0,868100,905500,No,2638.22,6791.43,0.0,2140.52,1740.36,1447.93,1711.47,1354.67,11570.17,6254.42,5315.75,45.94,Low Profitability
C00987,28,Male,West,Self-Employed,2364000,Premium,Savings,4,Home Loan,4026040,2069600,985000,Yes,188477.29,5724.76,52110.3,2192.18,2821.55,750.23,350.39,8412.0,248504.53,12334.17,236170.36,95.04,Highly Profitable
C00988,60,Male,East,Retired,722000,Mass,Salary,1,No Loan,0,405700,152700,No,2324.22,1854.8,0.0,569.35,1382.79,1387.27,1132.32,642.47,4748.38,4544.85,203.52,4.29,Low Profitability
C00989,69,Male,North,Salaried,360000,Mass,Salary,1,No Loan,0,307500,329800,Yes,970.54,3039.11,0.0,2461.14,1716.84,787.03,1192.44,977.15,6470.79,4673.45,1797.34,27.78,Low Profitability
C00990,64,Male,North,Salaried,550000,Mass,Savings,2,Home Loan,4556008,141300,38100,Yes,205653.78,3604.96,86616.78,1169.31,2709.53,843.12,1217.49,8898.71,297044.84,13668.86,283375.98,95.4,Highly Profitable
C00991,39,Male,West,Salaried,1004000,Affluent,Savings,2,Personal Loan,917149,620300,655100,No,104406.19,3472.01,10511.79,1736.49,1274.11,1345.95,1227.28,2714.72,120126.49,6562.06,113564.42,94.54,Highly Profitable
C00992,62,Male,South,Salaried,503000,Mass,Current,3,Home Loan,3343717,322400,139900,No,151732.39,6108.83,55522.59,2256.85,2072.36,1167.97,298.34,4766.01,215620.66,8304.68,207315.98,96.15,Highly Profitable
C00993,61,Female,East,Salaried,693000,Mass,Salary,3,No Loan,0,921000,573200,No,4402.72,4295.03,0.0,342.07,2032.79,1104.23,1011.65,1728.26,9039.82,5876.94,3162.88,34.99,Low Profitability
C00994,57,Female,North,Business Owner,1199000,Affluent,Savings,3,Personal Loan,691529,285000,145900,No,77490.96,4203.05,7593.75,863.87,2579.41,1047.33,203.61,1839.34,90151.64,5669.69,84481.95,93.71,Highly Profitable
C00995,26,Female,West,Salaried,1302000,Affluent,Savings,2,No Loan,0,722200,274900,Yes,3016.22,3818.55,0.0,983.7,2876.31,1733.9,1668.89,1521.51,7818.47,7800.62,17.86,0.23,Low Profitability
C00996,46,Female,North,Retired,525000,Mass,Savings,3,Home Loan,3623063,318400,175000,No,164157.21,4897.5,81911.97,1957.59,2010.83,833.72,227.05,3824.74,252924.28,6896.35,246027.94,97.27,Highly Profitable
C00997,54,Male,South,Salaried,608000,Mass,Savings,3,No Loan,0,644300,456400,Yes,3372.08,6170.57,0.0,809.35,3346.7,894.05,1443.74,530.51,10352.0,6215.0,4137.0,39.96,Low Profitability
C00998,65,Male,West,Professional,738000,Mass,Savings,1,No Loan,0,408700,134800,Yes,1723.27,4466.61,0.0,1037.83,1856.46,1400.72,584.25,1676.2,7227.71,5517.62,1710.09,23.66,Low Profitability
C00999,26,Male,South,Professional,1465000,Affluent,Savings,2,No Loan,0,539900,506300,Yes,1330.61,3416.09,0.0,1010.91,1905.27,2132.19,1138.23,1143.72,5757.6,6319.4,-561.8,-9.76,Low Profitability
C01000,57,Male,North,Self-Employed,382000,Mass,Savings,4,Personal Loan,525243,219900,204600,Yes,58985.78,6712.15,4872.08,2288.74,2996.21,853.06,922.4,2521.7,72858.75,7293.37,65565.38,89.99,Highly Profitable
C01001,53,Female,West,Salaried,853000,Mass,Savings,2,Personal Loan,429813,721700,669600,No,49581.49,2475.64,7286.41,108.16,1852.91,1090.48,1070.12,1651.05,59451.71,5664.55,53787.15,90.47,Highly Profitable
C01002,42,Male,North,Self-Employed,722000,Mass,Current,4,Personal Loan,604933,734300,612000,Yes,69460.57,5196.61,8875.42,436.92,3818.18,543.84,1161.92,1340.19,83969.51,6864.13,77105.38,91.83,Highly Profitable
C01003,41,Male,West,Business Owner,427000,Mass,Current,2,Personal Loan,102578,89800,57200,Yes,11539.98,3045.82,942.39,2327.98,2898.34,1517.55,1773.18,1217.14,17856.17,7406.2,10449.97,58.52,Profitable
C01004,26,Male,South,Professional,1382000,Affluent,Savings,1,No Loan,0,913800,876000,No,3628.37,1412.97,0.0,1563.28,1249.27,777.32,1450.43,1580.08,6604.61,5057.09,1547.52,23.43,Low Profitability
C01005,26,Female,South,Self-Employed,1207000,Affluent,Salary,3,No Loan,0,1702900,1658700,Yes,4286.22,7991.72,0.0,317.69,3226.68,1299.44,1482.52,770.9,12595.62,6779.53,5816.09,46.18,Low Profitability
C01006,68,Female,North,Salaried,1631000,Affluent,Savings,4,No Loan,0,1852900,912800,No,7902.71,6162.7,0.0,1238.0,2763.0,1098.12,1634.89,1217.37,15303.41,6713.38,8590.03,56.13,Low Profitability
C01007,24,Male,North,Professional,1340000,Affluent,Savings,4,No Loan,0,1209300,796700,Yes,4947.39,5932.49,0.0,2348.53,2996.42,1774.18,1657.38,1313.57,13228.42,7741.56,5486.86,41.48,Low Profitability
C01008,50,Female,West,Retired,704000,Mass,Current,2,No Loan,0,631800,266900,No,3331.9,2781.13,0.0,1914.1,1216.52,1882.5,1565.14,1261.73,8027.13,5925.87,2101.26,26.18,Low Profitability
C01009,31,Male,South,Business Owner,984000,Affluent,Current,4,No Loan,0,746500,348900,Yes,3164.86,5373.91,0.0,714.31,2555.64,1701.11,1399.25,1012.97,9253.08,6668.97,2584.12,27.93,Low Profitability
C01010,50,Male,North,Professional,840000,Mass,Salary,3,Auto Loan,329769,600100,271900,No,26914.02,3480.62,3470.92,1142.88,1880.72,1155.66,201.17,1076.34,35008.44,4313.89,30694.55,87.68,Highly Profitable
C01011,51,Female,North,Self-Employed,425000,Mass,Savings,1,Home Loan,2958549,344700,328500,Yes,134467.09,2441.51,48777.76,1277.74,2183.96,1088.46,1162.58,5173.06,186964.09,9608.06,177356.03,94.86,Highly Profitable
C01012,44,Male,North,Business Owner,342000,Mass,Savings,1,Personal Loan,556727,541800,251000,No,63634.15,2452.39,5072.41,1935.45,1274.6,1083.48,305.84,1729.42,73094.41,4393.34,68701.07,93.99,Highly Profitable
C01013,29,Female,North,Business Owner,858000,Mass,Current,3,Home Loan,1879664,792400,566100,Yes,88830.81,9011.15,17055.35,1967.75,2129.27,1253.1,219.74,4418.79,116865.07,8020.9,108844.16,93.14,Highly Profitable
C01014,23,Female,West,Business Owner,738000,Mass,Savings,3,Education Loan,372003,925700,725800,No,26186.12,5587.23,7888.02,804.97,2232.49,1475.99,232.37,2077.29,40466.34,6018.14,34448.2,85.13,Highly Profitable
C01015,51,Female,West,Salaried,582000,Mass,Savings,1,Personal Loan,305095,863100,762100,Yes,38485.62,3283.0,4658.2,1842.64,1758.64,915.85,1694.83,1263.19,48269.46,5632.51,42636.94,88.33,Highly Profitable
C01016,60,Female,West,Self-Employed,665000,Mass,Savings,5,No Loan,0,573700,157600,No,1339.89,5481.43,0.0,2436.96,2355.26,1690.87,658.88,756.88,9258.28,5461.89,3796.39,41.01,Low Profitability
C01017,57,Male,South,Self-Employed,1852000,Premium,Savings,3,Education Loan,378099,2842100,1859800,Yes,34179.32,8258.25,5124.06,274.17,2236.25,2022.01,1110.96,1338.74,47835.81,6707.95,41127.86,85.98,Highly Profitable
C01018,56,Female,West,Salaried,211000,Mass,Savings,4,Home Loan,1326301,377300,188200,No,60945.51,3694.46,18505.76,2056.67,2360.08,428.56,504.71,2116.43,85202.4,5409.77,79792.62,93.65,Highly Profitable
C01019,44,Male,West,Salaried,995000,Affluent,Savings,3,Home Loan,2517401,977000,936800,No,117315.12,5935.42,38466.56,1524.29,2597.83,341.11,1411.32,5110.56,163241.38,9460.83,153780.56,94.2,Highly Profitable
C01020,51,Female,South,Professional,1113000,Affluent,Savings,3,Personal Loan,673972,906600,255000,Yes,77236.26,5410.03,8880.5,1013.61,2437.53,1583.55,1492.46,2717.17,92540.41,8230.71,84309.7,91.11,Highly Profitable
C01021,26,Female,West,Self-Employed,1192000,Affluent,Savings,2,Personal Loan,858791,1763600,751200,Yes,99541.03,3799.8,15032.06,1995.33,2654.3,1527.19,766.18,1721.73,120368.23,6669.4,113698.83,94.46,Highly Profitable
C01022,22,Female,South,Salaried,328000,Mass,Savings,3,Personal Loan,625175,400500,207600,No,69960.22,6116.42,5776.08,882.1,2444.48,1170.92,218.03,2542.51,82734.82,6375.94,76358.88,92.29,Highly Profitable
C01023,40,Female,West,Professional,596000,Mass,Savings,5,Home Loan,1522299,692400,218900,Yes,72617.13,6284.43,26602.54,904.26,4881.88,1873.65,1217.39,2204.34,106408.36,10177.25,96231.11,90.44,Highly Profitable
C01024,48,Male,West,Professional,580000,Mass,Salary,3,No Loan,0,935000,548000,Yes,4999.04,4065.14,0.0,1301.09,2596.25,1723.91,1599.36,936.72,10365.28,6856.24,3509.04,33.85,Low Profitability
C01025,31,Female,North,Self-Employed,822000,Mass,Savings,2,Auto Loan,244545,1004200,885900,Yes,23584.7,4866.0,6081.28,1198.49,2624.97,2136.66,404.1,1101.55,35730.47,6267.28,29463.18,82.46,Profitable
C01026,24,Female,West,Salaried,376000,Mass,Salary,2,Auto Loan,296933,454400,195600,Yes,23940.84,6123.67,5593.42,419.26,2318.9,1888.12,1322.76,1288.93,36077.19,6818.71,29258.48,81.1,Profitable
C01027,35,Female,South,Retired,862000,Mass,Savings,5,Personal Loan,255467,423600,377600,No,30534.84,6193.89,5122.68,160.58,3838.58,455.56,626.58,1392.71,42012.0,6313.43,35698.56,84.97,Highly Profitable
C01028,26,Female,North,Professional,430000,Mass,Savings,2,No Loan,0,552800,386800,Yes,1244.28,3614.64,0.0,1618.3,2318.39,1090.44,896.97,1341.29,6477.22,5647.09,830.12,12.82,Low Profitability
C01029,69,Male,West,Salaried,594000,Mass,Savings,4,Home Loan,4236160,983900,534300,No,193088.18,9488.8,102372.11,903.82,2904.79,977.31,733.99,7094.12,305852.92,11710.21,294142.71,96.17,Highly Profitable
C01030,50,Male,West,Salaried,1467000,Affluent,Savings,3,No Loan,0,1615100,910100,Yes,4824.12,8789.5,0.0,1356.04,3446.05,1886.54,1650.45,1187.72,14969.65,8170.77,6798.88,45.42,Low Profitability
C01031,58,Male,North,Self-Employed,1112000,Affluent,Savings,2,Education Loan,451538,1824300,636400,Yes,37681.14,5824.0,8334.28,593.16,2258.11,747.74,679.89,1954.84,52432.59,5640.59,46792.0,89.24,Highly Profitable
C01032,22,Female,West,Business Owner,749000,Mass,Savings,4,Home Loan,2735646,532000,246000,No,124523.14,4048.09,37356.71,1462.55,2320.01,508.95,1735.4,4947.01,167390.48,9511.37,157879.1,94.32,Highly Profitable
C01033,35,Male,West,Salaried,325000,Mass,Current,1,No Loan,0,71600,62400,Yes,239.43,4580.46,0.0,894.53,1548.9,448.31,384.35,1636.96,5714.42,4018.52,1695.9,29.68,Low Profitability
C01034,31,Male,North,Self-Employed,840000,Mass,Savings,3,Personal Loan,196254,742900,730500,Yes,23600.36,7239.23,4083.19,1565.81,2580.67,1367.74,1676.95,1547.3,36488.58,7172.67,29315.92,80.34,Profitable
C01035,28,Male,South,Self-Employed,872000,Mass,Current,1,Home Loan,1915391,136500,64900,Yes,86902.21,3777.64,45559.86,1724.48,1919.92,881.26,1257.39,4150.24,137964.2,8208.81,129755.39,94.05,Highly Profitable
C01036,46,Female,North,Professional,221000,Mass,Current,3,No Loan,0,89600,67200,Yes,505.05,6374.06,0.0,107.26,2452.21,659.71,625.98,1276.25,6986.37,5014.15,1972.22,28.23,Low Profitability
C01037,65,Male,South,Self-Employed,849000,Mass,Savings,1,No Loan,0,394300,110200,Yes,2129.87,1906.21,0.0,1134.84,1737.11,2028.03,241.46,1707.86,5170.92,5714.46,-543.54,-10.51,Low Profitability
C01038,64,Male,East,Self-Employed,387000,Mass,Salary,1,Personal Loan,197113,398900,126000,No,22523.82,991.85,3560.48,1842.32,963.01,328.53,440.79,798.25,28918.47,2530.58,26387.89,91.25,Profitable
C01039,25,Male,West,Retired,310000,Mass,Salary,4,Auto Loan,565714,532400,569500,Yes,44168.87,6887.73,11276.95,1875.47,3583.39,1138.3,1688.67,2855.6,64209.03,9265.96,54943.06,85.57,Highly Profitable
C01040,26,Male,South,Salaried,378000,Mass,Salary,2,No Loan,0,69100,69900,Yes,314.43,4487.07,0.0,1013.88,1798.95,1222.62,998.15,1352.77,5815.38,5372.48,442.9,7.62,Low Profitability
C01041,46,Male,South,Salaried,213000,Mass,Savings,2,Home Loan,4158785,115100,36700,Yes,187375.84,3537.92,40992.35,2070.3,2263.72,1324.12,1123.46,3725.63,233976.42,8436.93,225539.49,96.39,Highly Profitable
C01042,24,Male,North,Professional,559000,Mass,Salary,3,Personal Loan,905488,978000,928100,Yes,104479.44,3584.11,11646.19,1660.69,2800.03,1745.46,1526.6,2778.41,121370.43,8850.49,112519.93,92.71,Highly Profitable
C01043,39,Male,East,Salaried,403000,Mass,Salary,3,No Loan,0,646700,218000,Yes,3540.77,7278.19,0.0,2474.06,2421.73,312.13,1198.53,671.72,13293.02,4604.11,8688.92,65.36,Low Profitability
C01044,40,Female,West,Professional,1311000,Affluent,Current,2,No Loan,0,2002600,1910900,Yes,4626.65,5867.41,0.0,1330.05,3000.18,749.72,521.2,523.52,11824.12,4794.62,7029.5,59.45,Low Profitability
C01045,53,Female,West,Salaried,575000,Mass,Savings,4,No Loan,0,173300,177900,Yes,645.52,4173.88,0.0,1001.18,3298.0,1784.74,1116.84,1064.96,5820.58,7264.53,-1443.95,-24.81,Low Profitability
C01046,40,Male,South,Salaried,471000,Mass,Salary,4,Auto Loan,875885,571200,217100,Yes,67525.66,9403.21,10844.89,2306.37,3947.0,944.61,1248.7,1855.22,90080.13,7995.53,82084.6,91.12,Highly Profitable
C01047,69,Female,North,Retired,291000,Mass,Salary,1,Education Loan,246980,141200,53000,No,16870.93,2264.55,3463.89,1068.32,1263.39,1394.18,580.0,2227.34,23667.69,5464.91,18202.77,76.91,Profitable
C01048,32,Male,West,Self-Employed,553000,Mass,Current,3,No Loan,0,677000,702400,Yes,2233.38,8579.44,0.0,1636.88,3634.0,836.57,1690.62,1183.05,12449.7,7344.25,5105.45,41.01,Low Profitability
C01049,67,Female,West,Business Owner,1474000,Affluent,Savings,1,Personal Loan,810515,1260900,638300,Yes,94608.46,3886.38,13045.5,2081.87,2257.28,459.37,483.05,2531.4,113622.21,5731.09,107891.12,94.96,Highly Profitable
C01050,21,Female,South,Salaried,1639000,Affluent,Salary,2,Education Loan,178394,1964900,1280600,No,15596.62,2748.84,2568.0,1205.5,1858.45,778.92,1339.23,1473.08,22118.96,5449.68,16669.28,75.36,Profitable
C01051,46,Male,South,Salaried,573000,Mass,Savings,4,Personal Loan,238497,491400,250000,No,28861.9,3798.95,3022.06,1160.38,1822.03,1866.17,1650.15,1825.01,36843.28,7163.36,29679.92,80.56,Profitable
C01052,34,Male,North,Professional,674000,Mass,Savings,3,No Loan,0,1110600,985000,No,2351.3,6042.05,0.0,792.5,1605.99,947.06,728.2,1133.31,9185.85,4414.56,4771.29,51.94,Low Profitability
C01053,58,Male,East,Salaried,1030000,Affluent,Salary,4,No Loan,0,197500,84800,Yes,844.69,10399.05,0.0,2409.12,3854.67,1343.0,1562.18,729.42,13652.87,7489.28,6163.58,45.14,Low Profitability
C01054,57,Male,West,Self-Employed,398000,Mass,Salary,1,Home Loan,4406924,185500,124300,Yes,199232.19,2739.13,68704.77,2365.56,1804.11,324.85,1144.87,9387.08,273041.65,12660.91,260380.74,95.36,Highly Profitable
C01055,31,Female,West,Salaried,858000,Mass,Salary,2,Personal Loan,402636,1308000,1272500,No,48981.1,2502.22,5129.32,1218.03,1659.89,1291.95,687.09,1254.64,57830.67,4893.57,52937.1,91.54,Highly Profitable
C01056,56,Male,South,Salaried,2573000,Premium,Savings,2,Home Loan,3310985,3513800,3693900,No,156467.01,4030.52,72019.42,885.34,1855.99,1676.68,1370.52,6151.53,233402.29,11054.72,222347.57,95.26,Highly Profitable
C01057,33,Male,South,Professional,1066000,Affluent,Savings,2,Personal Loan,422236,487600,268100,No,49177.93,4075.89,9494.49,406.67,1492.66,1405.58,860.81,2176.6,63154.97,5935.65,57219.32,90.6,Highly Profitable
C01058,63,Male,West,Professional,1048000,Affluent,Salary,4,No Loan,0,367200,127400,No,1272.09,8840.95,0.0,1246.61,3253.22,343.17,523.08,980.49,11359.65,5099.96,6259.69,55.1,Low Profitability
C01059,23,Male,West,Business Owner,1466000,Affluent,Savings,3,No Loan,0,972800,912700,Yes,3759.53,7768.75,0.0,2245.63,2658.59,340.21,1667.2,994.99,13773.91,5660.99,8112.92,58.9,Low Profitability
C01060,53,Male,South,Business Owner,1151000,Affluent,Salary,3,Education Loan,381679,1087800,374400,Yes,30522.61,5615.02,4702.61,2186.04,2348.56,1985.56,1007.03,1638.39,43026.28,6979.53,36046.75,83.78,Highly Profitable
C01061,26,Male,East,Self-Employed,609000,Mass,Savings,3,Auto Loan,820750,138500,126400,No,62199.26,4557.33,18370.5,378.92,2141.62,707.48,1469.13,2248.05,85506.01,6566.28,78939.73,92.32,Highly Profitable
C01062,70,Female,South,Self-Employed,366000,Mass,Savings,4,Personal Loan,576703,565600,472600,No,65304.65,8671.52,14218.92,1266.13,2622.53,1597.61,1714.18,956.35,89461.22,6890.66,82570.55,92.3,Highly Profitable
C01063,30,Male,West,Professional,650000,Mass,Savings,4,No Loan,0,656200,486200,No,2731.47,5016.63,0.0,2057.46,3245.37,359.77,1374.53,1455.24,9805.56,6434.91,3370.65,34.37,Low Profitability
C01064,25,Male,East,Salaried,411000,Mass,Savings,2,Personal Loan,459591,685200,718500,Yes,52182.95,3152.43,8649.5,2104.02,2152.07,879.2,951.64,1548.26,66088.9,5531.16,60557.74,91.63,Highly Profitable
C01065,43,Female,East,Salaried,599000,Mass,Savings,4,Personal Loan,121834,411800,215800,No,15017.92,4682.05,1657.39,2342.38,2633.78,917.36,1571.64,819.4,23699.73,5942.19,17757.55,74.93,Profitable
C01066,30,Male,North,Retired,434000,Mass,Savings,3,Personal Loan,757335,100100,33000,Yes,83678.53,5499.24,12313.57,587.54,3530.39,1919.33,1141.81,1220.64,102078.88,7812.17,94266.71,92.35,Highly Profitable
C01067,64,Female,South,Salaried,565000,Mass,Savings,3,Education Loan,621907,897100,972800,No,44945.15,5309.46,11025.26,1095.6,2351.91,1828.54,360.83,2338.3,62375.47,6879.58,55495.89,88.97,Highly Profitable
C01068,22,Female,South,Salaried,309000,Mass,Current,4,No Loan,0,122600,76600,Yes,637.52,4889.16,0.0,2390.61,3759.38,1880.76,1178.75,1366.42,7917.29,8185.32,-268.03,-3.39,Low Profitability
C01069,33,Male,East,Self-Employed,478000,Mass,Current,1,Home Loan,1697765,336400,208000,Yes,78245.93,3801.93,35565.34,750.26,1741.86,2089.4,208.62,3506.38,118363.46,7546.25,110817.21,93.62,Highly Profitable
C01070,60,Male,South,Business Owner,875000,Mass,Savings,3,No Loan,0,801600,261400,No,4351.85,6221.39,0.0,903.59,2493.97,1007.02,1761.19,1008.86,11476.83,6271.04,5205.79,45.36,Low Profitability
C01071,22,Male,South,Self-Employed,1005000,Affluent,Current,5,Personal Loan,959893,966500,852500,No,111380.84,11331.02,9083.38,641.58,2091.88,713.91,1033.29,2131.43,132436.82,5970.51,126466.3,95.49,Highly Profitable
C01072,40,Male,South,Salaried,892000,Mass,Savings,3,Home Loan,2609711,168400,145200,Yes,118250.34,5505.64,51198.59,1392.89,2483.06,1700.37,347.55,5585.45,176347.45,10116.42,166231.03,94.26,Highly Profitable
C01073,21,Male,North,Retired,569000,Mass,Savings,4,Personal Loan,235237,579900,216600,No,28475.71,6727.27,3974.6,1371.37,2967.51,458.16,679.27,1777.39,40548.96,5882.33,34666.63,85.49,Highly Profitable
C01074,57,Male,South,Business Owner,750000,Mass,Savings,2,No Loan,0,207800,93200,No,537.93,2109.12,0.0,2061.17,1775.74,2157.34,1254.04,1210.28,4708.22,6397.4,-1689.18,-35.88,Low Profitability
C01075,29,Male,South,Professional,2039000,Premium,Current,3,Personal Loan,706671,1405500,371000,Yes,83176.81,6636.2,13608.02,1090.77,2691.36,1715.67,662.07,2346.15,104511.79,7415.24,97096.54,92.9,Highly Profitable
C01076,37,Male,East,Salaried,471000,Mass,Savings,4,Education Loan,223611,828700,833900,Yes,17618.99,6334.55,5157.46,700.54,3227.76,841.66,873.53,1607.14,29811.53,6550.1,23261.44,78.03,Profitable
C01077,29,Female,North,Salaried,1692000,Affluent,Savings,2,Personal Loan,329080,1036500,474600,Yes,41317.45,3066.87,6048.61,2093.79,2784.87,1802.98,678.16,1195.29,52526.72,6461.3,46065.43,87.7,Highly Profitable
C01078,31,Female,North,Salaried,316000,Mass,Savings,3,No Loan,0,471200,489100,No,1460.11,4647.69,0.0,1658.83,2028.4,2031.81,1206.37,564.34,7766.63,5830.92,1935.71,24.92,Low Profitability
C01079,35,Male,North,Salaried,273000,Mass,Salary,1,Auto Loan,493607,270800,199200,No,38505.43,961.03,6426.83,475.01,1283.77,589.44,654.55,1793.55,46368.3,4321.32,42046.98,90.68,Highly Profitable
C01080,44,Male,South,Salaried,646000,Mass,Salary,1,No Loan,0,312700,191200,No,900.34,2187.33,0.0,1468.43,1171.44,1555.33,1500.88,1287.7,4556.1,5515.35,-959.25,-21.05,Low Profitability
C01081,58,Female,South,Salaried,686000,Mass,Savings,3,No Loan,0,920100,236100,No,3619.95,6616.9,0.0,1203.68,2526.85,572.06,1359.37,953.1,11440.53,5411.37,6029.16,52.7,Low Profitability
C01082,55,Male,West,Self-Employed,376000,Mass,Savings,4,Personal Loan,926871,400800,131600,Yes,104271.39,8204.42,16436.78,2129.86,3488.01,1379.89,720.42,2300.09,131042.45,7888.41,123154.04,93.98,Highly Profitable
C01083,50,Female,North,Business Owner,584000,Mass,Salary,5,No Loan,0,601200,231400,Yes,2029.61,10809.37,0.0,1543.96,2458.74,646.72,1199.12,1209.45,14382.94,5514.04,8868.9,61.66,Low Profitability
C01084,51,Male,West,Professional,874000,Mass,Savings,3,Personal Loan,169447,174200,59200,Yes,19494.81,4759.06,3024.37,1998.76,3178.1,1269.7,976.36,1787.66,29277.0,7211.83,22065.17,75.37,Profitable
C01085,69,Female,West,Salaried,409000,Mass,Savings,4,Auto Loan,354203,286600,134100,No,27523.18,5081.18,8325.38,1212.48,3020.62,1247.43,286.49,1447.48,42142.22,6002.02,36140.2,85.76,Highly Profitable
C01086,25,Male,South,Self-Employed,1224000,Affluent,Savings,4,No Loan,0,1667400,635900,Yes,6765.63,5474.89,0.0,2452.97,2708.52,867.24,863.93,1356.82,14693.5,5796.51,8896.98,60.55,Low Profitability
C01087,64,Male,West,Salaried,1300000,Affluent,Salary,3,Personal Loan,366556,1902600,1549200,Yes,50029.26,4426.27,5576.96,2019.5,2686.88,403.0,410.36,1715.21,62051.99,5215.45,56836.55,91.6,Highly Profitable
C01088,70,Male,West,Self-Employed,1388000,Affluent,Current,4,No Loan,0,2074300,1042300,No,10907.3,5882.79,0.0,1536.64,1816.37,1797.71,390.25,706.25,18326.74,4710.57,13616.16,74.3,Profitable
C01089,34,Male,West,Self-Employed,425000,Mass,Savings,3,Personal Loan,117041,90000,77400,Yes,13357.81,6948.57,2223.7,2050.77,3054.24,1203.04,455.64,1761.08,24580.85,6474.0,18106.84,73.66,Profitable
C01090,31,Male,West,Self-Employed,456000,Mass,Savings,3,No Loan,0,190800,69700,No,457.58,6112.61,0.0,868.82,2066.76,1589.84,885.65,1022.14,7439.01,5564.39,1874.62,25.2,Low Profitability
C01091,29,Male,South,Professional,637000,Mass,Salary,1,No Loan,0,1131400,483900,No,6131.66,1555.6,0.0,2445.87,1031.42,1959.11,1667.48,768.88,10133.13,5426.88,4706.24,46.44,Low Profitability
C01092,54,Female,North,Professional,603000,Mass,Savings,4,No Loan,0,245100,225300,Yes,633.71,6755.88,0.0,1095.97,2888.19,785.49,1434.53,1756.58,8485.56,6864.79,1620.77,19.1,Low Profitability
C01093,32,Female,East,Business Owner,585000,Mass,Savings,1,No Loan,0,293400,231500,Yes,906.97,3024.8,0.0,988.93,1939.22,1399.42,1565.21,1348.87,4920.7,6252.72,-1332.02,-27.07,Low Profitability
C01094,55,Male,North,Professional,1061000,Affluent,Savings,2,No Loan,0,1564300,519300,No,9204.91,3087.73,0.0,1990.16,1838.28,1857.5,1377.31,1697.01,14282.79,6770.1,7512.7,52.6,Low Profitability
C01095,55,Male,West,Business Owner,980000,Affluent,Salary,3,Personal Loan,821653,783200,834500,No,92400.04,5258.64,13072.8,1613.4,1891.9,2072.52,1751.42,1932.89,112344.89,7648.73,104696.16,93.19,Highly Profitable
C01096,21,Male,West,Professional,433000,Mass,Savings,5,Personal Loan,795030,148100,133000,No,87898.24,6267.33,9566.76,1943.92,3255.02,430.13,1385.17,2909.79,105676.25,7980.11,97696.15,92.45,Highly Profitable
C01097,60,Female,South,Self-Employed,374000,Mass,Salary,4,No Loan,0,133300,95900,Yes,445.64,5530.68,0.0,1970.92,3260.66,583.86,1465.43,1062.06,7947.24,6372.01,1575.24,19.82,Low Profitability
C01098,42,Male,North,Self-Employed,354000,Mass,Savings,2,No Loan,0,102000,55200,No,532.93,2159.35,0.0,1627.74,1974.34,531.55,1501.13,555.54,4320.02,4562.55,-242.53,-5.61,Low Profitability
C01099,49,Female,East,Business Owner,432000,Mass,Savings,3,Home Loan,3659357,193600,63900,No,165306.75,6036.9,80828.56,2126.83,2387.25,503.1,1301.61,3845.51,254299.04,8037.48,246261.57,96.84,Highly Profitable
C01100,28,Male,South,Salaried,1115000,Affluent,Savings,5,Home Loan,3034825,1081600,599700,No,142303.83,6350.74,34294.0,1843.42,4173.25,2051.13,526.49,3451.79,184791.99,10202.66,174589.34,94.48,Highly Profitable
C01101,31,Male,North,Business Owner,757000,Mass,Salary,3,Personal Loan,191342,132400,69500,No,21421.3,3044.57,3495.77,1485.93,2621.86,1515.96,1753.64,857.57,29447.57,6749.03,22698.54,77.08,Profitable
C01102,61,Female,South,Retired,1165000,Affluent,Savings,3,Education Loan,356626,399900,126600,Yes,24941.88,6738.4,6873.27,1926.76,2492.56,1964.57,969.32,1877.75,40480.32,7304.2,33176.11,81.96,Highly Profitable
C01103,57,Female,East,Business Owner,275000,Mass,Savings,3,Education Loan,371585,452900,414900,No,26797.47,4837.81,3303.38,1294.79,2403.61,1117.63,1526.97,1755.82,36233.44,6804.03,29429.41,81.22,Profitable
C01104,34,Male,North,Salaried,814000,Mass,Savings,2,No Loan,0,1299400,783600,No,2812.01,1678.98,0.0,1264.62,1456.85,1995.53,1478.19,543.38,5755.61,5473.95,281.66,4.89,Low Profitability
C01105,50,Male,West,Salaried,808000,Mass,Current,4,No Loan,0,1231900,1239400,No,6940.82,9937.65,0.0,915.17,2770.38,1509.21,884.06,816.05,17793.63,5979.7,11813.93,66.39,Profitable
C01106,55,Female,South,Professional,1355000,Affluent,Current,4,Auto Loan,364576,1782300,684900,No,32082.97,5799.15,5500.0,2133.18,2865.45,1815.42,1543.37,2072.64,45515.31,8296.87,37218.44,81.77,Highly Profitable
C01107,41,Male,North,Retired,559000,Mass,Savings,3,No Loan,0,694000,360800,Yes,3000.77,6807.75,0.0,818.37,3145.5,1398.17,597.32,1435.81,10626.89,6576.8,4050.08,38.11,Low Profitability
C01108,57,Female,East,Salaried,538000,Mass,Savings,3,Personal Loan,236197,325300,158500,Yes,26695.77,8351.86,5123.02,703.28,3119.79,867.61,767.2,2161.52,40873.94,6916.11,33957.83,83.08,Highly Profitable
C01109,25,Male,North,Professional,1603000,Affluent,Savings,5,Education Loan,653270,1126500,1110000,Yes,47289.82,10615.38,13702.45,626.99,3352.69,1373.38,566.44,1590.52,72234.63,6883.03,65351.6,90.47,Highly Profitable
C01110,39,Female,West,Professional,637000,Mass,Savings,2,Home Loan,3114627,343400,234100,No,141689.79,2659.62,39301.62,1685.19,2050.73,1680.76,291.68,4990.79,185336.22,9013.96,176322.26,95.14,Highly Profitable
C01111,34,Female,East,Salaried,772000,Mass,Salary,2,No Loan,0,1364500,505600,No,7137.24,3260.31,0.0,578.76,1501.66,1569.86,575.71,1161.91,10976.32,4809.13,6167.18,56.19,Low Profitability
C01112,46,Male,South,Professional,910000,Affluent,Savings,2,Home Loan,2893709,1088900,603100,Yes,134207.03,3395.04,66070.54,2182.14,2031.34,1185.07,1237.77,3422.36,205854.75,7876.54,197978.21,96.17,Highly Profitable
C01113,24,Female,West,Salaried,280000,Mass,Savings,4,No Loan,0,488200,513400,No,2764.68,4350.83,0.0,1775.37,2263.82,340.41,1418.53,758.18,8890.87,4780.93,4109.94,46.23,Low Profitability
C01114,45,Male,East,Self-Employed,716000,Mass,Savings,4,Education Loan,211858,428500,308000,No,15262.64,5319.2,4415.04,1995.58,3184.03,1400.57,762.26,1934.01,26992.45,7280.88,19711.57,73.03,Profitable
C01115,65,Male,West,Self-Employed,353000,Mass,Savings,3,No Loan,0,414800,116700,No,981.57,2832.23,0.0,437.98,2306.95,2058.67,1379.91,1164.39,4251.77,6909.91,-2658.14,-62.52,Low Profitability
C01116,62,Male,North,Business Owner,667000,Mass,Savings,3,Personal Loan,906578,935300,279800,No,103041.12,2978.88,16070.45,135.94,1698.71,2058.43,211.28,2480.52,122226.39,6448.94,115777.45,94.72,Highly Profitable
C01117,45,Male,East,Professional,595000,Mass,Savings,2,Home Loan,2712042,182300,82100,No,122629.82,4454.42,63094.19,295.05,1375.64,1934.93,1414.57,6457.89,190473.48,11183.03,179290.45,94.13,Highly Profitable
C01118,38,Female,North,Self-Employed,530000,Mass,Salary,1,No Loan,0,662800,515700,No,2509.18,1224.32,0.0,1725.09,1000.34,1476.81,1543.6,1113.09,5458.6,5133.84,324.76,5.95,Low Profitability
C01119,60,Male,West,Professional,988000,Affluent,Savings,2,No Loan,0,423800,194300,No,1185.92,2696.69,0.0,347.95,1577.58,1267.84,1787.22,546.93,4230.55,5179.57,-949.01,-22.43,Low Profitability
C01120,28,Male,North,Professional,739000,Mass,Savings,3,No Loan,0,510900,496900,No,1778.63,3285.28,0.0,1233.25,2093.42,343.75,1631.15,1457.2,6297.16,5525.52,771.65,12.25,Low Profitability
C01121,59,Male,South,Professional,391000,Mass,Savings,4,Personal Loan,637887,520700,408800,Yes,73054.83,7922.88,9209.81,2027.22,2758.41,965.64,1305.99,1591.93,92214.75,6621.97,85592.77,92.82,Highly Profitable
C01122,60,Male,West,Self-Employed,383000,Mass,Current,4,Education Loan,432691,335500,169600,Yes,29671.51,8882.29,7674.08,958.38,3030.31,1921.91,755.17,1957.24,47186.26,7664.64,39521.62,83.76,Highly Profitable
C01123,34,Male,North,Salaried,1111000,Affluent,Savings,1,No Loan,0,1855300,1085100,No,5180.88,2407.05,0.0,212.9,1224.64,601.18,655.12,1339.09,7800.84,3820.04,3980.8,51.03,Low Profitability
C01124,52,Female,South,Self-Employed,686000,Mass,Savings,1,No Loan,0,375900,213900,Yes,831.3,3115.85,0.0,2220.17,1636.43,1833.66,387.08,556.95,6167.33,4414.11,1753.22,28.43,Low Profitability
C01125,58,Female,West,Professional,320000,Mass,Savings,4,Home Loan,1769465,129200,66800,No,79996.29,5241.54,25991.55,1799.82,2489.77,815.42,659.01,3497.79,113029.2,7462.0,105567.21,93.4,Highly Profitable
C01126,53,Female,South,Salaried,557000,Mass,Savings,1,No Loan,0,393400,309000,No,1430.67,1666.77,0.0,184.49,1173.37,1339.74,688.33,1501.16,3281.93,4702.6,-1420.67,-43.29,Low Profitability
C01127,43,Male,East,Retired,642000,Mass,Current,2,Personal Loan,180431,998700,420900,Yes,23311.43,4027.57,1675.82,878.78,2654.88,855.29,1341.96,997.14,29893.61,5849.26,24044.35,80.43,Profitable
C01128,35,Male,North,Professional,355000,Mass,Current,1,No Loan,0,549600,273900,No,2964.51,1951.13,0.0,993.58,1182.23,820.09,1362.23,1142.37,5909.22,4506.92,1402.3,23.73,Low Profitability
C01129,53,Male,North,Business Owner,493000,Mass,Salary,3,Personal Loan,326856,374400,120700,No,37580.51,4075.19,7975.32,2184.82,2742.99,1957.7,1033.67,1061.57,51815.85,6795.92,45019.93,86.88,Highly Profitable
C01130,45,Male,West,Business Owner,1160000,Affluent,Savings,2,No Loan,0,1724000,982000,Yes,9257.8,7154.27,0.0,306.04,2236.43,1613.25,1435.5,1748.41,16718.11,7033.59,9684.52,57.93,Low Profitability
C01131,37,Male,South,Self-Employed,2753000,Premium,Savings,2,No Loan,0,766300,233500,No,4594.36,3839.04,0.0,1947.89,1494.41,709.17,747.44,800.99,10381.29,3752.01,6629.28,63.86,Low Profitability
C01132,53,Male,East,Business Owner,827000,Mass,Savings,3,Home Loan,838746,134400,35600,No,38168.46,4828.3,11465.54,2437.95,2723.85,1207.85,953.19,2274.39,56900.25,7159.28,49740.97,87.42,Highly Profitable
C01133,67,Male,West,Self-Employed,332000,Mass,Savings,2,No Loan,0,523500,418300,No,2046.79,2383.97,0.0,1025.42,1288.28,1273.91,277.32,1049.06,5456.18,3888.56,1567.62,28.73,Low Profitability
C01134,22,Female,North,Professional,621000,Mass,Savings,1,Auto Loan,186184,988800,383700,No,18732.01,956.3,4329.49,157.03,1343.0,1686.14,1058.55,1486.95,24174.82,5574.64,18600.18,76.94,Profitable
C01135,34,Male,North,Business Owner,749000,Mass,Current,3,Home Loan,4311107,289600,81100,Yes,195171.83,4791.99,105947.71,676.36,2673.53,1592.28,820.24,9059.37,306587.88,14145.42,292442.46,95.39,Highly Profitable
C01136,60,Male,North,Professional,1079000,Affluent,Savings,4,No Loan,0,691900,213200,No,2288.31,7076.22,0.0,404.12,2856.14,1580.24,306.43,1124.23,9768.65,5867.03,3901.62,39.94,Low Profitability
C01137,60,Male,West,Professional,1093000,Affluent,Savings,2,Auto Loan,320600,1698000,712000,Yes,32984.67,5136.64,5116.84,1993.65,2764.47,1023.26,348.59,1928.26,45231.81,6064.58,39167.23,86.59,Highly Profitable
C01138,59,Male,South,Salaried,1482000,Affluent,Savings,2,No Loan,0,427100,368500,No,2378.82,1632.16,0.0,943.34,1295.6,739.53,1251.9,575.01,4954.33,3862.05,1092.28,22.05,Low Profitability
C01139,26,Female,West,Salaried,699000,Mass,Current,1,Auto Loan,585637,1100300,286200,No,47347.94,2064.91,12022.28,2255.98,1399.8,1255.09,1389.46,1226.5,63691.11,5270.84,58420.26,91.72,Highly Profitable
C01140,26,Male,South,Professional,707000,Mass,Savings,3,Personal Loan,756223,776400,673600,Yes,85611.42,3978.53,12393.04,2293.41,2881.92,1734.5,357.4,2914.52,104276.39,7888.34,96388.05,92.44,Highly Profitable
C01141,23,Male,North,Salaried,248000,Mass,Savings,4,No Loan,0,306200,231900,No,1307.41,3730.52,0.0,984.98,2582.86,2006.15,1439.8,1107.92,6022.91,7136.73,-1113.82,-18.49,Low Profitability
C01142,27,Male,North,Self-Employed,401000,Mass,Salary,2,Education Loan,482008,453700,311600,Yes,33719.5,5417.92,5226.75,1551.34,2667.95,1693.75,1581.7,1485.41,45915.51,7428.81,38486.7,83.82,Highly Profitable
C01143,28,Male,West,Self-Employed,331000,Mass,Current,3,Education Loan,544852,367800,376200,Yes,36915.89,7191.89,7206.43,2366.01,2492.61,1050.78,1105.81,1185.05,53680.22,5834.25,47845.97,89.13,Highly Profitable
C01144,62,Male,South,Salaried,441000,Mass,Savings,1,Personal Loan,687715,200800,191800,Yes,76098.48,2448.04,14705.65,307.04,1743.36,2118.72,981.97,2048.42,93559.21,6892.47,86666.74,92.63,Highly Profitable
C01145,35,Female,West,Salaried,372000,Mass,Savings,2,Personal Loan,500577,200700,121600,Yes,55701.7,4746.19,10588.51,1955.05,2375.93,1946.51,936.1,2017.8,72991.44,7276.34,65715.11,90.03,Highly Profitable
C01146,67,Female,West,Professional,386000,Mass,Savings,1,Auto Loan,416970,427300,109300,No,32986.82,832.25,8805.31,217.62,1168.78,2019.25,674.65,1182.15,42842.0,5044.84,37797.16,88.22,Highly Profitable
C01147,49,Female,North,Business Owner,1274000,Affluent,Salary,5,Personal Loan,283126,1034900,883800,No,36263.24,6363.73,6004.21,1164.76,3292.95,838.84,1635.41,1358.28,49795.95,7125.48,42670.47,85.69,Highly Profitable
C01148,53,Male,South,Self-Employed,243000,Mass,Salary,3,No Loan,0,253500,73700,Yes,1292.79,7377.06,0.0,1329.9,2174.66,2167.56,1590.0,1582.6,9999.75,7514.82,2484.93,24.85,Low Profitability
C01149,50,Female,West,Retired,628000,Mass,Savings,2,Personal Loan,432486,356700,173500,No,49360.25,3213.99,7979.68,1418.53,1870.42,812.44,1018.47,2074.21,61972.46,5775.54,56196.92,90.68,Highly Profitable
C01150,59,Male,West,Salaried,1126000,Affluent,Salary,4,Auto Loan,629403,1030600,689600,Yes,49657.32,10170.2,6584.68,2137.68,3538.2,610.51,587.9,1928.43,68549.89,6665.03,61884.86,90.28,Highly Profitable
C01151,47,Male,South,Salaried,593000,Mass,Savings,2,Auto Loan,751251,229300,76700,Yes,57367.42,3295.14,8875.69,595.61,1957.88,703.05,1656.41,1904.41,70133.86,6221.75,63912.11,91.13,Highly Profitable
C01152,56,Female,South,Professional,1452000,Affluent,Salary,1,Education Loan,438715,309800,256300,No,29663.27,2266.48,5922.93,1158.5,1329.21,1533.27,1370.19,1604.96,39011.18,5837.63,33173.56,85.04,Highly Profitable
C01153,49,Male,West,Professional,503000,Mass,Savings,5,No Loan,0,864800,452400,No,2814.14,8132.37,0.0,758.43,3067.74,1061.26,1516.53,1147.17,11704.93,6792.69,4912.24,41.97,Low Profitability
C01154,58,Male,South,Salaried,1834000,Premium,Savings,2,Home Loan,1890454,2463100,1373000,Yes,98150.56,3433.88,21032.22,1516.86,2174.72,605.1,1524.35,4495.79,124133.52,8799.95,115333.57,92.91,Highly Profitable
C01155,53,Female,North,Retired,295000,Mass,Salary,5,No Loan,0,286700,229700,No,984.38,4396.3,0.0,1439.55,2812.1,1720.67,502.24,1439.38,6820.24,6474.38,345.86,5.07,Low Profitability
C01156,57,Male,South,Retired,1454000,Affluent,Savings,3,Home Loan,1255181,1540000,906300,No,60687.44,2406.61,23299.21,1990.1,2509.43,565.68,286.49,2082.91,88383.37,5444.5,82938.86,93.84,Highly Profitable
C01157,47,Female,East,Salaried,428000,Mass,Salary,5,Personal Loan,152245,425200,187500,No,18780.66,9414.9,2607.83,525.99,2132.2,437.74,1008.37,1551.58,31329.38,5129.89,26199.49,83.63,Profitable
C01158,53,Male,West,Salaried,1550000,Affluent,Savings,4,No Loan,0,2531200,1013100,Yes,6434.39,5962.79,0.0,2058.61,3822.43,1928.93,945.73,1177.08,14455.79,7874.17,6581.62,45.53,Low Profitability
C01159,24,Female,South,Professional,541000,Mass,Savings,1,Home Loan,2871751,771700,667900,Yes,131679.35,2704.41,50428.8,936.44,2378.74,1329.31,714.24,5398.4,185749.0,9820.69,175928.3,94.71,Highly Profitable
C01160,42,Female,North,Salaried,1285000,Affluent,Current,4,No Loan,0,882100,783300,Yes,3332.4,9123.02,0.0,1464.91,3647.74,1512.11,1357.39,599.01,13920.33,7116.25,6804.08,48.88,Low Profitability
C01161,22,Female,North,Salaried,1410000,Affluent,Savings,1,No Loan,0,719100,299400,Yes,1845.71,2119.51,0.0,648.16,2111.29,2197.83,1170.76,1229.13,4613.38,6709.0,-2095.63,-45.42,Low Profitability
C01162,30,Male,South,Professional,509000,Mass,Savings,3,Personal Loan,838618,132200,68900,No,92664.32,4692.48,9855.57,1246.0,2193.47,2116.44,816.39,2391.99,108458.37,7518.29,100940.08,93.07,Highly Profitable
C01163,25,Male,East,Self-Employed,1228000,Affluent,Savings,3,Home Loan,2508268,483700,514200,Yes,115080.85,4632.82,59067.53,499.69,3403.87,1088.63,981.11,4574.17,179280.9,10047.77,169233.13,94.4,Highly Profitable
C01164,30,Male,West,Self-Employed,689000,Mass,Salary,3,No Loan,0,660500,717700,No,2793.67,3691.39,0.0,1744.61,2480.2,1237.63,1062.96,1241.13,8229.66,6021.92,2207.74,26.83,Low Profitability
C01165,53,Male,West,Salaried,313000,Mass,Salary,4,No Loan,0,151600,113300,No,815.17,3873.28,0.0,209.0,2825.59,413.77,1705.22,1411.25,4897.46,6355.83,-1458.38,-29.78,Low Profitability
C01166,58,Male,West,Business Owner,926000,Affluent,Savings,4,No Loan,0,616200,550500,No,1579.67,5477.77,0.0,1542.61,3217.19,1227.89,1028.49,801.02,8600.05,6274.6,2325.45,27.04,Low Profitability
C01167,33,Male,East,Self-Employed,400000,Mass,Savings,4,Personal Loan,111021,148000,131100,Yes,13019.72,5977.77,999.92,1902.63,3304.56,832.48,1247.21,1382.61,21900.04,6766.86,15133.18,69.1,Profitable
C01168,51,Male,South,Salaried,489000,Mass,Savings,4,No Loan,0,817900,479500,No,1883.2,8487.9,0.0,2216.1,3114.35,1738.12,1656.04,785.14,12587.2,7293.64,5293.56,42.06,Low Profitability
C01169,67,Female,South,Salaried,428000,Mass,Savings,2,Auto Loan,560297,88000,25600,No,42459.96,4954.9,11574.63,2062.38,1257.22,988.48,1346.82,2025.46,61051.87,5617.99,55433.89,90.8,Highly Profitable
C01170,56,Male,West,Self-Employed,862000,Mass,Salary,4,Auto Loan,436437,629700,553900,No,34513.3,9994.45,3862.3,2246.81,2929.85,325.98,1071.03,2039.63,50616.87,6366.49,44250.37,87.42,Highly Profitable
C01171,65,Male,East,Retired,407000,Mass,Current,3,Personal Loan,736074,234400,85700,No,82283.68,4368.31,15770.7,1574.71,2780.28,1651.49,842.63,2836.87,103997.41,8111.27,95886.14,92.2,Highly Profitable
C01172,44,Male,South,Retired,357000,Mass,Savings,4,Home Loan,4086823,58400,29000,No,184033.54,8593.07,77220.75,224.46,2937.3,689.89,379.58,8427.33,270071.82,12434.09,257637.73,95.4,Highly Profitable
C01173,35,Female,South,Salaried,394000,Mass,Savings,5,Personal Loan,924043,662800,343500,No,104508.67,6372.56,16367.57,2429.38,2691.64,822.23,1457.6,1667.91,129678.18,6639.39,123038.78,94.88,Highly Profitable
C01174,49,Female,West,Business Owner,474000,Mass,Salary,1,No Loan,0,316400,173000,No,649.03,1043.13,0.0,1967.34,1177.94,448.47,1459.5,1660.63,3659.5,4746.54,-1087.05,-29.7,Low Profitability
C01175,28,Female,West,Professional,920000,Affluent,Savings,2,No Loan,0,900500,581600,Yes,4452.21,4882.82,0.0,1523.52,3036.77,1781.99,1755.1,599.61,10858.56,7173.47,3685.08,33.94,Low Profitability
C01176,25,Female,North,Professional,1154000,Affluent,Salary,4,Personal Loan,532275,1282400,867400,No,61288.12,6442.91,6378.98,1202.75,2562.03,766.56,1018.2,1769.39,75312.76,6116.18,69196.58,91.88,Highly Profitable
C01177,49,Male,South,Self-Employed,1145000,Affluent,Savings,1,Education Loan,195543,1325100,875900,Yes,19214.7,2552.31,1574.63,334.08,1725.99,1749.34,1323.01,1226.34,23675.73,6024.68,17651.05,74.55,Profitable
C01178,67,Male,West,Salaried,687000,Mass,Current,3,Auto Loan,456880,624800,242700,No,37536.26,4268.13,11109.56,125.12,1696.13,346.36,1764.67,1975.12,53039.07,5782.28,47256.79,89.1,Highly Profitable
C01179,24,Male,South,Professional,677000,Mass,Current,4,Auto Loan,263903,764900,613100,No,24062.48,5253.95,4181.25,1144.44,3213.54,1525.0,1179.57,736.46,34642.11,6654.56,27987.55,80.79,Profitable
C01180,32,Female,West,Salaried,633000,Mass,Current,1,Education Loan,392677,880100,811200,No,28549.5,2377.24,3431.64,2436.17,1029.36,528.92,1519.29,2122.13,36794.55,5199.7,31594.85,85.87,Highly Profitable
C01181,65,Male,South,Salaried,894000,Mass,Savings,5,No Loan,0,1538500,988500,No,6415.69,11509.83,0.0,1361.78,4185.7,1101.7,857.16,1582.72,19287.3,7727.28,11560.02,59.94,Profitable
C01182,22,Male,North,Business Owner,1296000,Affluent,Savings,5,No Loan,0,1599400,1539500,Yes,7891.62,6081.98,0.0,1041.49,2797.53,888.55,498.26,1128.52,15015.09,5312.85,9702.24,64.62,Low Profitability
C01183,47,Female,West,Retired,644000,Mass,Savings,2,Personal Loan,624925,587800,368900,Yes,71847.06,5803.87,14254.05,1192.6,1974.6,1782.72,1548.79,2345.25,93097.58,7651.37,85446.21,91.78,Highly Profitable
C01184,51,Female,North,Salaried,938000,Affluent,Salary,4,Home Loan,2815345,828800,607600,Yes,130943.41,6867.41,38905.23,816.25,3401.34,1806.93,888.63,4144.48,177532.29,10241.39,167290.91,94.23,Highly Profitable
C01185,56,Female,North,Business Owner,354000,Mass,Savings,1,Personal Loan,747208,467700,144600,No,84714.35,1764.8,17146.74,2444.18,1285.31,1918.57,1390.19,2547.54,106070.07,7141.61,98928.46,93.27,Highly Profitable
C01186,56,Female,West,Salaried,1119000,Affluent,Salary,4,Auto Loan,842529,1325600,496900,No,70600.54,4608.94,13078.84,419.76,2251.38,329.83,1041.49,1727.77,88708.07,5350.47,83357.61,93.97,Highly Profitable
C01187,46,Female,South,Professional,788000,Mass,Current,3,Home Loan,1549558,664800,599800,Yes,72789.04,7301.11,16794.07,1768.41,3361.6,1914.51,931.31,1939.01,98652.62,8146.43,90506.19,91.74,Highly Profitable
C01188,63,Male,West,Self-Employed,397000,Mass,Savings,4,Home Loan,1952564,279600,129100,Yes,88619.16,7635.63,25109.76,1183.53,2578.86,759.38,282.43,2908.84,122548.07,6529.51,116018.56,94.67,Highly Profitable
C01189,47,Male,West,Salaried,1260000,Affluent,Salary,2,No Loan,0,2253800,743100,Yes,12021.6,6363.61,0.0,466.14,2239.06,1886.66,1430.41,748.05,18851.35,6304.17,12547.17,66.56,Profitable
C01190,25,Female,West,Salaried,354000,Mass,Salary,3,No Loan,0,501000,367200,Yes,1930.43,4443.25,0.0,1510.64,2137.37,1889.04,714.01,1070.14,7884.31,5810.56,2073.75,26.3,Low Profitability
C01191,40,Female,West,Self-Employed,200000,Mass,Savings,4,Personal Loan,369782,98200,32400,No,40892.31,4109.12,6824.64,1527.38,2414.39,723.9,825.49,1984.35,53353.45,5948.13,47405.32,88.85,Highly Profitable
C01192,31,Male,West,Salaried,1115000,Affluent,Savings,2,Education Loan,430722,704800,586000,No,31171.58,2782.13,8758.18,531.4,1639.83,767.35,759.27,1581.56,43243.29,4748.01,38495.27,89.02,Highly Profitable
C01193,30,Female,West,Salaried,865000,Mass,Salary,4,No Loan,0,1405300,1174500,Yes,6899.86,11793.74,0.0,1206.34,2916.0,607.87,1310.65,801.56,19899.95,5636.08,14263.87,71.68,Profitable
C01194,60,Male,North,Business Owner,360000,Mass,Salary,5,Home Loan,3341773,446500,283600,No,152090.52,11318.87,72390.94,2256.75,2939.27,639.46,1341.18,7575.62,238057.08,12495.53,225561.55,94.75,Highly Profitable
C01195,58,Male,West,Salaried,851000,Mass,Salary,3,Education Loan,211940,564000,469800,Yes,16047.15,7342.83,2823.14,373.79,3560.96,2114.23,1504.53,714.25,26586.91,7893.97,18692.93,70.31,Profitable
C01196,26,Female,South,Business Owner,1332000,Affluent,Current,4,No Loan,0,1000300,929700,No,4201.17,5300.15,0.0,2441.27,2769.69,1031.04,1282.59,1599.06,11942.59,6682.39,5260.2,44.05,Low Profitability
C01197,28,Male,West,Salaried,808000,Mass,Savings,3,No Loan,0,626400,261900,No,1885.46,3236.62,0.0,119.74,1865.77,375.62,1652.08,534.32,5241.82,4427.78,814.04,15.53,Low Profitability
C01198,43,Male,West,Business Owner,2677000,Premium,Salary,3,Personal Loan,447301,1224400,982100,No,53483.53,6193.95,8030.55,1594.76,1703.98,925.75,586.13,1355.56,69302.79,4571.43,64731.35,93.4,Highly Profitable
C01199,67,Male,West,Self-Employed,438000,Mass,Savings,1,Personal Loan,214769,435100,364800,No,25899.09,1147.04,3662.22,1447.78,1180.6,392.46,992.09,2101.54,32156.13,4666.7,27489.43,85.49,Profitable
C01200,46,Female,East,Salaried,205000,Mass,Savings,3,Education Loan,302805,289700,120300,Yes,20296.39,6801.43,5832.66,127.37,2558.8,2164.89,1750.39,1168.36,33057.84,7642.43,25415.41,76.88,Profitable
C01201,66,Male,South,Self-Employed,322000,Mass,Savings,3,No Loan,0,348000,302000,No,1471.2,5098.89,0.0,1588.88,2722.49,1563.62,598.97,714.26,8158.98,5599.33,2559.65,31.37,Low Profitability
C01202,63,Female,South,Salaried,198000,Mass,Savings,3,Personal Loan,347268,244000,210200,Yes,38718.5,3898.52,3992.27,2012.34,3074.88,1273.45,1360.75,1203.88,48621.62,6912.96,41708.67,85.78,Highly Profitable
C01203,32,Male,West,Professional,2270000,Premium,Savings,1,No Loan,0,2570500,986200,No,7214.24,2124.94,0.0,240.3,970.3,513.87,702.49,1340.9,9579.48,3527.55,6051.93,63.18,Low Profitability
C01204,46,Male,South,Business Owner,698000,Mass,Savings,2,Personal Loan,747429,172500,89700,Yes,82819.49,7080.37,12322.96,1304.21,2985.21,806.11,930.34,2354.97,103527.02,7076.64,96450.38,93.16,Highly Profitable
C01205,33,Female,West,Self-Employed,2034000,Premium,Savings,4,No Loan,0,936200,983000,Yes,2570.57,5700.09,0.0,1852.19,4222.88,1764.43,1060.72,1084.84,10122.85,8132.88,1989.97,19.66,Low Profitability
C01206,60,Male,West,Salaried,576000,Mass,Savings,1,Home Loan,2309090,419400,130200,Yes,106171.31,3330.49,55067.94,2003.21,1817.27,2013.67,1479.25,3332.95,166572.96,8643.14,157929.82,94.81,Highly Profitable
C01207,38,Female,South,Salaried,426000,Mass,Current,2,Personal Loan,220923,688900,306300,Yes,28077.27,4191.08,3625.05,2074.73,2717.4,1858.88,1191.67,1174.82,37968.12,6942.78,31025.34,81.71,Highly Profitable
C01208,45,Male,North,Self-Employed,270000,Mass,Savings,2,Home Loan,4028835,195800,145300,No,181809.01,2061.66,96112.59,295.79,1467.35,1570.42,201.61,4554.36,280279.06,7793.76,272485.3,97.22,Highly Profitable
C01209,53,Female,East,Business Owner,563000,Mass,Savings,3,Personal Loan,169650,388300,416800,Yes,20824.08,7708.5,3189.55,1692.41,2994.39,1331.34,738.44,835.71,33414.54,5899.88,27514.65,82.34,Profitable
C01210,67,Male,West,Salaried,1114000,Affluent,Salary,5,Personal Loan,364461,315200,147700,Yes,41011.08,12978.51,3846.7,1829.55,4610.11,1182.87,753.38,1713.45,59665.84,8259.81,51406.02,86.16,Highly Profitable
C01211,60,Male,East,Salaried,619000,Mass,Savings,4,Auto Loan,246187,1085700,1025200,No,20688.13,9710.24,2329.56,759.41,3221.89,599.0,984.41,1660.82,33487.34,6466.11,27021.23,80.69,Profitable
C01212,63,Male,South,Salaried,291000,Mass,Savings,2,No Loan,0,417500,234700,No,2065.52,4047.22,0.0,2440.47,1609.17,524.68,1651.23,1376.65,8553.22,5161.73,3391.48,39.65,Low Profitability
C01213,32,Male,North,Self-Employed,1003000,Affluent,Salary,2,No Loan,0,1418000,779400,No,5775.43,3278.15,0.0,1823.96,1832.36,1834.25,1660.97,727.65,10877.53,6055.23,4822.3,44.33,Low Profitability
C01214,64,Female,West,Salaried,1110000,Affluent,Savings,5,Personal Loan,143871,869300,953300,Yes,19297.41,7005.13,2001.43,2300.97,4720.44,1800.08,935.75,817.54,30604.95,8273.82,22331.13,72.97,Profitable
C01215,56,Male,West,Self-Employed,523000,Mass,Savings,4,Home Loan,4363785,146100,138000,No,196664.1,7279.57,37536.9,1765.77,2826.01,333.91,1361.05,6256.21,243246.34,10777.19,232469.16,95.57,Highly Profitable
C01216,68,Female,East,Salaried,488000,Mass,Current,1,No Loan,0,285400,131600,No,1687.9,1842.76,0.0,412.17,1094.72,1288.25,765.96,1642.84,3942.83,4791.78,-848.95,-21.53,Low Profitability
C01217,24,Male,North,Self-Employed,273000,Mass,Salary,4,Personal Loan,867640,425100,173400,No,97706.31,3955.39,21048.26,721.87,1845.37,587.96,660.0,3019.34,123431.82,6112.67,117319.16,95.05,Highly Profitable
C01218,25,Male,South,Salaried,989000,Affluent,Salary,2,No Loan,0,442600,142300,No,2597.96,2462.85,0.0,1115.93,1300.67,1757.1,940.21,786.62,6176.74,4784.6,1392.14,22.54,Low Profitability
C01219,57,Female,East,Business Owner,543000,Mass,Savings,3,No Loan,0,882700,582800,Yes,2625.76,5350.75,0.0,1128.8,2824.43,648.96,1554.13,1050.91,9105.31,6078.43,3026.87,33.24,Low Profitability
C01220,28,Male,West,Salaried,180000,Mass,Current,1,No Loan,0,186100,99400,Yes,821.58,3947.43,0.0,1649.46,2396.68,1273.94,1033.75,780.28,6418.46,5484.65,933.81,14.55,Low Profitability
C01221,62,Female,North,Salaried,309000,Mass,Current,5,Auto Loan,538487,410700,235600,No,42434.67,8959.3,10266.71,1490.15,2353.02,1578.98,955.8,1533.09,63150.84,6420.89,56729.95,89.83,Highly Profitable
C01222,69,Female,South,Self-Employed,954000,Affluent,Savings,4,Auto Loan,272588,857200,528600,No,24912.98,4858.63,4476.25,305.85,2037.73,1041.82,452.29,1822.53,34553.71,5354.37,29199.35,84.5,Profitable
C01223,48,Female,West,Salaried,580000,Mass,Savings,2,No Loan,0,979200,1069700,No,5020.28,2654.18,0.0,2117.32,1304.54,1575.37,1388.37,698.09,9791.78,4966.38,4825.4,49.28,Low Profitability
C01224,51,Male,West,Salaried,375000,Mass,Current,3,No Loan,0,204500,51600,No,877.16,3144.07,0.0,2148.04,1879.8,2036.76,779.53,1405.77,6169.28,6101.85,67.43,1.09,Low Profitability
C01225,29,Female,North,Professional,721000,Mass,Savings,2,No Loan,0,789100,483100,Yes,1677.94,2929.16,0.0,2142.95,2319.7,1667.55,1408.52,956.9,6750.05,6352.68,397.37,5.89,Low Profitability
C01226,49,Female,North,Professional,441000,Mass,Savings,1,No Loan,0,116400,35500,No,695.6,1666.57,0.0,627.66,1258.55,913.1,1752.8,836.22,2989.82,4760.68,-1770.86,-59.23,Low Profitability
C01227,34,Female,South,Salaried,492000,Mass,Savings,2,Auto Loan,287405,463800,381300,No,22696.09,1708.26,5399.27,865.34,2019.68,969.03,345.37,2111.14,30668.96,5445.22,25223.74,82.25,Profitable
C01228,60,Male,West,Professional,604000,Mass,Savings,3,No Loan,0,1060000,310400,No,2886.69,7459.42,0.0,1866.17,2255.48,935.7,1579.53,1648.69,12212.28,6419.41,5792.87,47.43,Low Profitability
C01229,61,Female,East,Self-Employed,1769000,Affluent,Savings,1,No Loan,0,522600,471300,No,2768.6,2112.97,0.0,1073.34,1054.0,1212.36,467.21,794.14,5954.91,3527.72,2427.19,40.76,Low Profitability
C01230,42,Female,West,Salaried,1764000,Affluent,Savings,3,No Loan,0,1739500,1718000,No,4178.81,6367.15,0.0,1173.91,2431.95,471.52,1590.25,1035.4,11719.86,5529.13,6190.73,52.82,Low Profitability
C01231,31,Female,South,Retired,237000,Mass,Savings,3,No Loan,0,271100,291500,Yes,773.56,6794.62,0.0,1532.43,3626.61,338.64,1363.62,1416.91,9100.61,6745.78,2354.83,25.88,Low Profitability
C01232,43,Male,North,Professional,676000,Mass,Salary,3,Personal Loan,526359,1140700,402400,No,60273.52,5669.66,6053.06,179.69,1733.22,889.06,875.04,1955.26,72175.94,5452.57,66723.37,92.45,Highly Profitable
C01233,21,Male,West,Retired,315000,Mass,Savings,2,Home Loan,1203730,201800,218400,Yes,54697.91,4083.41,23208.62,173.56,3071.32,1852.53,929.75,2226.45,82163.49,8080.06,74083.43,90.17,Highly Profitable
C01234,66,Female,West,Salaried,390000,Mass,Savings,1,No Loan,0,382100,229400,Yes,1771.35,2820.6,0.0,244.02,1873.82,1950.15,665.61,1688.22,4835.98,6177.81,-1341.83,-27.75,Low Profitability
C01235,57,Male,South,Salaried,252000,Mass,Salary,2,No Loan,0,448300,353100,Yes,1543.11,3153.95,0.0,634.66,2082.92,1721.32,1318.66,1042.24,5331.73,6165.13,-833.4,-15.63,Low Profitability
C01236,41,Female,East,Self-Employed,434000,Mass,Salary,2,Personal Loan,499705,615800,154000,Yes,56532.01,4971.21,5044.14,2455.36,2365.64,650.39,1635.01,1262.93,69002.72,5913.97,63088.74,91.43,Highly Profitable
C01237,46,Male,West,Business Owner,363000,Mass,Savings,3,Home Loan,2244246,539800,304800,Yes,102640.69,5694.61,44605.42,335.69,2716.78,1238.08,1132.53,2991.21,153276.41,8078.6,145197.81,94.73,Highly Profitable
C01238,66,Male,North,Salaried,1230000,Affluent,Savings,5,No Loan,0,1768500,972600,No,8868.51,6725.64,0.0,2221.45,2513.49,1264.29,670.18,1709.1,17815.6,6157.05,11658.55,65.44,Profitable
C01239,56,Male,North,Professional,441000,Mass,Savings,2,No Loan,0,441100,299200,Yes,1864.7,4919.12,0.0,387.86,2113.66,664.18,1347.5,1504.93,7171.68,5630.27,1541.41,21.49,Low Profitability
C01240,43,Male,West,Self-Employed,240000,Mass,Salary,3,No Loan,0,208000,75400,No,812.07,2438.0,0.0,1868.32,2630.59,996.53,606.05,1660.07,5118.39,5893.25,-774.85,-15.14,Low Profitability
C01241,21,Female,South,Salaried,699000,Mass,Savings,1,Personal Loan,300883,398700,333600,No,33968.94,1422.66,6528.97,1627.92,982.04,859.45,625.22,1827.84,43548.5,4294.54,39253.96,90.14,Highly Profitable
C01242,60,Female,South,Business Owner,635000,Mass,Savings,2,No Loan,0,583500,441300,No,2361.37,4811.12,0.0,1847.41,2020.3,780.8,1220.61,1022.65,9019.9,5044.36,3975.54,44.08,Low Profitability
C01243,35,Female,West,Business Owner,606000,Mass,Salary,3,No Loan,0,111400,48000,Yes,437.37,5095.26,0.0,308.0,2724.45,1071.8,351.76,987.15,5840.63,5135.16,705.46,12.08,Low Profitability
C01244,41,Male,East,Salaried,979000,Affluent,Savings,3,No Loan,0,303700,329800,Yes,1145.4,6673.81,0.0,1904.37,2843.84,904.52,833.53,897.99,9723.58,5479.88,4243.7,43.64,Low Profitability
C01245,67,Female,West,Retired,1378000,Affluent,Current,4,Personal Loan,937960,859800,219000,Yes,106571.78,7777.16,9684.79,884.15,2254.38,2064.14,789.33,2251.38,124917.89,7359.23,117558.65,94.11,Highly Profitable
C01246,29,Female,South,Salaried,601000,Mass,Current,4,No Loan,0,421000,225500,Yes,967.12,7623.19,0.0,704.35,4067.63,1496.69,284.66,886.04,9294.66,6735.02,2559.64,27.54,Low Profitability
C01247,29,Male,North,Salaried,810000,Mass,Savings,1,Home Loan,2784597,1067100,504200,No,131423.53,1007.71,36809.14,1598.94,1000.82,1404.12,1668.84,5628.23,170839.32,9702.01,161137.31,94.32,Highly Profitable
C01248,30,Male,North,Professional,609000,Mass,Savings,3,Personal Loan,757607,263800,191500,No,84187.4,6662.77,7534.19,341.7,2577.58,1093.87,1700.31,1552.37,98726.07,6924.13,91801.93,92.99,Highly Profitable
C01249,46,Female,North,Retired,925000,Affluent,Savings,4,Personal Loan,323927,1353300,1360300,Yes,41870.77,9089.83,7347.62,679.14,3845.72,1164.08,835.69,1619.57,58987.36,7465.06,51522.29,87.34,Highly Profitable
C01250,61,Female,West,Professional,312000,Mass,Current,3,Personal Loan,286846,459100,371500,Yes,33130.5,7254.21,6598.6,1426.69,2998.02,1156.22,791.1,789.67,48410.01,5735.01,42675.0,88.15,Highly Profitable
C01251,55,Female,South,Professional,983000,Affluent,Salary,5,Home Loan,2289652,1099600,319400,Yes,106675.93,14072.68,52422.22,1971.31,5042.36,333.29,394.57,2817.82,175142.15,8588.04,166554.11,95.1,Highly Profitable
C01252,45,Male,South,Business Owner,818000,Mass,Salary,1,Education Loan,492738,786100,773400,Yes,35879.85,2421.44,8268.2,2185.39,1569.29,2120.13,1100.05,1625.22,48754.88,6414.69,42340.19,86.84,Highly Profitable
C01253,46,Female,West,Retired,413000,Mass,Savings,4,Home Loan,4889677,380500,180900,Yes,221433.84,7827.43,64814.42,1123.51,3156.99,1660.53,756.23,10636.08,295199.2,16209.82,278989.38,94.51,Highly Profitable
C01254,31,Male,South,Salaried,2358000,Premium,Current,2,Personal Loan,156312,1989900,684100,No,26076.23,4000.45,3407.57,2442.45,1577.51,1339.89,1548.58,1846.82,35926.7,6312.79,29613.91,82.43,Profitable
C01255,58,Male,West,Professional,331000,Mass,Savings,3,Home Loan,4782663,98000,60500,No,215523.33,6465.48,113678.02,1956.78,2185.28,749.36,1372.97,10129.82,337623.61,14437.43,323186.19,95.72,Highly Profitable
C01256,22,Male,South,Business Owner,839000,Mass,Savings,3,Personal Loan,455928,1033200,1047600,No,53315.59,2404.45,3726.95,1065.95,2691.51,308.23,397.13,1692.25,60512.95,5089.12,55423.83,91.59,Highly Profitable
C01257,27,Male,West,Salaried,413000,Mass,Savings,2,No Loan,0,455300,127200,Yes,1273.13,4905.97,0.0,1039.6,2015.37,828.86,543.31,1692.09,7218.7,5079.63,2139.07,29.63,Low Profitability
C01258,38,Male,West,Self-Employed,962000,Affluent,Current,5,No Loan,0,169300,132400,Yes,542.38,14228.63,0.0,1155.58,3411.13,1786.28,388.97,1710.61,15926.58,7296.99,8629.59,54.18,Low Profitability
C01259,47,Male,West,Self-Employed,2103000,Premium,Current,1,No Loan,0,1018800,542600,No,2302.09,2041.41,0.0,1893.27,1110.51,2145.35,417.09,1720.7,6236.77,5393.66,843.11,13.52,Low Profitability
C01260,54,Female,North,Business Owner,1072000,Affluent,Savings,1,No Loan,0,932600,726700,No,2155.43,1512.36,0.0,867.53,994.96,1743.82,307.05,1591.51,4535.32,4637.34,-102.02,-2.25,Low Profitability
C01261,47,Female,South,Salaried,657000,Mass,Salary,4,No Loan,0,1075600,512400,No,5820.76,9156.85,0.0,345.4,3096.53,1120.04,785.74,1222.82,15323.01,6225.13,9097.88,59.37,Low Profitability
C01262,37,Female,North,Professional,1167000,Affluent,Savings,1,No Loan,0,2081900,2231900,No,6494.44,2293.66,0.0,1450.81,1012.33,1910.35,1169.39,1418.9,10238.91,5510.96,4727.94,46.18,Low Profitability
C01263,63,Female,West,Salaried,506000,Mass,Savings,2,Education Loan,152369,703200,243800,No,12824.61,3939.93,1800.83,1580.46,1242.11,2192.27,1740.96,812.77,20145.82,5988.11,14157.71,70.28,Profitable
C01264,64,Male,North,Salaried,916000,Affluent,Savings,4,No Loan,0,1270000,488100,No,5061.85,7729.4,0.0,2356.79,3452.48,885.24,878.91,742.56,15148.04,5959.19,9188.85,60.66,Low Profitability
C01265,44,Male,South,Professional,735000,Mass,Salary,4,Personal Loan,986473,613900,177300,No,111297.15,5541.79,16235.96,423.04,2955.1,1078.54,1722.96,2475.23,133497.94,8231.83,125266.1,93.83,Highly Profitable
C01266,45,Female,South,Self-Employed,359000,Mass,Savings,5,Auto Loan,554003,392100,363000,No,43350.66,6061.26,5774.93,1380.2,3591.89,1120.27,352.05,1294.22,56567.05,6358.43,50208.62,88.76,Highly Profitable
C01267,27,Male,West,Salaried,1792000,Affluent,Savings,4,Personal Loan,853709,957200,315700,No,97226.74,7482.72,16650.5,619.17,2735.08,1028.72,461.19,1893.51,121979.13,6118.5,115860.63,94.98,Highly Profitable
C01268,26,Male,West,Salaried,1387000,Affluent,Salary,4,Personal Loan,401931,1897300,920400,Yes,49019.64,5706.87,3432.23,1914.99,2992.14,1523.15,843.14,1283.01,60073.73,6641.45,53432.28,88.94,Highly Profitable
C01269,44,Male,South,Business Owner,437000,Mass,Salary,5,Home Loan,2924932,108700,46200,No,131916.48,11165.48,24732.77,949.16,3151.54,1956.46,829.84,4108.68,168763.89,10046.52,158717.37,94.05,Highly Profitable
C01270,53,Male,West,Retired,1231000,Affluent,Salary,3,No Loan,0,1032100,568200,No,3547.64,7003.76,0.0,1631.07,2498.58,1945.34,227.64,758.44,12182.46,5430.01,6752.46,55.43,Low Profitability
C01271,69,Female,West,Retired,366000,Mass,Savings,2,No Loan,0,557000,501800,Yes,2361.92,4337.0,0.0,513.77,2296.3,496.25,294.77,633.14,7212.69,3720.45,3492.24,48.42,Low Profitability
C01272,49,Male,West,Business Owner,903000,Affluent,Salary,4,Auto Loan,389910,1595400,1687400,No,36353.93,7093.04,6284.06,1494.63,2855.24,355.8,721.15,1406.07,51225.65,5338.27,45887.38,89.58,Highly Profitable
C01273,63,Male,North,Salaried,719000,Mass,Savings,1,No Loan,0,934200,931400,Yes,5352.43,2676.7,0.0,136.65,2078.11,1127.94,701.59,1101.56,8165.77,5009.19,3156.58,38.66,Low Profitability
C01274,42,Male,North,Salaried,1762000,Affluent,Current,1,Auto Loan,276135,837800,808500,Yes,23408.58,2351.19,3670.32,2117.79,1672.04,572.51,657.5,1503.55,31547.88,4405.61,27142.27,86.04,Profitable
C01275,46,Female,South,Salaried,840000,Mass,Savings,4,No Loan,0,917500,554900,No,2236.11,7541.29,0.0,1517.01,1820.92,432.76,1037.07,826.59,11294.41,4117.34,7177.08,63.55,Low Profitability
C01276,48,Male,West,Salaried,299000,Mass,Current,5,Home Loan,1780905,321400,299400,Yes,81474.74,7828.85,29268.23,629.22,4508.89,504.6,517.88,4849.73,119201.04,10381.1,108819.95,91.29,Highly Profitable
C01277,70,Female,South,Salaried,1226000,Affluent,Savings,2,Personal Loan,600990,2137500,1946400,No,70953.3,4642.42,13208.81,902.93,1968.8,1506.22,1009.85,2684.73,89707.46,7169.61,82537.85,92.01,Highly Profitable
C01278,41,Male,West,Salaried,549000,Mass,Savings,1,Education Loan,433529,843400,388300,Yes,30424.92,3865.29,10049.04,459.94,1615.84,965.77,281.19,1426.56,44799.18,4289.35,40509.83,90.43,Highly Profitable
C01279,69,Male,South,Business Owner,535000,Mass,Current,3,No Loan,0,123500,58400,Yes,520.74,6553.4,0.0,1715.23,2891.33,1499.73,996.63,716.22,8789.37,6103.91,2685.47,30.55,Low Profitability
C01280,27,Male,North,Salaried,711000,Mass,Savings,2,Education Loan,572882,364900,246000,No,39316.49,3573.6,5223.33,999.22,1712.31,387.96,1396.97,2018.65,49112.64,5515.9,43596.73,88.77,Highly Profitable
C01281,37,Male,North,Business Owner,510000,Mass,Savings,2,Personal Loan,794186,785000,839100,Yes,89544.48,3845.45,6960.27,2390.37,2284.07,2072.42,1676.4,1443.92,102740.58,7476.81,95263.77,92.72,Highly Profitable
C01282,40,Male,West,Retired,1879000,Premium,Savings,3,Home Loan,3898428,3296900,1126600,Yes,186803.54,5143.71,70423.44,2247.26,3594.01,2137.23,1632.38,7573.66,264617.95,14937.29,249680.67,94.36,Highly Profitable
C01283,61,Male,West,Business Owner,1090000,Affluent,Salary,1,Home Loan,947537,693500,756000,Yes,45254.64,3947.41,14186.22,2053.96,2276.95,2075.28,1235.26,2250.79,65442.23,7838.27,57603.96,88.02,Highly Profitable
C01284,69,Female,North,Professional,373000,Mass,Savings,2,No Loan,0,481100,185300,No,2797.11,4979.81,0.0,735.77,1352.16,750.58,1771.82,1645.88,8512.69,5520.45,2992.24,35.15,Low Profitability
C01285,40,Male,South,Professional,469000,Mass,Salary,4,Home Loan,3932060,308500,204500,No,178467.45,9627.93,95202.36,799.4,3356.96,1934.15,786.38,3384.33,284097.14,9461.82,274635.32,96.67,Highly Profitable
C01286,42,Female,West,Salaried,341000,Mass,Current,3,No Loan,0,74300,37800,Yes,247.32,3917.06,0.0,1081.25,3092.35,1037.62,1309.03,822.01,5245.63,6261.01,-1015.38,-19.36,Low Profitability
C01287,48,Male,East,Salaried,1192000,Affluent,Current,1,No Loan,0,1810200,1098400,No,5585.31,1509.23,0.0,2303.87,1157.87,1626.55,1782.75,1051.71,9398.41,5618.87,3779.54,40.21,Low Profitability
C01288,60,Male,East,Salaried,675000,Mass,Savings,3,Auto Loan,852436,924100,983400,Yes,67697.5,4506.46,15580.6,1236.83,3059.96,658.76,1311.61,2468.82,89021.39,7499.15,81522.25,91.58,Highly Profitable
C01289,69,Male,North,Salaried,409000,Mass,Current,1,Education Loan,278168,97300,76600,No,18423.95,2223.62,6333.9,329.94,1091.69,1100.53,614.55,1050.09,27311.41,3856.85,23454.56,85.88,Profitable
C01290,27,Female,East,Business Owner,1662000,Affluent,Savings,5,Personal Loan,960399,648200,326000,No,108539.52,10205.51,12805.37,659.97,3267.94,1999.75,1500.33,2568.49,132210.37,9336.51,122873.86,92.94,Highly Profitable
C01291,21,Male,West,Retired,924000,Affluent,Savings,2,Personal Loan,136022,1662500,1303700,No,21843.54,4733.94,2280.61,214.26,1741.51,1169.44,760.48,1553.32,29072.35,5224.75,23847.61,82.03,Profitable
C01292,52,Male,West,Retired,775000,Mass,Current,5,Personal Loan,196565,948400,601600,No,23647.04,8264.51,4715.97,237.98,2332.87,2067.92,651.25,989.11,36865.5,6041.15,30824.34,83.61,Highly Profitable
C01293,33,Male,West,Salaried,755000,Mass,Salary,4,Auto Loan,734588,1110400,1168000,No,57645.69,3902.25,18309.38,2314.92,2570.95,978.59,1523.88,1997.47,82172.25,7070.9,75101.35,91.4,Highly Profitable
C01294,50,Male,North,Retired,332000,Mass,Savings,3,Education Loan,114276,262700,144500,Yes,8094.2,6977.9,2016.72,1580.77,2521.22,1430.2,841.77,1310.39,18669.59,6103.59,12566.0,67.31,Profitable
C01295,43,Male,West,Salaried,952000,Affluent,Savings,2,Home Loan,3099141,956900,714600,No,143865.95,4548.32,35745.87,343.15,1895.74,1139.6,1232.89,6907.54,184503.3,11175.77,173327.52,93.94,Highly Profitable
C01296,39,Male,East,Professional,556000,Mass,Salary,4,No Loan,0,652100,633800,No,3853.26,3540.36,0.0,1500.87,3131.32,545.87,1588.63,1142.84,8894.48,6408.66,2485.83,27.95,Low Profitability
C01297,52,Male,West,Salaried,1130000,Affluent,Salary,1,No Loan,0,1672300,1781000,Yes,6372.27,3717.4,0.0,2431.26,2287.24,1210.92,444.29,1536.96,12520.94,5479.41,7041.52,56.24,Low Profitability
C01298,50,Male,West,Salaried,995000,Affluent,Savings,1,No Loan,0,705600,655700,Yes,1832.85,4323.88,0.0,136.45,2129.44,984.13,1183.91,1589.77,6293.19,5887.25,405.95,6.45,Low Profitability
C01299,49,Female,South,Salaried,677000,Mass,Savings,2,Auto Loan,571673,852500,891000,No,46660.73,2049.57,12304.34,1888.1,1799.66,673.52,487.64,1528.35,62902.74,4489.17,58413.57,92.86,Highly Profitable
C01300,69,Male,West,Professional,651000,Mass,Savings,3,Education Loan,498002,930800,599600,Yes,36560.25,6345.6,11939.98,523.27,3600.99,1104.93,1166.12,1152.36,55369.1,7024.41,48344.69,87.31,Highly Profitable
C01301,65,Male,West,Salaried,1743000,Affluent,Salary,2,Home Loan,4854312,2577000,2318900,Yes,231388.37,3727.19,56564.28,1005.03,2269.08,838.39,985.06,6386.86,292684.87,10479.39,282205.48,96.42,Highly Profitable
C01302,49,Male,South,Salaried,336000,Mass,Savings,5,Education Loan,370876,327200,108100,Yes,25690.37,7215.27,5586.44,373.83,4355.09,789.28,1597.07,944.9,38865.91,7686.34,31179.57,80.22,Highly Profitable
C01303,50,Female,West,Retired,511000,Mass,Salary,2,No Loan,0,475800,359100,No,2260.7,1798.37,0.0,115.5,1205.14,1931.81,1641.34,529.33,4174.57,5307.62,-1133.05,-27.14,Low Profitability
C01304,36,Male,West,Retired,1308000,Affluent,Salary,4,Home Loan,2897697,421800,110300,Yes,132462.91,8232.24,69513.59,341.04,3771.12,1757.0,1432.73,2685.72,210549.78,9646.57,200903.21,95.42,Highly Profitable
C01305,60,Male,West,Salaried,1584000,Affluent,Salary,1,Personal Loan,174254,1538500,724700,Yes,27286.45,3524.85,3570.12,1474.68,1602.68,1586.08,1205.87,2003.84,35856.1,6398.47,29457.63,82.16,Profitable
C01306,39,Male,North,Business Owner,649000,Mass,Salary,2,Personal Loan,122235,849000,692600,No,18184.83,2580.71,1029.01,2262.63,1270.37,992.81,652.78,885.03,24057.17,3800.99,20256.19,84.2,Profitable
C01307,38,Female,East,Salaried,476000,Mass,Savings,2,Home Loan,1003003,794400,314400,No,46734.76,3797.97,12788.39,151.69,1650.19,739.27,980.53,3085.76,63472.81,6455.76,57017.05,89.83,Highly Profitable
C01308,21,Male,South,Salaried,482000,Mass,Savings,5,No Loan,0,171900,72200,No,801.89,4934.98,0.0,250.84,2774.77,1499.41,447.33,513.01,5987.71,5234.52,753.19,12.58,Low Profitability
C01309,34,Female,West,Self-Employed,318000,Mass,Current,1,Home Loan,2727535,556100,168200,No,125944.91,1876.45,53404.46,490.92,1218.49,829.81,212.75,3347.29,181716.73,5608.34,176108.39,96.91,Highly Profitable
C01310,67,Female,North,Self-Employed,2105000,Premium,Savings,3,Home Loan,4590202,1128700,999200,No,212238.12,5959.26,39669.89,2435.4,2605.83,1724.77,1107.29,10564.85,260302.68,16002.73,244299.95,93.85,Highly Profitable
C01311,70,Female,North,Self-Employed,645000,Mass,Savings,2,Auto Loan,824967,283900,179100,No,62532.73,4515.31,12003.05,508.53,1552.84,1215.68,619.45,1571.73,79559.62,4959.7,74599.92,93.77,Highly Profitable
C01312,22,Male,East,Self-Employed,904000,Affluent,Savings,4,Home Loan,2376252,306400,307900,No,108446.57,7765.83,51072.48,1226.64,3368.11,2029.63,647.08,5595.56,168511.52,11640.38,156871.14,93.09,Highly Profitable
C01313,48,Male,West,Self-Employed,909000,Affluent,Salary,2,No Loan,0,1621400,904600,No,4881.04,3821.67,0.0,200.47,1441.64,2004.71,485.28,580.32,8903.18,4511.95,4391.23,49.32,Low Profitability
C01314,69,Male,North,Business Owner,1583000,Affluent,Salary,2,Personal Loan,999762,1702800,1055700,Yes,114633.06,5059.39,12078.41,2141.64,2857.0,1142.22,324.03,1528.5,133912.51,5851.74,128060.77,95.63,Highly Profitable
C01315,70,Male,South,Business Owner,556000,Mass,Savings,3,No Loan,0,331600,222400,No,932.73,2609.89,0.0,2374.1,2314.88,2113.05,598.02,1257.89,5916.72,6283.83,-367.12,-6.2,Low Profitability
C01316,50,Male,East,Self-Employed,578000,Mass,Savings,2,No Loan,0,389500,382400,Yes,2293.59,4936.77,0.0,1914.94,2617.32,1555.44,575.3,1391.77,9145.3,6139.83,3005.47,32.86,Low Profitability
C01317,58,Female,West,Salaried,1106000,Affluent,Savings,3,Personal Loan,122264,1900000,946900,Yes,22258.3,7104.08,1030.63,1451.84,2569.02,1449.65,860.29,1241.71,31844.86,6120.68,25724.18,80.78,Profitable
C01318,24,Male,West,Business Owner,261000,Mass,Salary,1,No Loan,0,426700,125400,Yes,2522.4,4416.56,0.0,697.27,2232.32,477.36,321.89,1595.87,7636.24,4627.44,3008.8,39.4,Low Profitability
C01319,21,Male,West,Professional,1589000,Affluent,Savings,3,Personal Loan,766590,1156000,905300,Yes,90554.33,5807.24,12472.54,529.32,3284.33,2166.68,942.51,2582.75,109363.43,8976.26,100387.17,91.79,Highly Profitable
C01320,28,Female,West,Business Owner,1821000,Premium,Salary,2,No Loan,0,464200,441800,Yes,2645.75,6044.38,0.0,1337.44,2411.72,474.06,288.26,1718.61,10027.57,4892.64,5134.93,51.21,Low Profitability
C01321,49,Female,South,Self-Employed,801000,Mass,Salary,1,No Loan,0,1221800,883100,Yes,5155.7,2307.58,0.0,797.38,1752.82,812.04,513.26,1515.34,8260.66,4593.47,3667.19,44.39,Low Profitability
C01322,59,Male,South,Salaried,418000,Mass,Salary,4,Personal Loan,470925,693400,362200,No,54155.82,8064.21,6772.51,1709.07,2692.25,623.62,1549.22,2681.46,70701.61,7546.54,63155.07,89.33,Highly Profitable
C01323,23,Female,South,Business Owner,1119000,Affluent,Current,1,No Loan,0,1714200,1347200,No,8492.38,1114.57,0.0,736.22,1344.65,408.48,302.05,1458.06,10343.18,3513.24,6829.94,66.03,Low Profitability
C01324,52,Male,West,Salaried,630000,Mass,Salary,3,No Loan,0,1043500,1139900,No,2162.41,3953.89,0.0,508.53,1506.12,2197.73,367.6,811.44,6624.82,4882.89,1741.93,26.29,Low Profitability
C01325,30,Female,West,Retired,757000,Mass,Salary,3,No Loan,0,832900,614600,Yes,3810.52,8646.42,0.0,1495.72,3107.17,906.06,1134.95,1173.92,13952.66,6322.11,7630.55,54.69,Low Profitability
C01326,30,Female,West,Business Owner,789000,Mass,Savings,5,No Loan,0,1211500,627500,No,7058.12,10442.3,0.0,1926.02,3097.79,387.6,620.6,951.02,19426.43,5057.01,14369.43,73.97,Profitable
C01327,39,Female,West,Salaried,487000,Mass,Savings,1,No Loan,0,831500,380100,Yes,4476.34,3822.71,0.0,277.03,2089.2,537.47,1437.44,1103.31,8576.09,5167.42,3408.67,39.75,Low Profitability
C01328,66,Male,South,Self-Employed,847000,Mass,Salary,3,No Loan,0,1370700,1505700,Yes,3780.19,4536.53,0.0,1585.89,1987.46,749.22,883.62,1131.4,9902.62,4751.68,5150.93,52.02,Low Profitability
C01329,54,Male,West,Professional,313000,Mass,Savings,2,Personal Loan,714897,350200,340700,No,79518.43,4805.8,14429.37,2057.2,1201.92,373.5,1116.44,2535.5,100810.8,5227.36,95583.44,94.81,Highly Profitable
C01330,53,Male,West,Salaried,209000,Mass,Savings,2,No Loan,0,288800,140800,No,1532.35,4130.24,0.0,115.21,2085.93,578.76,376.92,1462.89,5777.8,4504.5,1273.3,22.04,Low Profitability
C01331,43,Female,North,Self-Employed,855000,Mass,Salary,3,No Loan,0,1145800,542100,Yes,2536.3,6937.83,0.0,637.43,2191.0,360.88,1315.86,1492.05,10111.56,5359.78,4751.78,46.99,Low Profitability
C01332,48,Male,North,Business Owner,1243000,Affluent,Salary,2,Home Loan,2311861,1833300,1710700,Yes,114999.12,2425.93,28257.1,816.59,2343.79,616.66,1714.74,4370.77,146498.74,9045.96,137452.78,93.83,Highly Profitable
C01333,52,Female,North,Professional,528000,Mass,Savings,3,No Loan,0,278600,304600,No,1078.07,2664.73,0.0,133.71,1617.76,1145.83,1737.03,511.32,3876.51,5011.95,-1135.44,-29.29,Low Profitability
C01334,70,Male,South,Salaried,512000,Mass,Savings,3,Personal Loan,277071,78600,50800,Yes,30926.65,7917.52,6018.08,1727.17,3335.08,2154.02,1238.94,1972.28,46589.42,8700.32,37889.1,81.33,Highly Profitable
C01335,27,Male,West,Self-Employed,999000,Affluent,Savings,3,No Loan,0,990300,438900,Yes,5194.23,8276.28,0.0,1106.52,3531.34,1585.95,331.98,1467.65,14577.03,6916.92,7660.12,52.55,Low Profitability
C01336,49,Male,South,Retired,692000,Mass,Savings,1,Education Loan,508192,977900,435900,No,37716.12,1163.24,10751.56,1653.71,1133.9,1320.48,1573.95,1726.32,51284.62,5754.65,45529.97,88.78,Highly Profitable
C01337,28,Male,West,Retired,513000,Mass,Salary,2,No Loan,0,182900,169700,No,516.33,3100.4,0.0,1071.83,2088.34,2180.27,1789.34,894.86,4688.57,6952.82,-2264.25,-48.29,Low Profitability
C01338,21,Male,West,Business Owner,828000,Mass,Current,2,Personal Loan,320095,852100,651200,Yes,37206.59,5726.45,3282.7,517.44,2598.21,1636.54,415.38,854.09,46733.18,5504.22,41228.96,88.22,Highly Profitable
C01339,23,Female,East,Retired,702000,Mass,Salary,2,No Loan,0,469500,370300,No,2170.34,1651.9,0.0,1337.83,1926.32,1003.24,1526.53,1759.23,5160.08,6215.31,-1055.24,-20.45,Low Profitability
C01340,44,Female,West,Self-Employed,352000,Mass,Savings,1,Personal Loan,519573,539600,224000,No,58641.77,1951.15,5070.28,1835.8,984.01,1806.62,448.9,1610.19,67499.0,4849.72,62649.28,92.82,Highly Profitable
C01341,43,Female,South,Self-Employed,659000,Mass,Savings,2,Personal Loan,260669,207900,75000,Yes,29778.55,4131.2,4395.35,471.28,2475.63,1215.76,915.93,1135.06,38776.38,5742.37,33034.01,85.19,Highly Profitable
C01342,28,Female,West,Self-Employed,774000,Mass,Salary,3,No Loan,0,1198900,310600,Yes,2719.54,3450.67,0.0,949.0,3496.15,376.34,1679.61,1368.51,7119.22,6920.61,198.61,2.79,Low Profitability
C01343,67,Female,North,Salaried,522000,Mass,Savings,1,No Loan,0,604400,621300,No,2475.27,1078.03,0.0,1862.69,1338.59,1508.13,1691.33,1515.74,5415.99,6053.79,-637.8,-11.78,Low Profitability
C01344,57,Male,South,Salaried,1165000,Affluent,Savings,4,Education Loan,618645,1942200,1071600,Yes,47375.14,7220.44,9310.22,1675.34,3100.72,1687.58,1084.2,2670.85,65581.13,8543.36,57037.77,86.97,Highly Profitable
C01345,23,Female,East,Self-Employed,913000,Affluent,Salary,5,Auto Loan,640175,1546400,1382900,No,56826.76,9324.07,6203.03,2498.9,1957.4,2159.96,1698.23,2165.24,74852.76,7980.82,66871.93,89.34,Highly Profitable
C01346,53,Male,South,Professional,601000,Mass,Salary,1,Home Loan,1061736,892300,893900,No,52769.66,1385.38,20746.91,516.35,1354.32,485.78,260.43,2577.04,75418.31,4677.57,70740.74,93.8,Highly Profitable
C01347,48,Male,North,Professional,753000,Mass,Savings,2,Auto Loan,570107,771600,585500,Yes,46524.36,4402.78,7127.99,925.8,2327.49,912.28,1297.88,2118.89,58980.94,6656.53,52324.41,88.71,Highly Profitable
C01348,67,Female,West,Business Owner,569000,Mass,Savings,3,No Loan,0,219200,133800,No,1100.66,6614.22,0.0,575.42,1940.08,1672.05,885.21,777.39,8290.3,5274.73,3015.57,36.37,Low Profitability
C01349,28,Male,South,Salaried,619000,Mass,Savings,2,Home Loan,2874712,323100,91400,Yes,130921.36,4486.63,60675.7,685.97,2376.82,1527.16,1086.13,2918.61,196769.67,7908.72,188860.95,95.98,Highly Profitable
C01350,54,Male,South,Salaried,631000,Mass,Salary,4,No Loan,0,529600,284200,No,2488.69,5123.73,0.0,569.7,2271.76,1280.77,509.66,1285.19,8182.13,5347.38,2834.75,34.65,Low Profitability
C01351,55,Male,West,Salaried,264000,Mass,Salary,2,Personal Loan,902177,357200,187000,Yes,101378.31,5998.51,13949.9,2473.83,2805.54,659.25,522.84,2640.08,123800.55,6627.7,117172.84,94.65,Highly Profitable
C01352,52,Male,North,Business Owner,711000,Mass,Savings,2,Home Loan,4125745,745800,545500,No,189345.96,2743.34,47508.16,1651.24,1563.08,700.64,1367.02,5311.2,241248.7,8941.95,232306.76,96.29,Highly Profitable
C01353,44,Female,South,Salaried,834000,Mass,Savings,1,No Loan,0,728200,655000,Yes,4210.69,3821.67,0.0,303.14,2258.12,2140.03,1428.88,984.57,8335.5,6811.61,1523.89,18.28,Low Profitability
C01354,34,Male,North,Self-Employed,2711000,Premium,Salary,2,Home Loan,824996,2542700,2172600,Yes,46657.16,3675.46,19168.58,1349.35,1955.9,501.54,1224.58,3084.54,70850.55,6766.56,64083.99,90.45,Highly Profitable
C01355,52,Male,West,Salaried,892000,Mass,Savings,2,Personal Loan,355660,1225100,1212200,No,46464.01,2827.22,7393.09,298.77,1384.55,1688.71,753.06,1401.69,56983.09,5228.01,51755.08,90.83,Highly Profitable
C01356,66,Male,East,Professional,489000,Mass,Salary,2,Personal Loan,170621,101100,29300,Yes,19219.0,3892.98,4028.36,1037.27,2928.02,303.71,1329.71,1986.31,28177.62,6547.75,21629.86,76.76,Profitable
C01357,63,Male,West,Professional,284000,Mass,Salary,1,Auto Loan,183157,250000,191100,Yes,15141.7,3418.41,4265.18,1636.34,1372.59,535.16,1028.73,725.46,24461.63,3661.94,20799.69,85.03,Profitable
C01358,36,Female,West,Business Owner,392000,Mass,Salary,3,Auto Loan,572616,429200,176300,No,43960.7,3713.41,9664.11,213.89,2094.59,1922.98,1321.71,1857.22,57552.1,7196.5,50355.6,87.5,Highly Profitable
C01359,24,Male,South,Salaried,532000,Mass,Current,2,No Loan,0,596600,642300,Yes,2650.21,4951.91,0.0,211.3,2133.61,888.48,544.56,1106.95,7813.43,4673.6,3139.83,40.19,Low Profitability
C01360,57,Male,North,Self-Employed,537000,Mass,Savings,4,Personal Loan,243542,628700,375800,No,30543.71,4506.67,2792.44,701.44,3102.01,2190.01,987.03,669.33,38544.24,6948.38,31595.87,81.97,Highly Profitable
C01361,41,Female,South,Salaried,614000,Mass,Savings,2,Personal Loan,874458,146200,114100,No,96521.71,3493.12,14386.46,1681.77,1667.74,1689.52,401.27,3007.36,116083.06,6765.9,109317.16,94.17,Highly Profitable
C01362,34,Female,West,Salaried,561000,Mass,Current,2,No Loan,0,600600,329600,No,3476.39,3330.36,0.0,2318.97,1846.84,996.93,1739.76,1364.85,9125.73,5948.39,3177.34,34.82,Low Profitability
C01363,51,Female,West,Salaried,617000,Mass,Savings,1,Auto Loan,743901,653000,285500,Yes,57479.67,2385.59,11067.08,752.32,1757.26,1111.19,1789.82,1936.37,71684.66,6594.65,65090.01,90.8,Highly Profitable
C01364,68,Female,West,Salaried,555000,Mass,Savings,4,No Loan,0,866100,722900,Yes,5183.15,8054.07,0.0,2395.54,3696.37,757.94,886.81,1295.56,15632.77,6636.69,8996.08,57.55,Low Profitability
C01365,38,Male,East,Salaried,707000,Mass,Savings,3,No Loan,0,992700,1040700,No,3132.72,6841.02,0.0,1415.95,2002.35,1853.69,834.05,1692.48,11389.69,6382.58,5007.12,43.96,Low Profitability
C01366,27,Male,North,Salaried,426000,Mass,Savings,1,No Loan,0,85800,25800,Yes,443.98,1987.48,0.0,1306.67,1716.35,314.02,884.58,1562.03,3738.13,4476.98,-738.85,-19.77,Low Profitability
C01367,30,Male,West,Salaried,350000,Mass,Savings,2,No Loan,0,373500,355400,No,788.4,4562.69,0.0,347.69,1789.5,753.84,498.46,884.91,5698.78,3926.73,1772.05,31.1,Low Profitability
C01368,27,Female,West,Business Owner,614000,Mass,Salary,5,No Loan,0,792100,428000,Yes,2492.88,8262.84,0.0,2393.11,4578.17,1953.76,532.93,942.44,13148.83,8007.3,5141.54,39.1,Low Profitability
C01369,53,Male,West,Retired,889000,Mass,Savings,4,Home Loan,1561525,984300,347200,Yes,74612.13,8555.28,17117.46,1999.53,3230.33,2150.45,1759.96,1793.72,102284.4,8934.45,93349.95,91.27,Highly Profitable
C01370,43,Male,North,Professional,378000,Mass,Savings,2,Personal Loan,389150,478600,409800,No,44198.76,1634.23,8023.67,107.78,1900.38,1134.46,742.5,1316.38,53964.44,5093.73,48870.71,90.56,Highly Profitable
C01371,41,Male,West,Salaried,510000,Mass,Savings,3,Personal Loan,714568,174700,55900,Yes,79483.49,5544.37,14774.38,2003.03,2476.97,1872.04,1592.49,2757.82,101805.26,8699.32,93105.94,91.45,Highly Profitable
C01372,39,Male,North,Self-Employed,646000,Mass,Savings,2,No Loan,0,277300,240900,Yes,1304.05,6191.54,0.0,1428.02,2971.32,1849.55,212.24,929.08,8923.6,5962.2,2961.41,33.19,Low Profitability
C01373,68,Male,North,Professional,637000,Mass,Salary,1,Personal Loan,480521,708000,439300,Yes,57079.49,2950.03,8102.44,339.38,1741.61,1767.55,1154.07,1695.57,68471.34,6358.81,62112.53,90.71,Highly Profitable
C01374,39,Female,South,Salaried,1059000,Affluent,Savings,4,No Loan,0,1557900,607600,No,6757.06,5385.8,0.0,1783.04,2718.11,1899.71,564.39,1417.05,13925.9,6599.25,7326.65,52.61,Low Profitability
C01375,56,Male,South,Professional,1174000,Affluent,Savings,3,No Loan,0,226400,86900,Yes,1148.41,6503.7,0.0,1698.58,2715.62,2097.41,1112.06,1431.56,9350.68,7356.66,1994.03,21.32,Low Profitability
C01376,49,Female,North,Self-Employed,791000,Mass,Savings,2,No Loan,0,688000,609500,No,1581.09,2514.92,0.0,1736.81,1235.92,400.7,1272.0,1625.8,5832.83,4534.42,1298.4,22.26,Low Profitability
C01377,38,Female,West,Retired,1361000,Affluent,Salary,4,No Loan,0,2432000,2320200,Yes,5282.23,7942.36,0.0,2201.51,4297.23,982.3,1501.05,1555.93,15426.1,8336.51,7089.58,45.96,Low Profitability
C01378,22,Male,South,Professional,571000,Mass,Savings,3,No Loan,0,807100,672100,Yes,3491.99,3839.36,0.0,1924.21,2922.54,1632.22,592.42,1399.79,9255.56,6546.97,2708.59,29.26,Low Profitability
C01379,21,Male,South,Business Owner,1111000,Affluent,Savings,1,Home Loan,3071401,991900,855700,Yes,144106.33,4350.16,40176.14,2286.36,1920.86,670.0,1222.16,4750.71,190918.99,8563.72,182355.27,95.51,Highly Profitable
C01380,67,Male,West,Business Owner,500000,Mass,Savings,2,No Loan,0,155900,151400,Yes,479.42,6578.22,0.0,1017.08,2518.22,1309.2,206.57,1584.11,8074.71,5618.1,2456.61,30.42,Low Profitability
C01381,25,Male,East,Salaried,824000,Mass,Savings,3,No Loan,0,611900,375900,Yes,1227.99,5109.37,0.0,1449.23,2652.48,1484.47,1798.81,642.6,7786.58,6578.35,1208.24,15.52,Low Profitability
C01382,40,Female,West,Salaried,998000,Affluent,Savings,1,Personal Loan,301144,404000,158600,Yes,34484.76,2801.83,4854.66,2465.93,1904.82,618.28,869.45,1153.02,44607.18,4545.57,40061.61,89.81,Highly Profitable
C01383,31,Male,West,Salaried,722000,Mass,Salary,3,Education Loan,320440,1205200,687800,No,26801.98,7239.18,3776.17,1516.34,2697.96,1600.61,517.55,1547.56,39333.66,6363.68,32969.99,83.82,Highly Profitable
C01384,62,Male,West,Salaried,412000,Mass,Savings,1,Auto Loan,648523,527900,571400,No,51389.1,1079.05,8206.25,1113.76,1112.24,372.11,1231.23,2195.13,61788.16,4910.71,56877.45,92.05,Highly Profitable
C01385,22,Male,East,Salaried,279000,Mass,Salary,2,Auto Loan,337284,435800,275100,No,27529.46,1961.55,5338.8,1221.22,1737.91,353.28,1054.55,2321.55,36051.03,5467.3,30583.73,84.83,Highly Profitable
C01386,23,Female,North,Salaried,951000,Affluent,Savings,4,Auto Loan,506210,1550900,1605700,No,41569.57,8594.18,10684.56,1872.97,2402.68,1709.14,205.09,2117.99,62721.27,6434.91,56286.36,89.74,Highly Profitable
C01387,43,Female,South,Professional,602000,Mass,Savings,5,Personal Loan,695158,693100,587300,Yes,79990.63,10939.12,14359.84,976.39,3137.93,1538.77,842.96,2699.84,106265.97,8219.5,98046.48,92.27,Highly Profitable
C01388,32,Female,West,Salaried,626000,Mass,Salary,3,Auto Loan,714923,100700,88300,Yes,53853.52,7857.98,7961.66,215.46,2476.06,1753.18,1524.8,1834.49,69888.63,7588.53,62300.1,89.14,Highly Profitable
C01389,40,Female,North,Salaried,1597000,Affluent,Savings,3,Personal Loan,381729,1704800,701800,No,52131.46,3555.89,6502.58,2295.09,1537.26,327.75,614.71,1204.14,64485.02,3683.87,60801.15,94.29,Highly Profitable
C01390,25,Male,North,Self-Employed,416000,Mass,Current,4,No Loan,0,613200,345500,No,2135.12,5756.25,0.0,1256.56,2401.92,448.09,1736.11,891.54,9147.92,5477.66,3670.26,40.12,Low Profitability
C01391,57,Female,South,Self-Employed,1052000,Affluent,Salary,3,No Loan,0,703700,614000,Yes,3359.43,4428.77,0.0,1345.06,3008.55,883.27,1583.31,1702.99,9133.26,7178.13,1955.13,21.41,Low Profitability
C01392,58,Male,West,Salaried,467000,Mass,Salary,2,Personal Loan,331268,784900,633600,No,39530.47,2149.45,4422.05,968.69,1311.39,496.6,793.36,1432.49,47070.66,4033.84,43036.82,91.43,Highly Profitable
C01393,50,Female,West,Retired,635000,Mass,Savings,2,Auto Loan,275535,1139700,1120600,Yes,24041.59,5318.36,5568.33,2308.28,2782.15,930.06,841.77,1560.79,37236.55,6114.76,31121.79,83.58,Highly Profitable
C01394,29,Female,West,Self-Employed,385000,Mass,Savings,3,No Loan,0,406700,174300,No,1807.14,5830.83,0.0,543.02,1737.6,1364.84,923.89,1256.48,8180.98,5282.8,2898.18,35.43,Low Profitability
C01395,54,Male,East,Self-Employed,465000,Mass,Savings,2,No Loan,0,477300,422900,Yes,985.0,3427.7,0.0,1037.73,1699.75,1349.66,1219.44,1480.54,5450.43,5749.38,-298.95,-5.48,Low Profitability
C01396,64,Female,North,Salaried,879000,Mass,Savings,1,Auto Loan,191649,1082100,306800,Yes,18724.39,2388.6,2157.74,1010.35,1571.21,473.77,724.45,1334.58,24281.08,4104.01,20177.07,83.1,Profitable
C01397,55,Female,North,Self-Employed,1426000,Affluent,Savings,4,Home Loan,1364195,1546400,780700,Yes,64723.06,6941.63,14637.1,1306.93,3598.19,436.51,201.69,1805.16,87608.73,6041.56,81567.16,93.1,Highly Profitable
C01398,42,Male,North,Professional,884000,Mass,Savings,2,Auto Loan,483684,366600,288100,Yes,37842.13,5891.28,11115.93,2425.89,1925.49,384.34,898.55,1662.92,57275.23,4871.3,52403.93,91.49,Highly Profitable
C01399,64,Female,East,Salaried,828000,Mass,Savings,2,Education Loan,207676,494600,535700,No,15392.84,3991.59,3052.36,580.52,1817.5,1971.41,991.64,1537.45,23017.31,6318.0,16699.32,72.55,Profitable
C01400,44,Male,East,Salaried,2844000,Premium,Savings,2,No Loan,0,1373500,1498400,No,7662.63,3725.52,0.0,1624.03,1328.44,1748.59,1334.94,1162.01,13012.18,5573.99,7438.2,57.16,Low Profitability
C01401,37,Female,South,Salaried,953000,Affluent,Salary,1,No Loan,0,256400,159800,Yes,1503.53,2733.57,0.0,1438.89,2015.59,1864.96,229.05,1266.0,5676.0,5375.6,300.39,5.29,Low Profitability
C01402,30,Male,West,Retired,419000,Mass,Salary,4,No Loan,0,159900,143900,No,736.24,5022.1,0.0,729.68,1875.6,335.61,1211.16,1028.83,6488.03,4451.2,2036.82,31.39,Low Profitability
C01403,50,Male,West,Salaried,277000,Mass,Savings,3,Auto Loan,610452,486000,369600,Yes,47115.9,8213.07,13454.55,1092.07,2906.96,1664.29,321.95,1617.22,69875.59,6510.42,63365.17,90.68,Highly Profitable
C01404,66,Female,East,Professional,862000,Mass,Salary,4,No Loan,0,918600,783300,No,3760.98,4556.53,0.0,1113.47,2109.72,1503.6,1040.59,1083.61,9430.98,5737.53,3693.45,39.16,Low Profitability
C01405,43,Female,North,Salaried,323000,Mass,Savings,3,No Loan,0,115600,100800,Yes,231.95,3767.11,0.0,655.91,2837.95,484.45,521.77,1797.45,4654.98,5641.61,-986.63,-21.2,Low Profitability
C01406,52,Female,West,Self-Employed,404000,Mass,Savings,3,No Loan,0,535900,383300,Yes,2718.23,7590.67,0.0,1262.77,3358.75,1406.01,1607.11,572.39,11571.66,6944.27,4627.39,39.99,Low Profitability
C01407,37,Male,North,Business Owner,827000,Mass,Savings,3,No Loan,0,774700,729600,Yes,1676.96,6156.06,0.0,545.83,3192.68,421.41,883.19,1356.02,8378.84,5853.3,2525.54,30.14,Low Profitability
C01408,70,Female,East,Salaried,1240000,Affluent,Salary,2,No Loan,0,645700,482200,Yes,3377.19,6467.88,0.0,595.54,3004.34,1161.31,399.29,815.01,10440.6,5379.95,5060.65,48.47,Low Profitability
C01409,37,Male,North,Self-Employed,598000,Mass,Savings,3,Auto Loan,250944,1020700,342500,Yes,21942.83,5724.43,4965.09,2137.63,3389.39,1598.92,244.08,1417.31,34769.98,6649.69,28120.29,80.88,Profitable
C01410,34,Female,North,Salaried,361000,Mass,Savings,3,Home Loan,4707315,187900,205000,Yes,212392.9,5754.48,50153.66,2341.16,2674.53,416.65,1563.23,7261.16,270642.2,11915.57,258726.64,95.6,Highly Profitable
C01411,29,Male,South,Salaried,646000,Mass,Salary,5,Auto Loan,247675,200900,102100,Yes,19049.49,13916.42,4808.44,1035.14,3373.98,1271.19,1700.17,1833.05,38809.49,8178.38,30631.11,78.93,Highly Profitable
C01412,60,Male,North,Professional,603000,Mass,Savings,4,No Loan,0,295200,315700,No,1400.15,9764.04,0.0,125.08,1975.59,1611.42,1362.05,873.43,11289.27,5822.48,5466.78,48.42,Low Profitability
C01413,22,Female,West,Salaried,747000,Mass,Salary,1,Personal Loan,970414,1236000,616400,Yes,111027.0,3930.64,9571.68,2236.65,1703.73,396.08,1262.54,2774.78,126765.98,6137.12,120628.86,95.16,Highly Profitable
C01414,65,Male,East,Business Owner,361000,Mass,Savings,1,Personal Loan,245748,565100,551100,Yes,28365.7,3383.78,5237.49,1998.98,2243.28,1953.45,597.74,1548.96,38985.95,6343.43,32642.52,83.73,Highly Profitable
C01415,45,Male,East,Salaried,442000,Mass,Salary,3,Personal Loan,911672,718500,600800,No,102643.5,5315.63,7813.81,1098.34,1706.99,973.46,1360.63,2471.42,116871.29,6512.51,110358.78,94.43,Highly Profitable
C01416,59,Male,South,Salaried,1229000,Affluent,Current,1,No Loan,0,2042200,1130000,Yes,11616.94,1744.33,0.0,1586.67,2182.0,897.38,445.6,943.16,14947.94,4468.15,10479.79,70.11,Profitable
C01417,29,Male,South,Business Owner,1064000,Affluent,Salary,1,Home Loan,4004860,295700,309700,Yes,180851.43,2575.29,97811.57,2293.8,1841.07,530.8,1504.53,7580.5,283532.09,11456.91,272075.19,95.96,Highly Profitable
C01418,42,Male,West,Self-Employed,1328000,Affluent,Salary,1,Personal Loan,506053,1757900,1310800,No,63886.15,1940.91,10818.13,2470.18,967.59,2172.14,899.38,2099.65,79115.36,6138.77,72976.6,92.24,Highly Profitable
C01419,63,Male,East,Salaried,253000,Mass,Salary,2,No Loan,0,315400,301300,No,1262.87,4973.91,0.0,1218.34,1817.34,1398.57,1599.51,561.21,7455.11,5376.63,2078.48,27.88,Low Profitability
C01420,66,Male,West,Self-Employed,430000,Mass,Savings,2,No Loan,0,769000,713200,Yes,3376.35,6386.49,0.0,1225.93,2487.56,1408.2,748.88,1460.87,10988.77,6105.51,4883.26,44.44,Low Profitability
C01421,24,Male,South,Salaried,1207000,Affluent,Salary,3,No Loan,0,1604400,464400,No,5722.22,3512.75,0.0,2190.73,2355.09,1458.82,218.16,1483.76,11425.69,5515.83,5909.87,51.72,Low Profitability
C01422,46,Female,East,Professional,970000,Affluent,Current,5,No Loan,0,1413100,676200,No,5548.07,7772.28,0.0,1889.92,2357.25,1092.97,1499.26,1044.13,15210.26,5993.6,9216.66,60.6,Low Profitability
C01423,49,Male,South,Salaried,876000,Mass,Savings,2,No Loan,0,1164800,758700,No,5867.32,2474.79,0.0,2010.7,1368.11,1027.3,1610.39,525.46,10352.81,4531.25,5821.56,56.23,Low Profitability
C01424,65,Female,South,Salaried,574000,Mass,Salary,2,No Loan,0,673900,702900,No,2650.26,1762.34,0.0,1585.58,1652.11,1342.78,230.2,748.17,5998.17,3973.27,2024.9,33.76,Low Profitability
C01425,54,Female,South,Professional,498000,Mass,Savings,3,No Loan,0,529100,160400,No,1854.58,4350.59,0.0,975.79,2726.12,613.5,610.48,1246.32,7180.96,5196.42,1984.54,27.64,Low Profitability
C01426,43,Male,West,Salaried,713000,Mass,Savings,2,Personal Loan,563148,1247200,508600,No,65816.36,1966.19,13865.92,557.93,1537.86,1418.84,707.99,1976.87,82206.41,5641.56,76564.85,93.14,Highly Profitable
C01427,57,Female,South,Salaried,547000,Mass,Savings,5,Education Loan,199783,927100,723900,Yes,16510.73,12503.96,3136.76,2386.85,3135.17,1245.85,1157.06,931.74,34538.31,6469.82,28068.49,81.27,Profitable
C01428,31,Female,West,Salaried,936000,Affluent,Current,2,No Loan,0,816600,657200,No,3513.73,2924.05,0.0,464.96,1863.47,581.38,577.79,1374.75,6902.73,4397.39,2505.34,36.29,Low Profitability
C01429,26,Female,North,Professional,714000,Mass,Savings,5,No Loan,0,441900,172100,No,1545.73,4265.54,0.0,1174.33,4025.01,1781.01,1681.67,1151.67,6985.61,8639.35,-1653.75,-23.67,Low Profitability
C01430,38,Female,West,Retired,410000,Mass,Savings,2,Personal Loan,910910,405900,428700,Yes,102474.74,4903.2,20141.35,1246.7,2717.52,443.41,1741.3,2085.06,128766.0,6987.3,121778.7,94.57,Highly Profitable
C01431,41,Male,North,Business Owner,993000,Affluent,Savings,4,Home Loan,1746991,1371400,549000,Yes,86820.75,6999.05,24007.46,2237.35,2943.76,756.39,1136.59,2097.5,120064.61,6934.25,113130.35,94.22,Highly Profitable
C01432,62,Female,South,Self-Employed,1395000,Affluent,Current,3,Personal Loan,898635,1132100,458500,No,102038.38,4711.27,21960.99,1804.23,2734.47,621.01,1777.14,1907.48,130514.88,7040.11,123474.77,94.61,Highly Profitable
C01433,56,Female,East,Business Owner,1448000,Affluent,Salary,5,Personal Loan,961206,1500800,1186000,No,112601.91,9790.16,16453.99,677.23,3633.09,1169.77,473.07,2899.65,139523.29,8175.58,131347.71,94.14,Highly Profitable
C01434,61,Female,West,Salaried,1014000,Affluent,Savings,3,Home Loan,3039799,651900,396500,No,138632.32,6418.22,25978.74,581.03,2353.33,1645.53,384.54,6353.07,171610.3,10736.47,160873.83,93.74,Highly Profitable
C01435,58,Male,North,Salaried,1021000,Affluent,Current,3,Auto Loan,394076,873700,237700,Yes,33193.96,8833.7,5461.69,2373.12,2783.25,760.2,849.21,1172.09,49862.47,5564.74,44297.73,88.84,Highly Profitable
C01436,54,Female,North,Retired,370000,Mass,Savings,3,Education Loan,508484,639900,660700,No,35337.93,6756.55,10688.78,204.69,2234.78,587.53,1473.1,1432.24,52987.95,5727.65,47260.31,89.19,Highly Profitable
C01437,37,Female,East,Salaried,484000,Mass,Savings,4,Personal Loan,920618,244200,76600,Yes,101996.1,8443.39,10476.07,2247.65,3800.21,1374.65,1142.76,2208.27,123163.21,8525.89,114637.31,93.08,Highly Profitable
C01438,57,Male,North,Salaried,638000,Mass,Savings,4,Education Loan,348216,1136500,435100,Yes,26462.13,6372.99,3565.15,623.27,3573.7,1564.68,1207.89,1154.26,37023.53,7500.53,29523.0,79.74,Profitable
C01439,45,Male,South,Professional,970000,Affluent,Savings,2,Home Loan,4197867,490500,496700,Yes,190127.01,6259.06,77388.76,315.96,1728.67,2106.85,1734.04,9240.57,274090.79,14810.12,259280.67,94.6,Highly Profitable
C01440,58,Male,East,Business Owner,503000,Mass,Current,2,Home Loan,4697209,340400,164800,No,212163.44,3036.1,61447.53,781.5,1804.18,1455.15,1156.82,7266.87,277428.57,11683.02,265745.55,95.79,Highly Profitable
C01441,32,Female,North,Salaried,591000,Mass,Current,1,Home Loan,2171491,173600,164100,Yes,98376.86,3053.33,40023.1,1425.3,2179.97,1379.09,893.79,3827.28,142878.59,8280.14,134598.45,94.2,Highly Profitable
C01442,43,Female,East,Salaried,952000,Affluent,Savings,2,Auto Loan,154958,1324200,523200,Yes,18588.52,3299.31,2070.61,2165.57,2591.75,1197.9,1455.72,1836.43,26124.01,7081.79,19042.22,72.89,Profitable
C01443,62,Female,East,Self-Employed,755000,Mass,Savings,4,Education Loan,382850,135200,39300,No,25524.96,4348.19,8082.53,1723.82,3057.37,831.1,1423.85,2182.86,39679.5,7495.17,32184.34,81.11,Highly Profitable
C01444,42,Male,East,Self-Employed,841000,Mass,Salary,1,No Loan,0,1219400,548100,Yes,5342.59,1524.84,0.0,1955.56,2400.16,2107.04,1715.17,643.6,8822.99,6865.97,1957.02,22.18,Low Profitability
C01445,41,Male,West,Self-Employed,456000,Mass,Savings,3,Personal Loan,674080,502600,442600,Yes,75999.38,7102.72,16693.73,2293.11,2851.98,1650.52,1182.76,2320.16,102088.93,8005.42,94083.51,92.16,Highly Profitable
C01446,47,Male,North,Salaried,587000,Mass,Savings,3,Education Loan,206686,813300,661400,Yes,16585.48,4955.63,2970.23,113.2,3294.42,1200.0,223.7,1085.28,24624.54,5803.4,18821.14,76.43,Profitable
C01447,51,Male,East,Retired,541000,Mass,Salary,4,No Loan,0,780200,401000,No,1627.49,7958.89,0.0,1662.62,2851.33,1311.12,734.09,1512.75,11249.0,6409.29,4839.7,43.02,Low Profitability
C01448,26,Female,North,Salaried,700000,Mass,Salary,3,No Loan,0,248700,196100,No,1432.65,6106.49,0.0,1025.09,1871.22,2120.34,874.34,1368.78,8564.23,6234.67,2329.56,27.2,Low Profitability
C01449,47,Female,South,Self-Employed,552000,Mass,Savings,2,No Loan,0,102300,83400,Yes,331.8,4612.86,0.0,1570.94,2324.87,1222.36,1361.23,1730.28,6515.61,6638.74,-123.12,-1.89,Low Profitability
C01450,60,Female,West,Salaried,512000,Mass,Savings,5,Personal Loan,729010,219400,160200,Yes,81432.43,10722.79,10102.01,226.87,3634.7,2187.43,1151.58,1728.72,102484.11,8702.43,93781.68,91.51,Highly Profitable
C01451,54,Female,West,Salaried,750000,Mass,Savings,1,Home Loan,3103917,587800,614400,No,142535.91,2009.3,64189.22,460.92,972.75,1385.42,1216.64,3179.57,209195.35,6754.38,202440.97,96.77,Highly Profitable
C01452,32,Male,North,Salaried,2218000,Premium,Savings,4,No Loan,0,601000,555700,Yes,2552.38,5747.34,0.0,1823.09,3370.07,2042.4,623.95,1404.41,10122.81,7440.84,2681.97,26.49,Low Profitability
C01453,65,Male,North,Retired,965000,Affluent,Current,1,Home Loan,2046714,872000,822800,Yes,95399.04,2756.12,19754.1,2215.5,1775.59,1675.31,1526.86,3634.79,120124.75,8612.54,111512.21,92.83,Highly Profitable
C01454,27,Female,North,Professional,263000,Mass,Savings,1,Auto Loan,531430,163200,99900,Yes,40394.48,2659.59,5003.08,1294.24,1557.19,506.72,712.05,2084.23,49351.4,4860.2,44491.2,90.15,Highly Profitable
C01455,30,Female,North,Salaried,849000,Mass,Salary,4,No Loan,0,637000,529500,No,2900.4,5103.08,0.0,565.17,3424.84,1469.13,1345.31,1046.01,8568.65,7285.3,1283.35,14.98,Low Profitability
C01456,65,Male,North,Professional,527000,Mass,Savings,4,No Loan,0,896700,363900,No,5273.41,3928.92,0.0,1868.28,2115.35,2110.63,619.58,694.57,11070.61,5540.13,5530.48,49.96,Low Profitability
C01457,37,Male,South,Salaried,417000,Mass,Savings,2,Auto Loan,340562,560900,281300,Yes,28468.54,5458.36,5804.02,223.43,2216.26,933.86,1212.23,1521.14,39954.35,5883.48,34070.87,85.27,Highly Profitable
C01458,46,Male,South,Business Owner,1031000,Affluent,Savings,3,Auto Loan,884093,1274300,862800,No,70849.24,6512.45,15071.16,1849.49,2745.88,978.59,1013.31,2121.19,94282.33,6858.97,87423.36,92.73,Highly Profitable
C01459,41,Female,North,Salaried,730000,Mass,Savings,3,No Loan,0,896700,846300,No,3522.86,3961.43,0.0,2040.87,2462.89,519.81,406.36,724.4,9525.17,4113.47,5411.7,56.81,Low Profitability
C01460,48,Male,North,Professional,2748000,Premium,Savings,1,Home Loan,3003470,2930400,1571800,No,146508.01,1242.9,72397.34,246.36,1256.23,1271.82,686.77,4612.8,220394.61,7827.62,212566.99,96.45,Highly Profitable
C01461,66,Male,West,Salaried,657000,Mass,Salary,3,Personal Loan,722762,654600,408400,No,81492.61,3459.62,7943.74,1068.12,2558.13,867.37,1066.15,1999.17,93964.08,6490.82,87473.26,93.09,Highly Profitable
C01462,22,Male,North,Self-Employed,618000,Mass,Salary,4,No Loan,0,992200,1055400,No,5347.12,6441.47,0.0,393.78,1806.89,1765.89,902.51,1134.16,12182.37,5609.45,6572.93,53.95,Low Profitability
C01463,63,Male,North,Professional,1352000,Affluent,Salary,4,Auto Loan,515338,370100,181900,Yes,40416.22,8022.12,10101.77,2069.18,4285.37,691.39,846.11,1307.52,60609.29,7130.39,53478.9,88.24,Highly Profitable
C01464,21,Female,North,Salaried,709000,Mass,Current,3,Personal Loan,836454,443900,344200,No,93958.72,3086.29,15390.59,2069.15,1790.52,1702.05,1357.92,2126.98,114504.74,6977.48,107527.27,93.91,Highly Profitable
C01465,56,Male,West,Salaried,391000,Mass,Salary,3,Home Loan,1501752,125800,42200,Yes,68048.48,7643.55,20840.24,2313.58,2680.58,1078.1,1346.5,2168.59,98845.84,7273.77,91572.07,92.64,Highly Profitable
C01466,46,Female,South,Salaried,431000,Mass,Current,2,No Loan,0,72500,43500,No,214.31,3402.25,0.0,417.51,1946.56,2083.66,1788.87,1101.29,4034.07,6920.37,-2886.31,-71.55,Low Profitability
C01467,49,Female,West,Business Owner,584000,Mass,Savings,2,Auto Loan,648873,101000,53600,Yes,49125.96,5049.07,11176.71,1827.82,2053.21,1389.76,395.86,2564.47,67179.55,6403.3,60776.26,90.47,Highly Profitable
C01468,41,Female,East,Salaried,1005000,Affluent,Current,2,No Loan,0,190600,49800,No,561.71,1999.7,0.0,2233.79,1414.7,1984.05,597.29,571.11,4795.2,4567.15,228.05,4.76,Low Profitability
C01469,31,Male,West,Self-Employed,1409000,Affluent,Savings,5,No Loan,0,1796300,1342600,Yes,3655.87,10533.99,0.0,1156.97,4285.64,788.69,661.48,1223.08,15346.82,6958.89,8387.93,54.66,Low Profitability
C01470,60,Female,East,Retired,1088000,Affluent,Savings,1,No Loan,0,363200,193100,Yes,823.21,4251.93,0.0,887.85,2018.72,2099.2,694.59,1692.09,5962.99,6504.59,-541.6,-9.08,Low Profitability
C01471,31,Female,North,Salaried,957000,Affluent,Salary,2,No Loan,0,463200,214900,No,2212.26,2972.97,0.0,1814.78,1268.55,712.02,729.96,675.99,7000.01,3386.52,3613.49,51.62,Low Profitability
C01472,56,Female,North,Salaried,1280000,Affluent,Salary,3,Auto Loan,378597,1076900,1086300,Yes,32174.9,6870.25,8421.86,1075.6,3050.48,2096.8,1106.36,2145.66,48542.61,8399.3,40143.31,82.7,Highly Profitable
C01473,69,Female,West,Business Owner,985000,Affluent,Savings,1,No Loan,0,585300,260600,No,1653.84,1196.81,0.0,1168.97,1138.49,1963.77,276.01,1562.26,4019.62,4940.53,-920.91,-22.91,Low Profitability
C01474,59,Male,West,Professional,426000,Mass,Savings,4,Personal Loan,515167,638000,379400,Yes,58551.41,9217.36,7329.85,1832.92,3685.34,684.0,945.1,1818.96,76931.54,7133.4,69798.14,90.73,Highly Profitable
C01475,60,Male,West,Retired,620000,Mass,Savings,1,Auto Loan,415060,730800,772500,No,34036.53,1706.13,5329.95,1186.07,1305.21,1547.81,1333.42,884.32,42258.68,5070.76,37187.92,88.0,Highly Profitable
C01476,55,Male,West,Salaried,527000,Mass,Savings,4,Personal Loan,329697,368900,117400,No,38340.55,7163.04,3566.68,2078.22,2703.69,1001.46,1360.22,1922.73,51148.49,6988.11,44160.38,86.34,Highly Profitable
C01477,54,Male,South,Salaried,1402000,Affluent,Savings,2,No Loan,0,945400,990500,Yes,2907.28,4617.03,0.0,1792.31,2406.14,1062.96,1084.45,1341.72,9316.62,5895.26,3421.36,36.72,Low Profitability
C01478,67,Male,West,Professional,414000,Mass,Salary,1,Auto Loan,205346,529100,307800,Yes,17846.35,2886.46,4004.38,2372.49,2084.19,375.06,1673.62,1772.34,27109.68,5905.21,21204.48,78.22,Profitable
C01479,44,Male,South,Professional,419000,Mass,Savings,4,Personal Loan,808407,180800,166700,Yes,89883.44,9669.59,8816.69,1393.55,3160.28,1873.97,506.12,1079.63,109763.27,6620.0,103143.27,93.97,Highly Profitable
C01480,42,Male,West,Business Owner,769000,Mass,Savings,3,No Loan,0,471300,260400,No,1863.87,2934.23,0.0,1680.27,2587.55,793.18,1777.5,1136.44,6478.37,6294.67,183.7,2.84,Low Profitability
C01481,25,Male,East,Salaried,2022000,Premium,Salary,1,No Loan,0,1482500,894300,Yes,3125.3,4401.96,0.0,242.16,1901.67,1760.67,468.95,1349.58,7769.42,5480.87,2288.56,29.46,Low Profitability
C01482,53,Male,North,Salaried,1049000,Affluent,Savings,2,Personal Loan,960483,944300,587500,Yes,110549.02,5145.11,23569.79,1954.91,2222.35,1419.43,749.79,1837.16,141218.84,6228.72,134990.12,95.59,Highly Profitable
C01483,56,Male,West,Salaried,1241000,Affluent,Current,2,Home Loan,3621245,576300,607900,No,166135.74,3481.02,89289.55,1593.09,2058.02,2144.47,282.63,6900.03,260499.41,11385.14,249114.27,95.63,Highly Profitable
C01484,67,Male,North,Retired,381000,Mass,Savings,2,Personal Loan,667342,156000,112000,No,73738.99,1787.34,14420.68,1254.11,1840.64,681.5,1739.34,2083.02,91201.12,6344.5,84856.61,93.04,Highly Profitable
C01485,40,Male,West,Salaried,1011000,Affluent,Current,3,No Loan,0,1803100,783200,No,4444.29,5068.66,0.0,2432.67,2591.27,908.95,1129.57,1054.93,11945.63,5684.72,6260.91,52.41,Low Profitability
C01486,39,Male,West,Self-Employed,380000,Mass,Savings,3,Personal Loan,234916,629600,484700,No,27319.14,4789.79,3725.82,1049.15,2682.21,616.28,1280.31,955.03,36883.9,5533.83,31350.06,85.0,Highly Profitable
C01487,55,Male,North,Self-Employed,1046000,Affluent,Savings,2,No Loan,0,1060600,1067000,No,3059.54,2359.77,0.0,424.99,1768.11,1881.34,1736.45,1556.43,5844.3,6942.33,-1098.03,-18.79,Low Profitability
C01488,63,Female,South,Salaried,295000,Mass,Savings,2,No Loan,0,416900,180200,No,1660.94,4434.02,0.0,770.07,1652.78,927.63,1410.07,1334.15,6865.02,5324.63,1540.4,22.44,Low Profitability
C01489,37,Male,East,Salaried,581000,Mass,Current,3,Education Loan,448761,733300,393700,No,30733.87,4034.75,6646.7,2285.75,1653.61,670.75,1766.79,1887.9,43701.07,5979.05,37722.02,86.32,Highly Profitable
C01490,65,Male,North,Business Owner,226000,Mass,Savings,1,No Loan,0,61900,45500,No,165.65,1786.43,0.0,603.13,1034.83,1424.8,1054.02,569.49,2555.21,4083.14,-1527.93,-59.8,Low Profitability
C01491,63,Male,East,Salaried,430000,Mass,Savings,3,No Loan,0,431900,470400,No,1567.37,4697.84,0.0,2417.82,2058.33,1017.4,1352.77,1480.52,8683.03,5909.03,2774.0,31.95,Low Profitability
C01492,54,Female,East,Salaried,320000,Mass,Salary,3,Auto Loan,580225,145100,93700,No,44174.51,6880.19,13882.5,1730.74,1540.04,1843.23,450.93,1611.33,66667.94,5445.53,61222.41,91.83,Highly Profitable
C01493,29,Female,East,Salaried,1001000,Affluent,Savings,2,No Loan,0,1114800,832400,No,6285.62,3303.29,0.0,584.41,1908.07,1751.09,267.55,1389.91,10173.32,5316.62,4856.7,47.74,Low Profitability
C01494,46,Female,North,Professional,737000,Mass,Salary,1,Personal Loan,254458,185700,67800,Yes,28978.21,3042.79,5206.56,259.34,2046.84,527.84,912.05,1885.14,37486.9,5371.87,32115.02,85.67,Highly Profitable
C01495,22,Female,West,Retired,541000,Mass,Salary,1,Auto Loan,769359,226600,202700,No,58203.99,2027.65,14621.21,1234.55,1366.72,1926.17,343.91,1277.94,76087.39,4914.73,71172.66,93.54,Highly Profitable
C01496,29,Male,West,Business Owner,747000,Mass,Salary,3,No Loan,0,1075600,469900,No,6311.3,6313.72,0.0,1306.4,2293.38,2166.88,1002.66,1192.27,13931.41,6655.19,7276.23,52.23,Low Profitability
C01497,29,Male,South,Professional,443000,Mass,Salary,3,Auto Loan,824493,682800,361000,No,63931.87,7166.73,13157.29,937.17,2762.46,1726.76,765.18,2052.26,85193.06,7306.66,77886.4,91.42,Highly Profitable
C01498,60,Male,North,Self-Employed,836000,Mass,Savings,3,Home Loan,2834715,1377200,1174900,Yes,132319.23,7816.96,49545.96,208.76,2264.3,1865.51,497.13,7030.74,189890.91,11657.68,178233.23,93.86,Highly Profitable
C01499,37,Female,West,Business Owner,671000,Mass,Current,5,Personal Loan,521083,1093500,935800,No,59832.06,4421.52,10302.89,2319.25,2737.3,2043.14,1775.83,2066.81,76875.73,8623.08,68252.64,88.78,Highly Profitable
C01500,21,Female,North,Retired,2454000,Premium,Current,3,No Loan,0,4040800,2105200,Yes,23211.14,7762.86,0.0,1536.72,2933.72,1793.12,1704.17,532.41,32510.72,6963.42,25547.31,78.58,Profitable
C01501,45,Female,West,Self-Employed,1719000,Affluent,Savings,3,Education Loan,498906,526500,512200,Yes,34631.59,6839.15,6336.83,1262.67,2392.18,1411.0,646.01,1823.16,49070.25,6272.35,42797.89,87.22,Highly Profitable
C01502,63,Male,South,Salaried,1174000,Affluent,Savings,1,Home Loan,3222535,1453600,1345300,Yes,150923.3,2092.82,40664.38,956.1,2285.11,429.51,884.51,6126.97,194636.6,9726.1,184910.5,95.0,Highly Profitable
C01503,60,Female,West,Retired,822000,Mass,Savings,2,Personal Loan,473347,1074100,830700,No,54281.66,4926.82,9010.21,1724.5,1680.17,1220.44,1269.61,1529.43,69943.19,5699.65,64243.53,91.85,Highly Profitable
C01504,62,Male,South,Professional,882000,Mass,Savings,2,Auto Loan,319766,522600,210000,No,25034.84,3810.13,3386.89,1367.55,1609.6,1787.58,1043.63,2035.53,33599.4,6476.35,27123.05,80.72,Profitable
C01505,45,Male,South,Salaried,1385000,Affluent,Salary,3,Personal Loan,107788,2476800,2524200,Yes,23569.11,9386.22,2648.96,2134.81,2697.24,786.82,1659.4,1058.91,37739.1,6202.36,31536.74,83.57,Highly Profitable
C01506,59,Male,West,Retired,820000,Mass,Salary,2,Personal Loan,446193,509700,355900,Yes,51083.9,4386.24,9992.62,1436.11,2378.07,1541.7,1780.18,1736.47,66898.86,7436.42,59462.44,88.88,Highly Profitable
C01507,55,Male,North,Salaried,848000,Mass,Salary,3,Auto Loan,892118,931600,531000,Yes,70663.47,8503.09,14007.37,1352.38,2322.03,898.81,299.63,2351.29,94526.32,5871.75,88654.57,93.79,Highly Profitable
C01508,23,Male,South,Salaried,510000,Mass,Savings,3,No Loan,0,810600,841600,Yes,3729.51,7494.95,0.0,576.22,2618.26,1938.12,919.15,1680.2,11800.67,7155.73,4644.94,39.36,Low Profitability
C01509,70,Female,West,Business Owner,480000,Mass,Savings,1,Home Loan,967143,301000,323800,Yes,44299.15,1957.31,13561.79,277.06,1958.32,990.18,803.89,2536.69,60095.3,6289.09,53806.21,89.53,Highly Profitable
C01510,57,Male,West,Salaried,660000,Mass,Salary,3,No Loan,0,759500,652900,Yes,4551.98,4126.14,0.0,606.7,2980.92,386.39,283.87,983.68,9284.81,4634.86,4649.95,50.08,Low Profitability
C01511,64,Male,West,Business Owner,180000,Mass,Savings,1,Home Loan,3811951,240800,222200,Yes,172097.19,3057.32,68824.81,487.25,1836.06,1406.44,1658.63,4555.34,244466.57,9456.48,235010.09,96.13,Highly Profitable
C01512,64,Male,North,Salaried,689000,Mass,Salary,3,Personal Loan,884475,815800,375100,No,99797.99,5123.85,21943.43,1837.08,2040.43,386.94,449.65,2565.85,128702.36,5442.87,123259.49,95.77,Highly Profitable
C01513,50,Male,North,Salaried,613000,Mass,Salary,3,No Loan,0,502600,236200,No,2400.11,6138.49,0.0,713.7,2020.47,709.79,259.49,1145.41,9252.31,4135.15,5117.15,55.31,Low Profitability
C01514,58,Female,West,Self-Employed,1135000,Affluent,Current,3,No Loan,0,1939500,1423200,No,7881.5,4623.32,0.0,1721.87,2251.14,1252.74,353.54,1362.56,14226.68,5219.99,9006.69,63.31,Low Profitability
C01515,54,Female,North,Self-Employed,1373000,Affluent,Savings,2,Personal Loan,754033,1593100,1729700,Yes,86745.24,4476.42,18340.34,1495.6,2595.47,1807.23,900.43,2706.63,111057.6,8009.75,103047.85,92.79,Highly Profitable
C01516,32,Female,West,Salaried,2879000,Premium,Savings,2,Home Loan,1872447,1497600,1320500,No,91896.96,1629.11,46248.18,701.83,1847.35,908.12,857.15,4312.2,140476.08,7924.82,132551.26,94.36,Highly Profitable
C01517,39,Female,South,Retired,963000,Affluent,Savings,2,Personal Loan,365059,1425300,1260100,No,48539.72,4827.63,5936.12,1569.21,1885.48,849.75,1647.93,2128.08,60872.68,6511.25,54361.44,89.3,Highly Profitable
C01518,57,Female,West,Self-Employed,761000,Mass,Savings,2,Auto Loan,641766,937700,439700,Yes,51782.26,5346.23,5931.61,1769.72,3087.2,514.7,230.95,2015.51,64829.83,5848.35,58981.48,90.98,Highly Profitable
C01519,64,Male,South,Salaried,513000,Mass,Salary,5,No Loan,0,169600,102900,No,510.91,12465.06,0.0,144.06,3741.76,1412.76,1679.43,633.03,13120.04,7466.98,5653.05,43.09,Low Profitability
C01520,69,Female,North,Salaried,393000,Mass,Savings,2,Auto Loan,741182,239300,129500,Yes,56169.51,6422.52,14796.81,1440.33,2652.64,1311.83,847.07,2082.77,78829.16,6894.31,71934.85,91.25,Highly Profitable
C01521,37,Male,South,Professional,1157000,Affluent,Savings,5,No Loan,0,475400,241000,Yes,1341.06,11882.63,0.0,1953.24,4592.87,316.86,551.63,1411.28,15176.93,6872.64,8304.29,54.72,Low Profitability
C01522,30,Male,North,Self-Employed,690000,Mass,Current,4,No Loan,0,186200,162300,No,604.2,3594.96,0.0,373.5,3194.86,1635.54,1763.8,1400.4,4572.66,7994.6,-3421.93,-74.83,Low Profitability
C01523,69,Male,South,Salaried,884000,Mass,Savings,2,No Loan,0,468400,156900,No,1288.98,3693.08,0.0,1040.69,1352.53,1174.73,1662.71,1517.29,6022.74,5707.25,315.49,5.24,Low Profitability
C01524,67,Female,North,Salaried,707000,Mass,Salary,2,Auto Loan,779353,430500,168200,No,60491.15,2366.21,8628.8,809.56,1512.85,849.38,1206.65,2562.92,72295.71,6131.8,66163.91,91.52,Highly Profitable
C01525,32,Female,South,Self-Employed,717000,Mass,Savings,4,Personal Loan,251005,659500,396000,Yes,28990.07,9997.76,2432.94,1631.37,3437.52,1650.5,343.67,703.65,43052.15,6135.35,36916.79,85.75,Highly Profitable
C01526,36,Male,North,Salaried,790000,Mass,Salary,2,No Loan,0,1381900,701100,Yes,5025.19,5903.78,0.0,1927.99,2119.5,1842.41,1435.13,1357.06,12856.95,6754.1,6102.85,47.47,Low Profitability
C01527,44,Female,North,Business Owner,883000,Mass,Salary,3,Personal Loan,995313,1506700,1533600,No,114752.72,3269.01,10941.9,2414.88,1523.02,1434.57,323.64,3335.76,131378.52,6616.99,124761.52,94.96,Highly Profitable
C01528,39,Female,North,Retired,1174000,Affluent,Salary,1,Personal Loan,680165,1636100,687800,Yes,83836.32,3250.02,11485.49,1294.38,2074.19,479.43,616.28,1698.28,99866.21,4868.18,94998.03,95.13,Highly Profitable
C01529,28,Male,South,Salaried,355000,Mass,Savings,2,Auto Loan,896274,431900,199300,No,68555.61,4955.52,14682.25,1824.17,1685.87,2021.02,1167.13,2258.65,90017.54,7132.67,82884.88,92.08,Highly Profitable
C01530,51,Male,South,Professional,966000,Affluent,Savings,1,Personal Loan,345248,1654800,664200,No,45141.94,1407.77,6715.72,1357.19,1235.62,333.88,255.97,2043.82,54622.61,3869.27,50753.34,92.92,Highly Profitable
C01531,41,Female,West,Retired,345000,Mass,Salary,2,Personal Loan,493296,132800,130100,Yes,54530.65,4982.09,7563.41,960.57,2611.99,697.74,676.05,1490.97,68036.71,5476.74,62559.98,91.95,Highly Profitable
C01532,37,Male,South,Retired,1030000,Affluent,Salary,3,Education Loan,664893,715900,301900,Yes,47275.62,4617.18,15666.12,590.84,2683.57,802.36,773.09,1815.82,68149.76,6074.84,62074.92,91.09,Highly Profitable
C01533,43,Female,South,Retired,835000,Mass,Current,5,Education Loan,133164,887600,487500,Yes,12691.27,11825.18,2995.03,2230.97,3343.05,1002.98,282.28,1325.29,29742.44,5953.6,23788.85,79.98,Profitable
C01534,57,Male,East,Professional,671000,Mass,Savings,2,No Loan,0,1001800,820400,Yes,5183.84,6416.73,0.0,1502.43,3164.82,975.43,1105.15,1776.81,13103.0,7022.21,6080.79,46.41,Low Profitability
C01535,36,Male,South,Self-Employed,686000,Mass,Savings,3,Home Loan,1968057,809000,255600,Yes,92022.98,4362.69,25021.72,1637.35,3313.01,2008.01,1280.51,2008.34,123044.75,8609.87,114434.88,93.0,Highly Profitable
C01536,26,Female,South,Salaried,755000,Mass,Salary,2,No Loan,0,1120900,1058300,Yes,5898.3,5544.88,0.0,1580.75,2448.76,1812.68,351.06,1201.43,13023.92,5813.94,7209.99,55.36,Low Profitability
C01537,28,Female,West,Self-Employed,1276000,Affluent,Savings,2,Home Loan,4211570,513700,436800,No,190721.45,1849.8,71220.78,669.37,1908.91,682.71,800.63,6504.5,264461.4,9896.75,254564.65,96.26,Highly Profitable
C01538,45,Female,South,Professional,1215000,Affluent,Savings,3,Home Loan,2667977,568600,268300,No,122812.11,5301.19,65639.42,874.99,2664.69,2112.83,710.32,4535.03,194627.71,10022.88,184604.82,94.85,Highly Profitable
C01539,38,Female,North,Salaried,1139000,Affluent,Savings,3,No Loan,0,1562600,911000,Yes,4055.3,9110.36,0.0,2127.45,2283.89,988.33,986.02,1674.41,15293.1,5932.65,9360.45,61.21,Low Profitability
C01540,45,Female,East,Salaried,334000,Mass,Salary,1,Education Loan,195091,242100,188100,Yes,13723.38,4628.49,4429.28,1177.77,1561.16,715.24,1692.41,1700.52,23958.93,5669.34,18289.59,76.34,Profitable
C01541,32,Female,West,Salaried,961000,Affluent,Savings,4,No Loan,0,835600,881100,No,4965.88,4106.17,0.0,135.04,3253.45,2096.88,982.46,1312.35,9207.09,7645.14,1561.95,16.96,Low Profitability
C01542,35,Male,West,Professional,187000,Mass,Savings,3,Home Loan,3436766,272300,213700,Yes,155395.68,9720.06,37649.9,1147.7,3122.44,1386.57,204.37,5688.06,203913.34,10401.44,193511.9,94.9,Highly Profitable
C01543,46,Male,West,Professional,217000,Mass,Savings,2,Auto Loan,157089,57600,26800,Yes,11955.9,4314.22,3815.12,658.49,2557.82,1420.42,257.89,899.22,20743.72,5135.35,15608.37,75.24,Profitable
C01544,61,Male,South,Self-Employed,1299000,Affluent,Savings,3,No Loan,0,554900,366300,Yes,1578.83,5908.92,0.0,2169.0,3096.13,1546.38,745.94,1745.41,9656.75,7133.86,2522.88,26.13,Low Profitability
C01545,65,Female,East,Salaried,316000,Mass,Current,2,No Loan,0,201600,127400,Yes,735.6,4874.68,0.0,1329.17,2730.42,1487.93,367.4,1074.19,6939.46,5659.95,1279.51,18.44,Low Profitability
C01546,46,Male,West,Business Owner,634000,Mass,Savings,3,No Loan,0,1019300,716300,No,4030.47,2971.68,0.0,2485.91,1781.54,1496.78,676.67,1243.9,9488.05,5198.89,4289.16,45.21,Low Profitability
C01547,67,Male,South,Salaried,1515000,Affluent,Savings,3,Auto Loan,402253,1239400,856700,Yes,33441.26,6831.72,8841.91,178.11,2812.21,303.72,1224.37,1393.43,49293.01,5733.73,43559.28,88.37,Highly Profitable
C01548,52,Male,South,Self-Employed,965000,Affluent,Savings,1,Auto Loan,319474,546200,305600,Yes,25113.75,3188.55,2599.95,1424.76,2061.19,1602.8,613.63,1021.68,32327.01,5299.3,27027.71,83.61,Profitable
C01549,30,Female,South,Salaried,858000,Mass,Savings,4,No Loan,0,1089100,1079400,No,3666.44,6574.12,0.0,226.06,2448.19,1710.06,383.63,1524.22,10466.62,6066.1,4400.51,42.04,Low Profitability
C01550,36,Female,North,Retired,679000,Mass,Savings,3,No Loan,0,135800,72100,No,479.12,2711.41,0.0,781.8,1917.99,351.17,1322.06,1263.3,3972.32,4854.52,-882.2,-22.21,Low Profitability
C01551,27,Male,South,Self-Employed,750000,Mass,Salary,3,Personal Loan,618345,1071700,750700,No,71802.57,6505.76,14202.77,651.54,2263.95,1486.5,1667.55,1822.54,93162.64,7240.55,85922.09,92.23,Highly Profitable
C01552,37,Female,West,Self-Employed,496000,Mass,Salary,1,Home Loan,1448802,645600,304600,Yes,68204.54,2970.59,28868.79,777.31,1506.6,802.84,1656.88,2009.85,100821.23,5976.17,94845.06,94.07,Highly Profitable
C01553,43,Male,South,Business Owner,538000,Mass,Savings,3,Home Loan,4271054,129600,80300,Yes,192689.26,8456.45,81269.24,2453.84,2125.53,1493.71,1244.46,7234.17,284868.79,12097.88,272770.91,95.75,Highly Profitable
C01554,46,Male,West,Self-Employed,734000,Mass,Savings,2,Personal Loan,247772,713300,591500,No,28989.26,4789.75,5792.09,768.18,1334.6,803.34,496.1,659.76,40339.29,3293.8,37045.48,91.83,Highly Profitable
C01555,41,Female,North,Salaried,795000,Mass,Savings,4,No Loan,0,649400,580700,Yes,3720.68,10304.26,0.0,494.65,3261.85,482.24,1597.12,1766.45,14519.59,7107.67,7411.93,51.05,Low Profitability
C01556,42,Male,South,Self-Employed,642000,Mass,Salary,3,Personal Loan,119347,263800,246700,Yes,14395.1,4000.41,1173.63,2383.23,3426.04,638.69,1418.82,1553.26,21952.37,7036.81,14915.56,67.95,Profitable
C01557,27,Female,West,Retired,205000,Mass,Savings,2,No Loan,0,82900,72600,No,236.38,3842.45,0.0,1600.52,1557.5,2043.77,1542.24,874.66,5679.35,6018.17,-338.82,-5.97,Low Profitability
C01558,34,Male,West,Salaried,1655000,Affluent,Savings,2,No Loan,0,685700,443500,No,3936.2,2525.31,0.0,787.75,2002.15,1134.35,437.79,1623.23,7249.27,5197.52,2051.75,28.3,Low Profitability
C01559,35,Male,South,Business Owner,1172000,Affluent,Salary,4,No Loan,0,1335400,376400,Yes,7967.41,5125.86,0.0,1682.09,3673.73,2041.03,974.59,622.33,14775.36,7311.68,7463.68,50.51,Low Profitability
C01560,27,Female,North,Retired,626000,Mass,Savings,3,Home Loan,950651,270600,188300,No,43534.18,6280.25,16756.84,1992.87,2415.8,1219.54,1052.83,2515.48,68564.14,7203.65,61360.49,89.49,Highly Profitable
C01561,29,Male,North,Professional,1192000,Affluent,Savings,5,No Loan,0,296000,87900,Yes,1042.54,8742.31,0.0,140.4,4467.36,2006.87,1440.14,918.96,9925.26,8833.33,1091.93,11.0,Low Profitability
C01562,68,Female,West,Business Owner,575000,Mass,Savings,2,Personal Loan,723716,994800,1065900,No,81872.66,2088.2,17858.94,663.95,1653.43,1378.39,721.01,2113.09,102483.76,5865.92,96617.83,94.28,Highly Profitable
C01563,28,Female,West,Business Owner,834000,Mass,Savings,3,Home Loan,4628210,179000,102300,No,208972.89,3271.59,69951.19,1470.13,1813.24,966.95,754.53,8962.07,283665.81,12496.8,271169.0,95.59,Highly Profitable
C01564,70,Male,North,Retired,243000,Mass,Salary,3,Auto Loan,508458,302600,205200,No,39692.98,5854.05,5379.81,1326.14,1691.16,722.05,1617.4,1880.29,52252.98,5910.91,46342.07,88.69,Highly Profitable
C01565,43,Male,West,Retired,806000,Mass,Current,3,Personal Loan,560724,1365700,491800,Yes,69349.49,6696.84,12825.4,1111.07,2663.89,1005.3,1384.57,2319.92,89982.8,7373.68,82609.12,91.81,Highly Profitable
C01566,49,Male,East,Retired,600000,Mass,Savings,4,No Loan,0,127600,139900,No,533.5,4618.68,0.0,174.01,2376.01,636.16,1222.61,1505.54,5326.19,5740.32,-414.13,-7.78,Low Profitability
C01567,38,Male,West,Business Owner,789000,Mass,Savings,1,Education Loan,380607,1375600,919400,Yes,29284.52,1502.58,3742.7,2382.59,1706.36,2164.75,393.46,1770.28,36912.4,6034.85,30877.55,83.65,Highly Profitable
C01568,51,Male,North,Salaried,1793000,Affluent,Savings,3,No Loan,0,1755100,883800,No,7545.47,7180.04,0.0,1816.19,1921.3,962.42,310.25,1387.07,16541.7,4581.04,11960.66,72.31,Profitable
C01569,50,Male,West,Salaried,693000,Mass,Savings,3,No Loan,0,1001700,414800,Yes,2466.24,9245.4,0.0,2488.67,2224.86,1358.17,1232.99,1465.46,14200.3,6281.48,7918.82,55.77,Low Profitability
C01570,59,Male,West,Salaried,544000,Mass,Savings,2,Education Loan,644681,642700,515700,No,45337.03,2940.19,5332.68,2199.43,1541.3,2193.73,1020.57,2295.33,55809.33,7050.93,48758.39,87.37,Highly Profitable
C01571,55,Male,South,Retired,548000,Mass,Current,2,Personal Loan,291789,640000,397300,No,34709.76,2445.56,5626.22,1476.78,1996.02,1285.94,1775.28,1384.77,44258.32,6442.0,37816.32,85.44,Highly Profitable
C01572,38,Female,South,Professional,321000,Mass,Savings,3,Home Loan,1882330,465900,242100,Yes,87467.51,4526.7,17375.34,945.42,2892.01,890.27,1563.44,3292.28,110314.97,8637.99,101676.98,92.17,Highly Profitable
C01573,62,Female,West,Self-Employed,874000,Mass,Savings,2,No Loan,0,225500,58200,No,812.68,2644.74,0.0,493.53,1547.38,1466.63,1112.14,1427.36,3950.95,5553.5,-1602.55,-40.56,Low Profitability
C01574,59,Female,West,Self-Employed,939000,Affluent,Savings,2,No Loan,0,748800,210400,Yes,3455.09,5464.18,0.0,607.2,2057.31,1852.62,390.85,1121.12,9526.47,5421.9,4104.57,43.09,Low Profitability
C01575,37,Male,West,Salaried,726000,Mass,Savings,4,No Loan,0,1270300,1066500,Yes,4267.86,8551.67,0.0,2183.21,3632.15,1471.24,357.2,1603.06,15002.74,7063.66,7939.08,52.92,Low Profitability
C01576,34,Female,South,Self-Employed,1161000,Affluent,Savings,1,Personal Loan,219559,278700,183500,Yes,24873.5,3973.82,4759.02,2166.75,1887.94,718.68,938.73,862.34,35773.1,4407.68,31365.41,87.68,Highly Profitable
C01577,51,Male,North,Business Owner,1167000,Affluent,Savings,2,No Loan,0,681100,661700,Yes,3418.38,4560.4,0.0,2165.53,2226.57,665.68,438.95,1648.3,10144.3,4979.49,5164.81,50.91,Low Profitability
C01578,44,Female,West,Salaried,727000,Mass,Current,3,No Loan,0,915300,815100,Yes,4292.59,8439.68,0.0,2165.74,3684.03,1662.64,1296.3,720.37,14898.0,7363.34,7534.67,50.58,Low Profitability
C01579,55,Female,North,Salaried,966000,Affluent,Savings,2,No Loan,0,305000,224900,Yes,1562.11,4295.31,0.0,547.35,2870.94,1912.84,275.44,821.65,6404.77,5880.87,523.9,8.18,Low Profitability
C01580,64,Male,South,Self-Employed,2312000,Premium,Current,3,Home Loan,3301473,2394100,1740100,No,162740.43,2445.2,49407.01,2148.87,1612.25,1628.39,1790.14,5116.38,216741.52,10147.17,206594.34,95.32,Highly Profitable
C01581,65,Female,East,Salaried,445000,Mass,Savings,2,Education Loan,392103,590500,521700,Yes,29014.13,4684.35,5512.31,400.76,2561.02,477.17,1713.35,1098.91,39611.55,5850.45,33761.1,85.23,Highly Profitable
C01582,54,Female,East,Retired,1071000,Affluent,Savings,4,Home Loan,1953033,1499100,1319200,Yes,96455.31,8118.77,36813.62,1094.73,3650.13,912.28,1166.52,2414.3,142482.42,8143.24,134339.19,94.28,Highly Profitable
C01583,23,Female,West,Salaried,734000,Mass,Current,2,Home Loan,3731652,789800,422000,No,172330.92,2137.85,69401.98,2482.44,1524.44,1602.47,516.85,2871.45,246353.19,6515.2,239837.98,97.36,Highly Profitable
C01584,57,Female,West,Retired,1244000,Affluent,Current,2,No Loan,0,1214200,412200,Yes,3892.75,5531.25,0.0,1774.71,3001.47,1650.99,651.65,1266.61,11198.71,6570.72,4627.99,41.33,Low Profitability
C01585,63,Male,West,Salaried,452000,Mass,Salary,3,No Loan,0,600200,543800,No,2325.07,2501.46,0.0,1652.27,1895.17,1181.91,671.09,1277.59,6478.8,5025.76,1453.04,22.43,Low Profitability
C01586,60,Male,South,Salaried,782000,Mass,Savings,1,No Loan,0,304500,133900,No,666.0,2033.22,0.0,644.64,987.9,866.33,498.11,1213.52,3343.86,3565.86,-222.0,-6.64,Low Profitability
C01587,46,Male,East,Business Owner,482000,Mass,Salary,4,Personal Loan,223371,613500,566000,Yes,27476.84,5287.32,5253.64,1868.01,3344.32,475.2,375.94,1587.64,39885.81,5783.11,34102.71,85.5,Highly Profitable
C01588,43,Female,North,Professional,265000,Mass,Salary,3,Home Loan,2761495,441700,342500,No,126115.43,7421.24,56201.25,1414.2,2039.06,400.67,1260.91,4596.95,191152.12,8297.59,182854.53,95.66,Highly Profitable
C01589,64,Male,West,Self-Employed,1515000,Affluent,Savings,4,Education Loan,618125,1934000,1072000,No,49515.21,6677.57,14848.0,1255.53,3301.7,516.87,1396.55,2111.33,72296.31,7326.45,64969.87,89.87,Highly Profitable
C01590,59,Female,North,Salaried,551000,Mass,Salary,2,Auto Loan,850703,124900,121700,No,64392.66,1636.37,15739.16,661.59,1225.84,941.05,591.0,3050.51,82429.78,5808.4,76621.37,92.95,Highly Profitable
C01591,35,Male,West,Salaried,440000,Mass,Savings,4,No Loan,0,433300,362900,Yes,1337.89,11371.75,0.0,399.43,4068.92,1458.97,1413.56,1321.67,13109.08,8263.12,4845.96,36.97,Low Profitability
C01592,69,Male,West,Business Owner,510000,Mass,Savings,3,Auto Loan,376784,687700,490600,No,30902.49,6606.58,7964.53,648.88,1823.59,1911.51,463.95,1175.56,46122.48,5374.6,40747.88,88.35,Highly Profitable
C01593,24,Male,North,Salaried,1909000,Premium,Current,1,Personal Loan,730501,422600,213700,No,81377.95,2097.71,8883.48,1312.44,1221.11,776.46,572.75,1732.99,93671.58,4303.31,89368.26,95.41,Highly Profitable
C01594,49,Female,West,Salaried,1439000,Affluent,Salary,2,No Loan,0,2025600,2204500,No,4736.0,3429.0,0.0,2415.04,1540.67,443.61,1454.96,1495.77,10580.04,4935.0,5645.04,53.36,Low Profitability
C01595,42,Male,West,Business Owner,621000,Mass,Savings,3,Personal Loan,613969,381700,367500,Yes,69002.38,5095.39,11272.17,706.2,2777.91,2135.13,1764.32,1151.43,86076.15,7828.79,78247.35,90.9,Highly Profitable
C01596,45,Male,South,Salaried,1124000,Affluent,Current,4,Personal Loan,961420,1260500,461500,No,111079.59,7551.92,10466.75,1726.09,2613.36,1472.02,1444.59,2729.74,130824.35,8259.7,122564.65,93.69,Highly Profitable
C01597,33,Male,West,Salaried,387000,Mass,Salary,1,Home Loan,3596489,675100,631400,No,164053.03,2241.57,34526.02,521.17,1118.51,570.07,515.84,4389.81,201341.79,6594.24,194747.54,96.72,Highly Profitable
C01598,38,Male,West,Salaried,934000,Affluent,Salary,4,No Loan,0,1673400,589300,No,3759.01,6552.56,0.0,1078.26,2407.85,776.25,676.72,760.17,11389.83,4620.99,6768.84,59.43,Low Profitability
C01599,53,Male,West,Retired,552000,Mass,Savings,4,No Loan,0,660600,304300,Yes,3069.33,4224.71,0.0,763.67,3029.49,1095.51,1223.49,504.6,8057.72,5853.09,2204.63,27.36,Low Profitability
C01600,36,Female,East,Salaried,890000,Mass,Savings,2,No Loan,0,855200,909900,Yes,4027.59,7373.28,0.0,929.02,2016.76,2138.01,1727.56,1653.91,12329.89,7536.25,4793.64,38.88,Low Profitability
C01601,65,Male,South,Retired,329000,Mass,Savings,3,No Loan,0,145800,144300,Yes,478.64,7219.79,0.0,634.03,2618.42,522.84,1791.46,912.27,8332.47,5844.99,2487.47,29.85,Low Profitability
C01602,62,Male,West,Salaried,505000,Mass,Savings,2,Education Loan,361000,249300,190700,No,23964.41,4938.41,5826.39,2435.62,1729.59,1111.79,1140.17,1303.45,37164.83,5284.99,31879.84,85.78,Highly Profitable
C01603,64,Female,North,Professional,774000,Mass,Salary,4,Education Loan,207601,664200,560800,No,16511.71,4471.56,1719.01,896.96,2119.42,1130.68,898.29,660.72,23599.23,4809.11,18790.13,79.62,Profitable
C01604,22,Female,West,Salaried,769000,Mass,Savings,3,Education Loan,229571,1006400,328300,Yes,17218.8,5157.64,1920.8,2193.56,2998.24,2185.12,586.89,820.88,26490.81,6591.13,19899.67,75.12,Profitable
C01605,55,Female,South,Self-Employed,313000,Mass,Salary,2,No Loan,0,444300,236600,No,1285.67,1941.62,0.0,909.05,1933.16,666.2,321.91,789.16,4136.34,3710.43,425.91,10.3,Low Profitability
C01606,62,Male,South,Professional,410000,Mass,Salary,4,No Loan,0,211600,110900,No,632.98,4631.14,0.0,1330.21,1990.72,1189.92,691.48,722.73,6594.32,4594.85,1999.47,30.32,Low Profitability
C01607,54,Female,East,Professional,884000,Mass,Savings,1,Education Loan,409715,913600,253800,Yes,29421.71,3190.33,7983.0,2294.18,2104.05,2175.03,1095.78,2206.16,42889.21,7581.03,35308.18,82.32,Highly Profitable
C01608,50,Female,North,Professional,828000,Mass,Savings,4,Education Loan,681865,932500,791200,Yes,48486.39,6077.03,13165.96,624.4,2605.06,1548.15,1222.16,2446.38,68353.79,7821.75,60532.04,88.56,Highly Profitable
C01609,33,Female,East,Professional,1004000,Affluent,Savings,1,No Loan,0,1630100,833700,Yes,3776.45,3383.73,0.0,1206.27,1454.13,613.63,729.35,1715.91,8366.46,4513.01,3853.44,46.06,Low Profitability
C01610,33,Male,East,Salaried,777000,Mass,Savings,4,Home Loan,3726529,1240200,977400,No,173375.26,8774.26,54633.07,2375.44,2489.1,2078.48,1735.27,3083.86,239158.03,9386.71,229771.32,96.08,Highly Profitable
C01611,38,Female,East,Self-Employed,392000,Mass,Savings,3,No Loan,0,587500,160500,No,2314.27,2891.33,0.0,2143.2,1695.13,1331.28,350.95,664.65,7348.8,4042.02,3306.78,45.0,Low Profitability
C01612,52,Female,North,Self-Employed,576000,Mass,Savings,3,Auto Loan,436211,577400,145200,No,34676.12,3203.45,5721.6,1396.74,2508.95,1846.65,1335.18,1772.39,44997.92,7463.17,37534.75,83.41,Highly Profitable
C01613,52,Male,North,Professional,937000,Affluent,Savings,2,No Loan,0,241200,95200,Yes,1065.32,4703.39,0.0,678.21,2134.46,1831.43,803.17,863.09,6446.92,5632.14,814.77,12.64,Low Profitability
C01614,55,Male,North,Salaried,403000,Mass,Savings,4,Auto Loan,678053,282900,239700,Yes,52408.2,7649.19,8235.35,1410.27,3015.19,1349.83,1447.25,1150.85,69703.02,6963.11,62739.9,90.01,Highly Profitable
C01615,59,Female,West,Retired,377000,Mass,Savings,2,No Loan,0,443300,338500,Yes,1851.15,5687.87,0.0,2105.74,1856.47,1850.77,1535.58,1231.2,9644.76,6474.01,3170.74,32.88,Low Profitability
C01616,66,Female,West,Self-Employed,593000,Mass,Savings,2,Personal Loan,291991,712800,299900,Yes,33989.74,4080.78,6337.07,1734.1,3048.9,1981.26,1360.22,1231.24,46141.68,7621.62,38520.06,83.48,Highly Profitable
C01617,49,Male,South,Business Owner,813000,Mass,Current,2,No Loan,0,1260900,876200,Yes,5334.95,3027.68,0.0,1321.52,2012.44,1844.01,1113.44,914.49,9684.15,5884.39,3799.76,39.24,Low Profitability
C01618,69,Female,South,Salaried,254000,Mass,Savings,4,Personal Loan,249128,197100,153000,Yes,28155.95,11434.12,5085.01,687.79,3449.63,1499.05,323.88,1583.92,45362.87,6856.48,38506.39,84.89,Highly Profitable
C01619,49,Male,East,Salaried,613000,Mass,Current,3,Personal Loan,185567,1039300,1089300,No,26401.11,6901.75,4012.05,1628.72,2434.74,1416.46,425.19,1661.18,38943.62,5937.58,33006.04,84.75,Highly Profitable
C01620,64,Male,West,Business Owner,931000,Affluent,Current,3,Home Loan,2551339,390400,350600,No,116517.67,6404.67,51912.9,814.11,1493.32,1180.52,1155.09,3154.76,175649.35,6983.69,168665.66,96.02,Highly Profitable
C01621,36,Female,West,Self-Employed,1037000,Affluent,Current,4,No Loan,0,240900,88000,Yes,515.74,7593.38,0.0,129.66,3393.78,454.08,1743.07,565.84,8238.77,6156.76,2082.01,25.27,Low Profitability
C01622,64,Male,South,Retired,403000,Mass,Salary,4,Home Loan,2236277,177900,85300,No,101074.17,9407.2,24348.72,1011.34,2209.88,1207.26,1047.31,5587.31,135841.43,10051.77,125789.67,92.6,Highly Profitable
C01623,67,Male,North,Business Owner,859000,Mass,Savings,1,No Loan,0,784100,464900,No,3238.05,1546.87,0.0,584.34,1195.75,1495.92,1640.48,848.53,5369.25,5180.67,188.59,3.51,Low Profitability
C01624,30,Female,West,Self-Employed,1209000,Affluent,Savings,3,No Loan,0,1822900,618900,Yes,9444.14,8305.1,0.0,2245.13,3328.22,1159.7,1681.12,1183.41,19994.37,7352.44,12641.93,63.23,Profitable
C01625,50,Male,East,Professional,977000,Affluent,Savings,1,Personal Loan,479742,394500,284800,Yes,53711.49,3891.48,4608.51,389.82,1508.22,1095.25,392.21,2315.16,62601.3,5310.84,57290.45,91.52,Highly Profitable
C01626,45,Male,South,Business Owner,558000,Mass,Savings,4,No Loan,0,588400,600800,Yes,2507.61,7025.4,0.0,914.02,3505.48,748.7,929.94,571.51,10447.04,5755.63,4691.41,44.91,Low Profitability
C01627,59,Female,North,Business Owner,189000,Mass,Savings,4,Education Loan,542610,270500,138100,Yes,36300.38,11508.97,5278.33,615.5,2412.42,995.46,1404.5,1828.66,53703.19,6641.03,47062.15,87.63,Highly Profitable
C01628,40,Female,South,Salaried,785000,Mass,Savings,4,Auto Loan,509605,162900,177100,No,38782.63,3206.41,10962.39,505.14,3121.95,687.65,853.72,1705.07,53456.58,6368.38,47088.19,88.09,Highly Profitable
C01629,25,Female,South,Salaried,1668000,Affluent,Savings,3,Home Loan,1361302,364500,168400,Yes,62107.28,5793.84,23691.17,1288.63,3627.41,448.03,669.6,3273.83,92880.91,8018.87,84862.04,91.37,Highly Profitable
C01630,21,Female,South,Business Owner,1101000,Affluent,Current,3,No Loan,0,1056400,688200,Yes,5829.83,6742.14,0.0,2454.66,2428.47,1676.04,1662.52,1379.17,15026.63,7146.2,7880.42,52.44,Low Profitability
C01631,50,Male,South,Professional,1060000,Affluent,Current,2,No Loan,0,478400,259100,Yes,2417.29,6063.93,0.0,1016.78,2352.02,1629.5,1155.54,594.87,9498.0,5731.93,3766.07,39.65,Low Profitability
C01632,69,Female,West,Salaried,768000,Mass,Savings,2,Education Loan,310383,686200,351300,Yes,24074.95,3894.62,6959.44,1272.2,2798.81,1283.01,1205.04,1161.54,36201.21,6448.39,29752.82,82.19,Profitable
C01633,23,Male,South,Salaried,1146000,Affluent,Savings,1,No Loan,0,255000,145700,No,681.01,1589.31,0.0,1627.47,1398.78,450.28,1318.12,1196.69,3897.79,4363.87,-466.08,-11.96,Low Profitability
C01634,65,Female,West,Self-Employed,827000,Mass,Salary,5,Auto Loan,409492,1457000,404400,No,36962.16,8390.22,8937.47,1763.02,4156.17,1471.31,1756.56,2076.06,56052.86,9460.1,46592.76,83.12,Highly Profitable
C01635,34,Male,West,Salaried,268000,Mass,Salary,3,No Loan,0,329500,231400,Yes,684.41,9094.96,0.0,1182.34,2293.27,830.21,1184.61,841.11,10961.71,5149.2,5812.51,53.03,Low Profitability
C01636,50,Female,East,Business Owner,1143000,Affluent,Savings,5,No Loan,0,1466500,1290800,No,3975.35,9925.42,0.0,292.31,3816.56,2103.51,225.94,734.46,14193.07,6880.47,7312.6,51.52,Low Profitability
C01637,70,Male,North,Business Owner,436000,Mass,Salary,4,Home Loan,3173971,432100,425300,No,145056.69,4059.12,44338.83,2113.89,2267.87,391.8,1746.14,4700.02,195568.53,9105.83,186462.7,95.34,Highly Profitable
C01638,24,Male,South,Salaried,726000,Mass,Savings,4,Education Loan,244201,1097100,576700,No,19326.5,6976.37,3018.53,1425.2,2620.62,305.52,563.58,1298.66,30746.61,4788.37,25958.24,84.43,Profitable
C01639,38,Female,South,Professional,1051000,Affluent,Savings,3,No Loan,0,1602900,1150600,No,4470.48,3185.44,0.0,1223.77,1492.81,1881.79,1738.23,764.35,8879.69,5877.19,3002.5,33.81,Low Profitability
C01640,57,Female,East,Self-Employed,464000,Mass,Savings,1,No Loan,0,191400,193100,Yes,797.95,4109.75,0.0,2119.16,1819.42,740.82,834.97,1272.73,7026.85,4667.94,2358.91,33.57,Low Profitability
C01641,45,Female,East,Business Owner,407000,Mass,Salary,2,Home Loan,2608518,577100,536600,No,120050.59,2835.51,46750.62,1535.86,1861.27,1573.03,1574.72,2958.18,171172.6,7967.21,163205.39,95.35,Highly Profitable
C01642,68,Male,North,Salaried,910000,Affluent,Savings,3,No Loan,0,987400,636300,No,4385.43,5770.79,0.0,609.8,2618.24,963.08,841.66,1305.63,10766.02,5728.61,5037.41,46.79,Low Profitability
C01643,21,Male,West,Salaried,379000,Mass,Savings,1,No Loan,0,533600,208200,No,1278.83,2320.75,0.0,1116.16,1201.07,1864.62,1208.1,1516.77,4715.74,5790.56,-1074.83,-22.79,Low Profitability
C01644,66,Female,West,Professional,630000,Mass,Salary,1,No Loan,0,1049500,760400,No,6004.81,2145.81,0.0,1751.84,979.46,1921.84,842.81,526.14,9902.47,4270.26,5632.21,56.88,Low Profitability
C01645,35,Female,North,Salaried,1302000,Affluent,Savings,3,Personal Loan,132868,915200,998700,Yes,17094.56,8465.62,2277.21,2465.54,3002.7,2089.55,1382.21,1080.81,30302.93,7555.26,22747.67,75.07,Profitable
C01646,29,Female,North,Salaried,1712000,Affluent,Salary,4,Home Loan,3306733,1869500,1671100,No,159462.0,5107.79,77519.28,1569.51,2361.24,1032.0,1488.8,7149.1,243658.59,12031.14,231627.45,95.06,Highly Profitable
C01647,35,Female,North,Salaried,263000,Mass,Savings,4,Education Loan,151227,381200,370100,Yes,11329.74,8010.1,2842.87,566.59,3235.59,311.33,1557.9,1808.51,22749.31,6913.34,15835.97,69.61,Profitable
C01648,69,Female,South,Salaried,621000,Mass,Savings,1,No Loan,0,1104200,453200,Yes,2663.13,1930.54,0.0,141.58,2017.26,573.8,556.63,1796.12,4735.26,4943.81,-208.55,-4.4,Low Profitability
C01649,44,Male,East,Salaried,1408000,Affluent,Salary,5,No Loan,0,1634300,1664200,Yes,4240.17,7716.52,0.0,828.58,3758.57,885.19,1528.91,1348.77,12785.27,7521.44,5263.82,41.17,Low Profitability
C01650,24,Female,South,Salaried,562000,Mass,Savings,3,Personal Loan,196550,753100,197300,No,24424.5,6009.96,4320.44,1126.86,1489.71,1835.41,846.36,1417.54,35881.75,5589.03,30292.73,84.42,Highly Profitable
C01651,32,Female,South,Retired,1082000,Affluent,Salary,3,No Loan,0,1673300,1644700,Yes,10026.65,5802.7,0.0,1594.54,2639.27,2029.81,1171.04,1072.24,17423.89,6912.37,10511.53,60.33,Profitable
C01652,57,Female,West,Professional,1128000,Affluent,Salary,2,No Loan,0,1567500,710500,No,8689.31,4621.07,0.0,567.31,1984.31,699.26,299.81,1362.56,13877.69,4345.94,9531.75,68.68,Low Profitability
C01653,57,Female,West,Salaried,500000,Mass,Current,3,Home Loan,3357723,852400,664300,Yes,156144.53,5898.42,73422.12,301.26,2911.75,1041.75,1159.44,5969.29,235766.33,11082.23,224684.1,95.3,Highly Profitable
C01654,63,Female,West,Professional,886000,Mass,Savings,3,No Loan,0,468700,233900,No,1790.12,2751.79,0.0,636.81,2029.2,1375.75,1519.37,1617.25,5178.72,6541.56,-1362.85,-26.32,Low Profitability
C01655,26,Male,South,Salaried,916000,Affluent,Savings,3,Home Loan,1660664,1509400,550900,Yes,81852.8,6731.04,36376.69,1382.63,3076.6,826.39,652.7,2955.34,126343.15,7511.04,118832.11,94.06,Highly Profitable
C01656,59,Male,West,Self-Employed,1155000,Affluent,Savings,2,Education Loan,659545,567900,261300,No,45185.63,2055.49,11308.96,412.58,1758.61,951.54,938.51,1765.02,58962.66,5413.68,53548.98,90.82,Highly Profitable
C01657,66,Male,South,Salaried,286000,Mass,Savings,4,Auto Loan,179548,309600,201900,No,14121.92,9962.48,3206.88,468.37,1708.88,1794.93,1514.4,1698.97,27759.64,6717.17,21042.47,75.8,Profitable
C01658,44,Female,North,Salaried,1425000,Affluent,Salary,5,No Loan,0,1443200,1489000,Yes,3705.2,6126.51,0.0,2250.66,5070.39,620.86,680.46,878.34,12082.38,7250.04,4832.33,39.99,Low Profitability
C01659,31,Female,West,Professional,1021000,Affluent,Savings,4,Personal Loan,890602,1553700,902200,No,102847.05,7019.62,17989.17,314.5,2697.58,1324.16,1670.8,2643.27,128170.34,8335.81,119834.53,93.5,Highly Profitable
C01660,33,Male,West,Salaried,376000,Mass,Salary,2,Personal Loan,857812,303700,90300,Yes,95347.1,4384.92,8762.64,1777.57,2579.51,1404.16,447.16,2038.13,110272.23,6468.95,103803.27,94.13,Highly Profitable
C01661,54,Female,North,Professional,652000,Mass,Salary,2,Auto Loan,720247,251800,68000,No,55221.98,3663.38,14994.87,159.25,1976.99,569.44,960.93,1337.11,74039.48,4844.48,69195.0,93.46,Highly Profitable
C01662,45,Female,North,Salaried,1110000,Affluent,Salary,2,Education Loan,646506,1461000,625900,No,49157.08,3432.88,7364.81,1508.78,1646.95,1634.34,1214.25,2073.73,61463.55,6569.28,54894.27,89.31,Highly Profitable
C01663,27,Male,South,Salaried,387000,Mass,Salary,3,Auto Loan,661365,445400,131000,Yes,51295.81,9157.38,15802.6,2079.73,2239.02,679.56,954.21,2294.12,78335.53,6166.91,72168.62,92.13,Highly Profitable
C01664,24,Female,South,Business Owner,421000,Mass,Current,4,Personal Loan,534941,637700,360600,No,61085.67,4440.75,6678.03,1382.46,3343.12,1625.25,860.24,1786.95,73586.92,7615.56,65971.35,89.65,Highly Profitable
C01665,28,Female,North,Self-Employed,707000,Mass,Salary,2,No Loan,0,991000,571400,Yes,2683.98,4489.06,0.0,713.06,2640.66,1058.62,1218.78,816.22,7886.11,5734.28,2151.82,27.29,Low Profitability
C01666,40,Male,South,Salaried,551000,Mass,Current,5,Education Loan,629803,896200,964600,No,42876.36,11398.06,13740.98,148.75,3236.85,1462.85,1621.02,1953.03,68164.16,8273.75,59890.42,87.86,Highly Profitable
C01667,49,Male,North,Salaried,804000,Mass,Current,3,Auto Loan,837464,1233800,629600,No,68166.19,7151.95,20427.31,123.91,2724.93,1407.19,1260.28,2749.84,95869.36,8142.24,87727.12,91.51,Highly Profitable
C01668,65,Male,East,Salaried,1101000,Affluent,Current,2,Auto Loan,601709,1411400,1071400,No,49915.71,2807.39,6420.75,2070.97,1465.6,2170.21,1198.57,1857.95,61214.82,6692.34,54522.48,89.07,Highly Profitable
C01669,66,Male,West,Retired,813000,Mass,Current,2,No Loan,0,746700,706400,Yes,2917.31,7087.37,0.0,1606.99,1826.93,420.84,1392.18,846.54,11611.66,4486.5,7125.16,61.36,Low Profitability
C01670,30,Male,South,Self-Employed,696000,Mass,Savings,1,Personal Loan,586219,127800,87700,Yes,65200.2,2893.3,12563.44,1192.13,1995.78,828.27,846.39,1717.96,81849.07,5388.39,76460.67,93.42,Highly Profitable
C01671,63,Male,North,Salaried,1103000,Affluent,Savings,3,No Loan,0,725300,610800,Yes,3387.69,5923.88,0.0,1314.95,3038.89,1420.66,227.78,1135.46,10626.53,5822.78,4803.74,45.21,Low Profitability
C01672,54,Male,West,Professional,661000,Mass,Savings,1,Education Loan,521941,892600,962400,No,38491.88,1933.42,9517.61,1373.74,1262.82,1737.89,1702.28,2614.69,51316.64,7317.68,43998.96,85.74,Highly Profitable
C01673,46,Male,West,Salaried,464000,Mass,Savings,3,Education Loan,344286,115200,60500,Yes,22691.89,8419.59,3754.27,960.46,2599.04,1998.28,690.04,1164.28,35826.21,6451.63,29374.58,81.99,Profitable
C01674,61,Male,North,Salaried,1321000,Affluent,Savings,4,No Loan,0,1847300,578400,No,3706.14,4358.16,0.0,2093.08,2953.23,487.11,1429.08,973.09,10157.39,5842.5,4314.89,42.48,Low Profitability
C01675,69,Male,West,Salaried,185000,Mass,Salary,3,Home Loan,2192010,185400,114200,Yes,99111.6,5081.43,34699.79,2484.74,3074.46,830.89,1142.92,4190.43,141377.56,9238.69,132138.87,93.47,Highly Profitable
C01676,23,Female,West,Self-Employed,725000,Mass,Current,1,No Loan,0,1146800,813700,Yes,5816.95,3012.38,0.0,1327.25,2011.71,515.64,1310.74,1750.28,10156.58,5588.37,4568.21,44.98,Low Profitability
C01677,26,Female,East,Salaried,573000,Mass,Savings,3,No Loan,0,709800,527400,Yes,2679.73,5958.1,0.0,1284.43,3337.66,439.04,1508.48,565.83,9922.25,5851.0,4071.25,41.03,Low Profitability
C01678,25,Male,South,Self-Employed,421000,Mass,Salary,2,No Loan,0,617800,542300,No,1764.21,3572.1,0.0,2324.04,1614.5,336.06,988.12,1266.09,7660.35,4204.77,3455.58,45.11,Low Profitability
C01679,25,Male,South,Professional,825000,Mass,Salary,5,No Loan,0,357200,362000,No,2088.73,10614.35,0.0,1689.7,2869.73,1827.77,254.5,1285.63,14392.78,6237.63,8155.14,56.66,Low Profitability
C01680,67,Male,South,Salaried,901000,Affluent,Salary,3,No Loan,0,392200,264800,No,1547.95,6884.15,0.0,1632.61,1697.59,597.05,1741.23,1155.96,10064.71,5191.84,4872.86,48.42,Low Profitability
C01681,43,Male,East,Salaried,444000,Mass,Current,1,No Loan,0,221200,82300,No,768.84,1371.59,0.0,248.33,1064.59,1036.8,1484.63,556.06,2388.77,4142.08,-1753.32,-73.4,Low Profitability
C01682,69,Male,North,Salaried,325000,Mass,Savings,3,Auto Loan,700353,227500,134900,No,53870.68,3280.03,8311.01,1274.86,1818.89,322.96,1227.77,1289.71,66736.57,4659.33,62077.24,93.02,Highly Profitable
C01683,29,Male,West,Self-Employed,341000,Mass,Savings,4,No Loan,0,560000,214000,No,1419.23,7862.84,0.0,1543.56,2430.44,1876.56,1621.92,1072.33,10825.63,7001.25,3824.38,35.33,Low Profitability
C01684,55,Male,East,Retired,1898000,Premium,Savings,1,Auto Loan,818771,2709600,1097300,Yes,73325.19,3625.65,13075.45,2063.87,1630.61,505.09,1678.13,2107.73,92090.18,5921.56,86168.61,93.57,Highly Profitable
C01685,40,Female,South,Salaried,2016000,Premium,Savings,2,Personal Loan,350113,1515300,381000,No,46082.94,3088.85,8435.13,1860.33,2091.26,1144.35,1603.66,2206.54,59467.25,7045.82,52421.43,88.15,Highly Profitable
C01686,69,Male,North,Salaried,711000,Mass,Savings,4,Auto Loan,407826,1184200,1231900,No,37411.57,7236.56,5618.84,2477.08,2681.02,984.47,427.87,1587.79,52744.05,5681.15,47062.9,89.23,Highly Profitable
C01687,62,Male,North,Salaried,329000,Mass,Salary,1,Auto Loan,287451,472200,417200,No,24078.48,2157.51,6822.33,287.93,1160.21,782.35,1366.12,813.97,33346.26,4122.65,29223.6,87.64,Profitable
C01688,55,Female,North,Salaried,646000,Mass,Current,1,No Loan,0,796200,266900,Yes,2514.11,3434.37,0.0,1412.5,1910.05,1176.81,710.33,656.09,7360.98,4453.28,2907.7,39.5,Low Profitability
C01689,70,Male,East,Business Owner,209000,Mass,Savings,3,No Loan,0,181900,187700,Yes,553.27,6494.21,0.0,366.41,3335.31,374.72,267.77,958.38,7413.88,4936.19,2477.69,33.42,Low Profitability
C01690,38,Male,West,Salaried,832000,Mass,Savings,3,No Loan,0,1019400,1009000,No,2437.07,5775.53,0.0,2029.19,2772.18,992.35,646.2,1512.05,10241.78,5922.78,4319.01,42.17,Low Profitability
C01691,37,Male,East,Salaried,405000,Mass,Savings,4,Personal Loan,900315,457200,467900,Yes,100255.23,8778.3,21708.5,1480.21,4036.4,1322.71,1247.41,2580.84,132222.24,9187.36,123034.89,93.05,Highly Profitable
C01692,44,Female,East,Self-Employed,360000,Mass,Savings,2,No Loan,0,518400,172500,No,2550.7,3665.45,0.0,757.6,1974.8,1454.56,1660.48,1516.54,6973.75,6606.39,367.36,5.27,Low Profitability
C01693,23,Female,South,Salaried,1198000,Affluent,Current,2,Personal Loan,287753,625600,198900,Yes,33627.84,3017.04,4975.99,1156.66,2434.98,1341.26,1305.23,1901.37,42777.53,6982.85,35794.68,83.68,Highly Profitable
C01694,52,Male,North,Self-Employed,643000,Mass,Savings,3,Auto Loan,210714,1036000,318600,No,19706.69,5372.76,5050.88,2334.69,1506.6,1163.1,1130.7,1066.57,32465.02,4866.98,27598.04,85.01,Profitable
C01695,55,Male,North,Salaried,1127000,Affluent,Salary,4,Personal Loan,201428,1269700,1361000,No,28202.48,9249.48,4524.26,1970.93,2281.6,1410.49,733.93,1397.57,43947.15,5823.59,38123.56,86.75,Highly Profitable
C01696,58,Male,West,Retired,1360000,Affluent,Salary,3,No Loan,0,2014400,1634500,Yes,9386.71,3372.58,0.0,1376.33,3184.53,469.52,554.4,1312.1,14135.61,5520.55,8615.06,60.95,Low Profitability
C01697,33,Male,West,Salaried,666000,Mass,Current,2,No Loan,0,481600,193300,No,2491.14,2956.77,0.0,2022.55,1885.21,888.29,1082.5,1041.88,7470.46,4897.88,2572.58,34.44,Low Profitability
C01698,67,Female,South,Retired,698000,Mass,Salary,2,No Loan,0,556100,578200,No,1241.91,2935.93,0.0,173.45,1766.4,2136.75,974.09,1088.68,4351.29,5965.93,-1614.64,-37.11,Low Profitability
C01699,45,Female,North,Salaried,1253000,Affluent,Savings,4,Home Loan,3128125,2125700,1332200,Yes,149881.67,6564.75,26799.78,2252.93,2636.45,2118.04,1296.27,2242.57,185499.12,8293.33,177205.79,95.53,Highly Profitable
C01700,29,Male,West,Professional,520000,Mass,Savings,3,No Loan,0,611600,561200,Yes,3405.86,6683.5,0.0,1904.75,3426.71,1496.8,1060.27,576.27,11994.11,6560.04,5434.07,45.31,Low Profitability
C01701,24,Female,West,Salaried,1321000,Affluent,Current,1,Education Loan,165906,890700,704300,No,13894.66,1090.06,2518.67,2011.65,1354.37,1248.7,865.39,840.58,19515.04,4309.05,15205.99,77.92,Profitable
C01702,34,Male,East,Business Owner,230000,Mass,Current,1,Personal Loan,335674,65700,52700,Yes,37105.86,3929.68,6445.48,1387.33,2073.63,737.44,1555.78,1533.92,48868.35,5900.77,42967.57,87.93,Highly Profitable
C01703,57,Female,North,Salaried,576000,Mass,Savings,4,No Loan,0,499200,311400,No,1135.83,4258.36,0.0,1767.83,2613.94,984.34,1472.18,631.1,7162.01,5701.56,1460.45,20.39,Low Profitability
C01704,54,Male,East,Self-Employed,776000,Mass,Savings,5,No Loan,0,1203600,705000,No,6931.67,12202.56,0.0,1640.56,2777.73,1529.11,1501.56,979.04,20774.79,6787.44,13987.35,67.33,Profitable
C01705,31,Male,West,Business Owner,361000,Mass,Savings,2,Personal Loan,107914,203900,79000,Yes,12281.44,3324.26,1707.08,2051.49,2893.08,1843.38,345.76,1861.63,19364.27,6943.85,12420.41,64.14,Profitable
C01706,61,Male,North,Self-Employed,858000,Mass,Savings,2,Auto Loan,355045,1346600,417700,No,33587.65,3259.05,8558.03,1791.03,1790.67,1871.82,438.71,1138.44,47195.77,5239.63,41956.13,88.9,Highly Profitable
C01707,23,Female,West,Self-Employed,770000,Mass,Salary,1,Education Loan,471126,320900,333300,Yes,31604.48,2567.58,4338.09,1306.67,2059.83,563.13,520.67,1428.21,39816.82,4571.85,35244.97,88.52,Highly Profitable
C01708,48,Male,North,Salaried,468000,Mass,Savings,2,No Loan,0,170500,178400,Yes,506.35,6306.58,0.0,304.15,2714.18,1259.97,1655.86,1448.29,7117.08,7078.3,38.78,0.54,Low Profitability
C01709,49,Male,South,Salaried,458000,Mass,Salary,2,Home Loan,4992809,526400,418500,No,226060.92,4315.74,77213.2,2485.74,1990.89,1657.0,778.81,5129.4,310075.59,9556.1,300519.49,96.92,Highly Profitable
C01710,29,Male,West,Self-Employed,433000,Mass,Savings,2,No Loan,0,639800,371000,Yes,1775.52,3046.24,0.0,945.27,2602.75,1622.93,1248.1,528.39,5767.03,6002.17,-235.14,-4.08,Low Profitability
C01711,23,Male,North,Salaried,296000,Mass,Salary,3,No Loan,0,425400,115400,No,1725.51,3103.82,0.0,1925.02,1507.37,2149.72,267.78,1511.25,6754.35,5436.11,1318.23,19.52,Low Profitability
C01712,45,Male,South,Salaried,1697000,Affluent,Savings,3,Personal Loan,218051,1776700,1120200,Yes,33760.99,5517.91,3458.67,1566.75,2531.37,541.72,1373.11,1836.92,44304.32,6283.11,38021.21,85.82,Highly Profitable
C01713,54,Female,South,Salaried,624000,Mass,Savings,4,Education Loan,129904,751200,608600,Yes,11050.48,4308.61,1713.49,2446.65,3035.65,1177.21,1420.91,1950.22,19519.22,7584.0,11935.23,61.15,Profitable
C01714,32,Male,South,Salaried,333000,Mass,Current,3,No Loan,0,191800,96900,Yes,955.6,5489.66,0.0,2413.21,2924.2,448.28,1392.94,1288.44,8858.47,6053.86,2804.61,31.66,Low Profitability
C01715,62,Male,West,Self-Employed,654000,Mass,Savings,1,No Loan,0,692900,374900,No,2069.42,915.78,0.0,1142.85,1312.15,1384.25,269.54,901.91,4128.05,3867.85,260.21,6.3,Low Profitability
C01716,29,Female,North,Self-Employed,799000,Mass,Savings,1,Personal Loan,194837,393700,256500,Yes,23643.27,3621.21,2594.77,2145.3,2238.24,1599.15,357.25,843.91,32004.55,5038.55,26966.0,84.26,Profitable
C01717,35,Male,East,Retired,446000,Mass,Salary,4,Auto Loan,774597,750100,503100,Yes,62337.12,9925.61,18468.6,388.91,3593.21,442.27,1388.16,2008.25,91120.24,7431.9,83688.34,91.84,Highly Profitable
C01718,60,Female,East,Salaried,573000,Mass,Salary,4,Home Loan,2917028,727000,640800,Yes,133035.07,7479.12,50035.63,607.43,4187.66,1313.21,1202.96,3304.03,191157.25,10007.86,181149.39,94.76,Highly Profitable
C01719,45,Female,East,Retired,1434000,Affluent,Savings,3,No Loan,0,1551100,1046700,No,8306.56,7091.43,0.0,1475.99,2051.52,2147.52,782.47,954.12,16873.98,5935.64,10938.33,64.82,Profitable
C01720,25,Male,North,Business Owner,368000,Mass,Savings,1,Education Loan,254043,205300,198800,Yes,17499.79,2190.24,6246.33,608.82,1741.65,366.99,1086.95,1867.33,26545.18,5062.92,21482.26,80.93,Profitable
C01721,31,Female,South,Retired,508000,Mass,Savings,4,Education Loan,349704,419000,276700,No,24228.83,4416.06,6668.83,385.39,2084.23,638.41,205.8,1114.47,35699.12,4042.91,31656.2,88.68,Highly Profitable
C01722,54,Male,South,Professional,232000,Mass,Salary,2,Home Loan,1669166,333500,92400,Yes,76893.06,4105.54,27742.34,586.94,1703.02,1337.81,889.89,4455.95,109327.88,8386.67,100941.21,92.33,Highly Profitable
C01723,44,Male,West,Business Owner,1908000,Premium,Savings,1,Auto Loan,274276,1039900,385000,No,26408.63,1010.24,6546.76,897.72,1222.0,1654.02,467.26,765.89,34863.35,4109.18,30754.18,88.21,Highly Profitable
C01724,35,Male,South,Salaried,1005000,Affluent,Savings,5,Home Loan,1292278,364400,313500,No,59604.83,10990.05,27496.64,2458.11,3419.46,1866.11,1745.57,3549.3,100549.63,10580.44,89969.19,89.48,Highly Profitable
C01725,58,Male,South,Salaried,681000,Mass,Savings,4,No Loan,0,447500,283800,No,1805.74,8370.85,0.0,311.02,3372.28,865.98,707.09,1511.27,10487.61,6456.62,4030.99,38.44,Low Profitability
C01726,28,Female,West,Salaried,472000,Mass,Savings,3,No Loan,0,689500,442700,Yes,3321.4,5538.78,0.0,305.02,3231.67,936.95,1475.27,1297.13,9165.2,6941.02,2224.18,24.27,Low Profitability
C01727,25,Female,West,Retired,459000,Mass,Savings,1,Personal Loan,197768,737700,797700,Yes,23950.53,4091.36,2974.18,205.22,2409.85,1798.92,403.49,2129.12,31221.3,6741.38,24479.92,78.41,Profitable
C01728,68,Female,South,Retired,604000,Mass,Savings,3,Education Loan,642021,503600,370500,No,42893.25,3831.25,13864.05,674.33,2395.41,1099.5,488.15,1307.62,61262.88,5290.68,55972.2,91.36,Highly Profitable
C01729,46,Female,West,Business Owner,920000,Affluent,Savings,3,Auto Loan,421105,1323900,462500,Yes,37030.36,4261.48,5408.39,368.22,2548.32,1964.07,1316.89,1818.42,47068.45,7647.71,39420.75,83.75,Highly Profitable
C01730,38,Female,West,Professional,390000,Mass,Savings,4,No Loan,0,272300,168500,No,893.58,4868.17,0.0,205.93,2579.7,2048.04,1436.76,637.51,5967.68,6702.02,-734.34,-12.31,Low Profitability
C01731,26,Female,North,Retired,543000,Mass,Salary,3,No Loan,0,537300,390700,Yes,1338.72,7070.89,0.0,1168.22,3005.79,1917.15,1637.99,1169.3,9577.83,7730.23,1847.6,19.29,Low Profitability
C01732,57,Male,West,Self-Employed,1122000,Affluent,Salary,5,Auto Loan,189206,205700,58000,No,14717.15,9530.71,4407.13,2031.08,2307.35,459.51,1311.05,883.69,30686.07,4961.6,25724.47,83.83,Profitable
C01733,68,Male,East,Business Owner,1696000,Affluent,Savings,2,Personal Loan,166221,2246800,1258000,Yes,24692.28,3776.35,4123.83,338.99,3019.4,1325.59,1332.14,1411.88,32931.45,7089.0,25842.45,78.47,Profitable
C01734,33,Male,North,Salaried,944000,Affluent,Current,1,No Loan,0,1261100,1352700,No,4226.13,2115.48,0.0,354.06,1231.23,2097.82,572.15,549.43,6695.67,4450.63,2245.04,33.53,Low Profitability
C01735,48,Female,North,Salaried,486000,Mass,Current,2,Personal Loan,998733,153300,136200,Yes,110435.1,5291.38,24323.72,2047.42,1885.94,2131.07,1713.47,2576.7,142097.61,8307.18,133790.43,94.15,Highly Profitable
C01736,25,Male,East,Salaried,643000,Mass,Savings,3,No Loan,0,477100,270200,No,2779.71,4589.23,0.0,886.12,2051.43,1299.56,1340.42,1366.81,8255.06,6058.21,2196.85,26.61,Low Profitability
C01737,33,Male,North,Self-Employed,878000,Mass,Savings,4,Education Loan,318376,832200,393500,No,23974.09,7594.66,6582.26,1300.55,3108.06,1122.13,483.91,2112.2,39451.55,6826.29,32625.26,82.7,Highly Profitable
C01738,37,Male,North,Business Owner,596000,Mass,Current,4,Auto Loan,393217,850700,417400,No,34300.81,5466.35,4510.51,1974.21,1908.17,658.18,1238.34,2433.84,46251.89,6238.53,40013.35,86.51,Highly Profitable
C01739,70,Male,South,Self-Employed,1035000,Affluent,Savings,1,Education Loan,483943,1561800,1490200,Yes,37992.44,3075.93,9404.9,1081.15,1858.45,2194.63,1495.37,1367.02,51554.42,6915.48,44638.94,86.59,Highly Profitable
C01740,60,Female,North,Professional,469000,Mass,Savings,4,No Loan,0,626900,370700,Yes,1650.21,10026.03,0.0,147.52,3407.88,1477.74,941.28,1550.02,11823.77,7376.92,4446.85,37.61,Low Profitability
C01741,65,Male,West,Salaried,1700000,Affluent,Savings,2,Auto Loan,627688,860500,831800,No,51698.97,4657.28,8032.93,1098.78,1425.51,451.75,740.15,2067.89,65487.97,4685.3,60802.67,92.85,Highly Profitable
C01742,52,Female,South,Salaried,667000,Mass,Savings,2,Personal Loan,334840,492200,503200,No,37849.25,3215.81,5214.76,2227.56,2002.28,1966.43,1575.51,2242.68,48507.38,7786.9,40720.48,83.95,Highly Profitable
C01743,49,Male,South,Professional,495000,Mass,Salary,3,No Loan,0,276200,178000,Yes,1175.22,7729.11,0.0,393.94,3255.23,1547.68,1567.65,1071.44,9298.26,7442.01,1856.25,19.96,Low Profitability
C01744,23,Female,South,Business Owner,969000,Affluent,Current,2,Personal Loan,727707,1164100,1226400,Yes,83967.59,6199.83,13924.86,1722.88,2809.0,930.23,1456.43,2823.84,105815.17,8019.5,97795.66,92.42,Highly Profitable
C01745,60,Male,East,Salaried,409000,Mass,Salary,3,Education Loan,222068,498200,251600,No,16304.14,5743.64,5465.5,1293.42,2307.41,651.91,527.85,990.08,28806.71,4477.26,24329.45,84.46,Profitable
C01746,54,Male,South,Self-Employed,759000,Mass,Salary,2,Home Loan,2017229,134100,63200,Yes,91471.26,5706.67,35688.37,1376.68,2519.78,1563.68,1095.96,2920.55,134242.97,8099.97,126143.0,93.97,Highly Profitable
C01747,60,Female,South,Salaried,1513000,Affluent,Savings,2,No Loan,0,2053600,700700,No,4152.02,2663.25,0.0,2092.13,1469.43,318.03,904.14,1539.47,8907.39,4231.07,4676.33,52.5,Low Profitability
C01748,47,Male,East,Retired,359000,Mass,Current,2,Education Loan,513876,189800,87100,No,33919.97,4624.49,7064.06,1986.05,1824.35,1941.66,1316.14,2113.52,47594.57,7195.68,40398.89,84.88,Highly Profitable
C01749,33,Male,West,Business Owner,1348000,Affluent,Current,2,No Loan,0,1984600,1799500,No,10420.49,3510.58,0.0,2463.9,1513.6,1496.44,1632.24,1557.09,16394.96,6199.37,10195.59,62.19,Profitable
C01750,65,Male,North,Salaried,344000,Mass,Current,2,Auto Loan,534309,524300,311000,Yes,42265.76,6669.0,11959.77,503.66,2631.1,703.55,594.99,2097.27,61398.19,6026.9,55371.28,90.18,Highly Profitable
C01751,53,Male,South,Self-Employed,1099000,Affluent,Savings,2,Auto Loan,348306,1610000,605300,Yes,31006.5,6703.0,3370.69,708.95,2136.42,1620.79,696.06,1849.85,41789.14,6303.12,35486.02,84.92,Highly Profitable
C01752,26,Male,North,Professional,416000,Mass,Savings,4,Home Loan,4165928,342500,116800,No,188833.69,7617.52,50420.29,1891.96,1727.93,799.88,578.4,6181.63,248763.46,9287.84,239475.63,96.27,Highly Profitable
C01753,44,Male,West,Business Owner,1348000,Affluent,Salary,1,Home Loan,4957049,976900,651300,No,226595.43,2007.91,89632.82,2114.11,1261.82,1980.8,1410.75,5202.9,320350.26,9856.28,310493.98,96.92,Highly Profitable
C01754,39,Female,West,Professional,510000,Mass,Salary,3,No Loan,0,442700,313600,No,2246.62,7047.31,0.0,2072.81,2215.6,1557.45,995.16,820.98,11366.73,5589.19,5777.54,50.83,Low Profitability
C01755,36,Female,West,Salaried,575000,Mass,Savings,3,Education Loan,507350,586500,542700,No,35925.59,5619.63,7057.33,1195.78,2543.94,1983.99,962.11,1477.44,49798.33,6967.48,42830.84,86.01,Highly Profitable
C01756,60,Male,North,Professional,418000,Mass,Savings,4,No Loan,0,235100,201600,No,905.71,6384.57,0.0,359.18,3390.34,1686.64,992.82,1691.58,7649.46,7761.38,-111.91,-1.46,Low Profitability
C01757,48,Female,South,Professional,186000,Mass,Salary,4,Personal Loan,349904,313800,123000,No,39463.35,6207.33,7592.47,980.45,2579.21,1049.07,692.87,1715.64,54243.6,6036.79,48206.81,88.87,Highly Profitable
C01758,53,Male,East,Business Owner,373000,Mass,Savings,1,No Loan,0,366200,177700,No,750.07,2465.78,0.0,773.04,1299.14,1849.52,566.14,609.1,3988.9,4323.9,-335.0,-8.4,Low Profitability
C01759,68,Female,South,Salaried,277000,Mass,Savings,1,No Loan,0,75000,63000,Yes,291.77,2637.37,0.0,1325.91,1607.54,1850.9,1485.61,888.19,4255.05,5832.25,-1577.2,-37.07,Low Profitability
C01760,61,Female,South,Professional,228000,Mass,Current,3,Personal Loan,890358,409300,165100,No,99728.1,5823.53,9353.78,494.73,1844.68,2144.5,1207.46,3333.28,115400.15,8529.93,106870.22,92.61,Highly Profitable
C01761,33,Female,North,Business Owner,823000,Mass,Salary,4,Auto Loan,625062,780800,728300,No,50332.21,3853.19,7151.47,1633.83,3321.62,1475.97,1353.06,1301.63,62970.7,7452.28,55518.41,88.17,Highly Profitable
C01762,63,Male,North,Professional,1619000,Affluent,Savings,2,No Loan,0,2772600,2242400,No,15171.41,3599.31,0.0,2416.91,1755.0,1605.15,678.62,509.36,21187.63,4548.13,16639.49,78.53,Profitable
C01763,65,Male,North,Salaried,1881000,Premium,Salary,3,No Loan,0,1493500,1054200,Yes,5779.37,5157.38,0.0,1864.87,2072.13,1215.56,475.96,1508.07,12801.62,5271.72,7529.91,58.82,Low Profitability
C01764,45,Male,South,Salaried,369000,Mass,Current,4,Home Loan,4579945,192200,153300,No,207035.8,5850.51,67711.05,2462.03,3382.05,813.17,633.42,8297.65,283059.39,13126.28,269933.11,95.36,Highly Profitable
C01765,62,Male,West,Salaried,659000,Mass,Savings,4,Home Loan,1573465,900100,301300,No,73064.08,6989.69,18681.31,1807.88,2451.0,456.38,1628.47,3541.98,100542.97,8077.83,92465.14,91.97,Highly Profitable
C01766,56,Male,North,Self-Employed,1328000,Affluent,Savings,3,No Loan,0,1146900,821000,No,5798.72,2440.66,0.0,1879.74,2352.35,1733.14,738.93,1301.89,10119.12,6126.31,3992.81,39.46,Low Profitability
C01767,47,Male,South,Self-Employed,340000,Mass,Savings,1,Home Loan,912331,545500,345600,Yes,43117.22,4631.32,8156.26,1376.43,2531.23,1192.19,302.35,2336.62,57281.22,6362.4,50918.82,88.89,Highly Profitable
C01768,58,Male,North,Self-Employed,1357000,Affluent,Savings,1,No Loan,0,1243600,853100,No,5941.28,1545.78,0.0,2375.25,1190.31,1905.13,983.79,969.32,9862.31,5048.55,4813.77,48.81,Low Profitability
C01769,27,Male,East,Self-Employed,1369000,Affluent,Savings,2,No Loan,0,969600,520700,Yes,5178.26,5182.16,0.0,963.01,2170.53,1121.16,726.54,769.96,11323.43,4788.18,6535.25,57.71,Low Profitability
C01770,25,Female,South,Professional,240000,Mass,Savings,1,Personal Loan,982195,418800,271400,No,109304.52,1143.33,22049.15,1933.96,1034.85,2090.44,967.01,2474.78,134430.96,6567.08,127863.88,95.11,Highly Profitable
C01771,63,Female,West,Salaried,192000,Mass,Savings,4,Auto Loan,699296,291900,292100,No,53809.33,7967.77,14667.9,103.83,3100.41,1006.11,1302.95,1761.23,76548.84,7170.7,69378.14,90.63,Highly Profitable
C01772,65,Female,North,Salaried,562000,Mass,Savings,1,No Loan,0,275000,149400,No,685.57,1327.11,0.0,2041.96,1184.74,1128.11,1728.05,1456.42,4054.64,5497.31,-1442.67,-35.58,Low Profitability
C01773,51,Male,South,Professional,1173000,Affluent,Savings,1,Personal Loan,106255,1122100,323400,No,14433.33,1677.4,2557.16,806.19,1169.05,1548.99,1446.4,1762.25,19474.08,5926.69,13547.39,69.57,Profitable
C01774,43,Female,West,Self-Employed,303000,Mass,Savings,1,Home Loan,3597889,102100,47800,Yes,162225.02,2988.63,83167.78,301.52,1967.15,903.64,991.47,7865.91,248682.95,11728.16,236954.8,95.28,Highly Profitable
C01775,62,Female,West,Self-Employed,228000,Mass,Savings,3,Home Loan,2978836,74700,47500,Yes,134236.14,7268.67,23968.7,1836.66,3089.13,1492.55,1437.32,3060.0,167310.18,9079.01,158231.17,94.57,Highly Profitable
C01776,30,Male,North,Self-Employed,725000,Mass,Current,3,Personal Loan,666203,1129600,794600,Yes,77588.02,9103.26,14154.42,1353.29,3478.09,324.9,583.15,2181.33,102198.99,6567.47,95631.52,93.57,Highly Profitable
C01777,52,Male,East,Self-Employed,991000,Affluent,Savings,3,No Loan,0,1672300,1025200,Yes,9148.14,6422.71,0.0,787.4,2444.38,764.84,1523.51,520.34,16358.24,5253.08,11105.17,67.89,Profitable
C01778,63,Female,North,Salaried,482000,Mass,Savings,4,Home Loan,1213824,659900,628600,Yes,56138.16,5944.37,18697.51,1909.86,3096.55,743.54,1082.69,2226.23,82689.9,7149.01,75540.89,91.35,Highly Profitable
C01779,50,Male,East,Self-Employed,504000,Mass,Savings,3,Auto Loan,481601,898200,923300,Yes,39222.0,4224.92,6204.01,1121.87,2999.29,510.86,1499.66,1376.83,50772.8,6386.64,44386.17,87.42,Highly Profitable
C01780,59,Male,South,Retired,988000,Affluent,Current,1,No Loan,0,222000,147400,Yes,628.52,2804.87,0.0,1660.38,2306.76,2058.48,1117.0,614.41,5093.77,6096.64,-1002.87,-19.69,Low Profitability
C01781,51,Male,West,Self-Employed,434000,Mass,Savings,4,No Loan,0,302500,95100,Yes,1160.1,6894.95,0.0,2495.16,3166.03,2169.54,730.54,840.44,10550.21,6906.55,3643.66,34.54,Low Profitability
C01782,38,Male,South,Salaried,452000,Mass,Salary,4,Home Loan,4445279,166300,101100,No,200792.08,4529.15,62999.13,109.58,1993.87,376.51,374.46,4997.08,268429.93,7741.92,260688.01,97.12,Highly Profitable
C01783,56,Female,North,Professional,815000,Mass,Current,1,Home Loan,1081532,1173900,474300,No,55021.84,879.32,16892.56,2135.09,1358.9,1144.32,944.48,3399.47,74928.81,6847.18,68081.63,90.86,Highly Profitable
C01784,22,Female,West,Salaried,867000,Mass,Savings,2,Auto Loan,739158,1403800,689200,No,58376.58,1954.13,14872.77,1440.94,1747.08,615.46,1379.37,1740.61,76644.41,5482.52,71161.89,92.85,Highly Profitable
C01785,34,Male,South,Salaried,619000,Mass,Savings,4,Home Loan,2709390,549500,526400,No,124270.41,7040.76,57870.42,993.36,2818.55,1876.11,674.39,4267.96,190174.95,9637.01,180537.94,94.93,Highly Profitable
C01786,33,Male,South,Professional,1584000,Affluent,Current,2,Personal Loan,489205,2404800,1695400,No,65258.24,2261.73,9114.48,2383.15,1306.76,580.02,673.88,1119.21,79017.6,3679.88,75337.73,95.34,Highly Profitable
C01787,49,Male,West,Salaried,1057000,Affluent,Savings,3,Home Loan,2153556,1636800,1562000,No,101066.5,4941.9,32588.23,2353.63,2065.11,649.37,1429.89,3773.78,140950.26,7918.15,133032.11,94.38,Highly Profitable
C01788,32,Female,East,Retired,577000,Mass,Savings,4,No Loan,0,219500,238800,Yes,1262.21,8572.41,0.0,245.3,3244.82,1696.34,498.74,628.29,10079.93,6068.2,4011.73,39.8,Low Profitability
C01789,59,Male,South,Self-Employed,344000,Mass,Savings,1,No Loan,0,265600,189500,No,617.2,1225.24,0.0,1770.69,1365.61,469.44,851.04,1147.73,3613.13,3833.82,-220.69,-6.11,Low Profitability
C01790,22,Female,East,Professional,1208000,Affluent,Salary,3,Education Loan,391022,556000,570100,No,27240.55,7242.63,8753.69,1547.23,2233.44,2103.66,1189.34,1786.94,44784.1,7313.38,37470.72,83.67,Highly Profitable
C01791,52,Male,West,Self-Employed,1231000,Affluent,Savings,2,Education Loan,176321,1545600,1284300,No,16026.62,2472.71,1547.15,1726.63,2062.69,1693.0,791.6,1129.16,21773.1,5676.46,16096.65,73.93,Profitable
C01792,33,Male,East,Salaried,663000,Mass,Savings,1,Home Loan,2226905,523200,176100,No,101399.02,1075.57,31186.53,2376.21,1261.36,2156.66,1742.98,2920.6,136037.33,8081.6,127955.73,94.06,Highly Profitable
C01793,66,Female,North,Business Owner,815000,Mass,Savings,3,No Loan,0,1020200,617400,No,4896.9,4730.07,0.0,2477.05,1660.82,1149.48,1671.22,1171.12,12104.02,5652.65,6451.37,53.3,Low Profitability
C01794,47,Male,West,Retired,1029000,Affluent,Savings,1,Home Loan,3790901,1641500,1329800,No,177230.57,1551.67,65148.07,688.56,979.26,739.61,1718.36,6307.23,244618.88,9744.46,234874.41,96.02,Highly Profitable
C01795,69,Female,South,Professional,1691000,Affluent,Current,4,Home Loan,1981783,1405300,1193800,Yes,94391.79,11506.56,16219.34,805.07,3843.8,2078.21,1771.64,5164.38,122922.76,12858.03,110064.74,89.54,Highly Profitable
C01796,61,Female,South,Business Owner,1140000,Affluent,Savings,2,Personal Loan,653545,1999200,1962300,No,77483.26,1761.0,15033.94,1863.55,2049.9,1264.21,1757.53,2168.11,96141.75,7239.74,88902.01,92.47,Highly Profitable
C01797,37,Female,North,Retired,894000,Mass,Salary,1,Home Loan,4872398,736800,583300,Yes,222036.72,3050.53,104553.97,1785.49,2172.86,2105.01,705.82,6778.27,331426.72,11761.96,319664.76,96.45,Highly Profitable
C01798,60,Male,North,Salaried,1167000,Affluent,Savings,1,No Loan,0,586600,191600,No,3287.87,2294.42,0.0,449.82,1347.88,2111.54,1044.13,1143.64,6032.11,5647.19,384.92,6.38,Low Profitability
C01799,51,Male,West,Salaried,1318000,Affluent,Current,4,No Loan,0,1348700,500500,No,4613.64,8359.42,0.0,2375.85,1962.93,1818.62,1454.03,1572.77,15348.92,6808.35,8540.57,55.64,Low Profitability
C01800,54,Male,South,Salaried,812000,Mass,Savings,2,Auto Loan,581321,656400,347300,No,46247.67,1613.22,12234.02,2034.25,1867.04,729.08,1351.39,886.19,62129.15,4833.7,57295.45,92.22,Highly Profitable
C01801,44,Male,North,Business Owner,1159000,Affluent,Salary,2,Education Loan,551636,412900,206400,No,38215.94,3394.85,13384.36,895.45,1574.53,744.74,619.68,1177.31,55890.59,4116.25,51774.34,92.64,Highly Profitable
C01802,65,Female,North,Professional,483000,Mass,Salary,3,Auto Loan,826097,90900,39800,Yes,62390.4,4472.83,10241.15,1493.08,2487.34,1528.7,781.31,1804.19,78597.46,6601.54,71995.92,91.6,Highly Profitable
C01803,55,Female,North,Business Owner,1237000,Affluent,Salary,3,Home Loan,943271,1704100,1320200,No,46140.72,7440.19,21259.92,1837.3,1840.73,1206.57,1700.72,2280.95,76678.12,7028.98,69649.15,90.83,Highly Profitable
C01804,68,Female,East,Retired,485000,Mass,Savings,1,No Loan,0,819300,504100,No,2727.84,2472.06,0.0,2217.88,1130.32,1091.44,1693.55,1114.92,7417.78,5030.24,2387.54,32.19,Low Profitability
C01805,26,Female,South,Business Owner,402000,Mass,Current,4,No Loan,0,352500,293400,No,2081.7,9506.03,0.0,2474.27,2487.86,687.52,1361.5,1485.92,14062.01,6022.8,8039.2,57.17,Low Profitability
C01806,39,Female,South,Salaried,652000,Mass,Savings,5,No Loan,0,168200,97400,No,918.49,4084.8,0.0,1796.49,2336.04,721.59,210.42,646.64,6799.79,3914.7,2885.09,42.43,Low Profitability
C01807,50,Male,East,Salaried,335000,Mass,Salary,2,Home Loan,1528348,459600,222000,No,71317.59,4676.83,30782.89,1504.72,1754.92,993.31,1025.92,3162.21,108282.02,6936.35,101345.67,93.59,Highly Profitable
C01808,27,Male,North,Retired,504000,Mass,Savings,2,Personal Loan,710162,796700,572000,No,82687.84,2710.71,7513.44,2396.2,1961.85,1499.54,535.58,1160.44,95308.19,5157.41,90150.79,94.59,Highly Profitable
C01809,30,Female,West,Salaried,862000,Mass,Salary,4,Personal Loan,452267,589600,195900,No,52422.74,7564.99,9269.29,1338.23,2939.26,379.89,1439.68,1911.98,70595.26,6670.8,63924.45,90.55,Highly Profitable
C01810,61,Male,West,Self-Employed,816000,Mass,Savings,2,Education Loan,205939,421300,459400,Yes,15543.57,4871.17,3186.99,647.12,2511.85,1043.13,329.93,1325.45,24248.85,5210.36,19038.49,78.51,Profitable
C01811,52,Male,South,Salaried,995000,Affluent,Savings,4,Personal Loan,794907,702600,567200,Yes,90681.6,7134.61,8178.51,326.66,3268.64,1720.41,1492.48,1197.99,106321.38,7679.52,98641.86,92.78,Highly Profitable
C01812,54,Male,West,Salaried,1004000,Affluent,Savings,1,No Loan,0,1655300,585700,Yes,6809.21,3444.65,0.0,480.71,2133.72,1099.97,689.55,540.26,10734.57,4463.49,6271.08,58.42,Low Profitability
C01813,48,Female,North,Business Owner,860000,Mass,Savings,3,No Loan,0,722100,562600,Yes,2945.71,6758.78,0.0,1520.81,2493.13,1434.15,794.49,1537.19,11225.29,6258.96,4966.34,44.24,Low Profitability
C01814,35,Male,West,Salaried,438000,Mass,Savings,5,No Loan,0,538500,168700,No,1104.94,6524.77,0.0,1713.63,3812.54,490.99,1310.53,912.27,9343.34,6526.33,2817.01,30.15,Low Profitability
C01815,50,Female,West,Retired,1163000,Affluent,Savings,2,Personal Loan,298884,317100,215700,Yes,33805.52,7062.09,3876.05,1957.5,1716.91,2083.83,566.83,1883.93,46701.16,6251.51,40449.65,86.61,Highly Profitable
C01816,57,Female,North,Salaried,659000,Mass,Savings,2,Home Loan,3202864,405000,201400,No,144985.87,3085.93,79639.59,826.43,1781.48,564.09,1547.56,7857.67,228537.83,11750.81,216787.02,94.86,Highly Profitable
C01817,49,Male,East,Business Owner,799000,Mass,Salary,3,Personal Loan,292489,420500,355600,Yes,33771.27,8206.37,6290.33,989.18,2216.16,1533.28,1688.13,1711.65,49257.16,7149.22,42107.93,85.49,Highly Profitable
C01818,42,Male,South,Business Owner,741000,Mass,Savings,5,Auto Loan,351550,187700,124600,Yes,27283.22,9612.61,4677.34,2012.27,3844.84,616.36,1781.08,2184.19,43585.44,8426.47,35158.97,80.67,Highly Profitable
C01819,24,Male,East,Business Owner,1664000,Affluent,Salary,2,No Loan,0,580800,533200,No,3341.28,2483.77,0.0,449.69,1563.81,2170.04,1308.47,1430.86,6274.74,6473.17,-198.44,-3.16,Low Profitability
C01820,40,Female,East,Retired,363000,Mass,Current,5,Personal Loan,199181,304000,135400,Yes,22534.43,11507.69,3077.64,2166.02,4564.01,1502.34,1097.45,919.89,39285.77,8083.7,31202.08,79.42,Highly Profitable
C01821,52,Female,West,Salaried,580000,Mass,Salary,3,Home Loan,1361071,621000,501600,Yes,63709.08,5559.22,29141.28,778.03,2439.42,1288.92,1625.95,2857.65,99187.6,8211.94,90975.67,91.72,Highly Profitable
C01822,56,Female,West,Salaried,938000,Affluent,Savings,5,No Loan,0,623500,520400,Yes,2992.43,6001.26,0.0,1204.16,4621.09,1906.38,653.59,1025.71,10197.85,8206.77,1991.08,19.52,Low Profitability
C01823,70,Female,South,Salaried,708000,Mass,Savings,4,No Loan,0,596300,391100,Yes,2784.01,10709.74,0.0,644.9,3817.54,624.58,1052.5,1728.76,14138.65,7223.39,6915.26,48.91,Low Profitability
C01824,24,Male,East,Professional,536000,Mass,Current,3,Personal Loan,875719,752100,736700,Yes,100098.27,9422.81,13660.72,447.69,2635.63,1106.6,547.44,1128.84,123629.49,5418.51,118210.98,95.62,Highly Profitable
C01825,47,Male,North,Retired,244000,Mass,Current,4,No Loan,0,136100,51000,No,732.35,7879.81,0.0,1913.31,2871.97,2156.89,721.38,1566.72,10525.48,7316.96,3208.52,30.48,Low Profitability
C01826,37,Female,East,Salaried,598000,Mass,Current,1,Auto Loan,653477,123400,110400,Yes,49708.81,3544.67,10265.75,2005.22,1563.61,1262.93,1323.73,1894.12,65524.45,6044.39,59480.06,90.78,Highly Profitable
C01827,32,Male,West,Business Owner,854000,Mass,Salary,5,No Loan,0,490200,177500,No,1334.13,9730.2,0.0,880.26,3598.64,1495.11,355.83,542.09,11944.59,5991.67,5952.93,49.84,Low Profitability
C01828,42,Male,West,Salaried,944000,Affluent,Current,1,No Loan,0,1576800,604500,Yes,9177.71,3151.15,0.0,2263.94,1682.27,429.43,977.44,731.82,14592.8,3820.96,10771.84,73.82,Profitable
C01829,37,Male,South,Salaried,638000,Mass,Savings,1,No Loan,0,114700,48300,Yes,599.13,2776.4,0.0,1728.97,1851.03,436.73,1546.26,1775.61,5104.5,5609.63,-505.14,-9.9,Low Profitability
C01830,30,Male,North,Business Owner,772000,Mass,Salary,3,Personal Loan,685143,280000,227300,No,76933.63,2745.31,9424.61,1356.68,2468.36,417.11,993.42,1939.09,90460.22,5817.97,84642.25,93.57,Highly Profitable
C01831,21,Male,West,Salaried,373000,Mass,Current,2,No Loan,0,96000,76100,No,323.8,3105.84,0.0,2136.66,1628.57,1231.85,585.51,1576.54,5566.31,5022.48,543.83,9.77,Low Profitability
C01832,42,Male,North,Self-Employed,867000,Mass,Savings,4,Personal Loan,417639,669300,421000,Yes,49952.27,8150.27,8736.46,2206.55,2979.28,1665.7,768.74,2020.91,69045.55,7434.63,61610.92,89.23,Highly Profitable
C01833,46,Male,West,Business Owner,704000,Mass,Savings,4,No Loan,0,858000,443800,Yes,1757.87,9912.99,0.0,1538.64,3973.98,916.93,1126.42,551.27,13209.5,6568.61,6640.89,50.27,Low Profitability
C01834,38,Male,South,Professional,767000,Mass,Current,2,No Loan,0,1267100,976800,Yes,6947.22,5069.24,0.0,1502.25,2489.34,1392.93,1196.12,1563.46,13518.71,6641.85,6876.86,50.87,Low Profitability
C01835,70,Female,East,Self-Employed,620000,Mass,Savings,1,No Loan,0,905300,337300,No,4269.18,1570.93,0.0,1743.25,1138.74,1396.39,213.01,1115.54,7583.36,3863.68,3719.68,49.05,Low Profitability
C01836,34,Female,East,Business Owner,787000,Mass,Salary,3,No Loan,0,443600,347900,Yes,1131.67,7581.72,0.0,1466.08,3449.18,600.93,486.49,1429.21,10179.46,5965.82,4213.65,41.39,Low Profitability
C01837,67,Male,South,Self-Employed,992000,Affluent,Savings,4,Home Loan,1374516,1187900,309000,Yes,68178.81,11442.47,28726.94,1490.0,4397.88,1726.71,1306.79,2646.5,109838.23,10077.87,99760.35,90.82,Highly Profitable
C01838,49,Female,North,Salaried,806000,Mass,Current,4,Personal Loan,772789,1003700,374200,No,90198.95,6492.03,15061.07,1535.71,1933.37,1337.96,333.05,1161.12,113287.77,4765.5,108522.27,95.79,Highly Profitable
C01839,32,Male,North,Professional,257000,Mass,Salary,1,No Loan,0,76900,65500,No,319.76,1998.86,0.0,872.89,1158.91,528.09,1561.58,792.85,3191.51,4041.43,-849.91,-26.63,Low Profitability
C01840,56,Male,West,Salaried,815000,Mass,Current,5,No Loan,0,696600,691600,Yes,3158.96,10714.13,0.0,1908.89,4482.91,2100.54,688.69,1582.79,15781.98,8854.93,6927.05,43.89,Low Profitability
C01841,55,Female,West,Salaried,566000,Mass,Savings,2,Education Loan,317301,375600,118000,Yes,21567.14,6599.31,6573.86,959.71,2132.64,768.41,1460.37,1364.56,35700.01,5725.97,29974.04,83.96,Profitable
C01842,32,Female,West,Self-Employed,474000,Mass,Savings,2,Home Loan,3303289,194000,153800,No,149391.48,2489.92,81687.04,1654.41,1416.37,1084.76,1546.65,2963.38,235222.85,7011.16,228211.69,97.02,Highly Profitable
C01843,27,Female,South,Professional,1470000,Affluent,Savings,1,Auto Loan,320447,362800,109800,Yes,24816.6,3016.7,5119.76,1843.53,2331.54,2094.54,1701.4,2227.97,34796.59,8355.45,26441.14,75.99,Profitable
C01844,49,Male,East,Salaried,419000,Mass,Savings,2,No Loan,0,81600,81400,Yes,351.61,4589.41,0.0,1436.56,2485.64,931.71,1334.07,1303.48,6377.58,6054.9,322.68,5.06,Low Profitability
C01845,31,Male,North,Salaried,446000,Mass,Salary,3,No Loan,0,698800,407300,Yes,2660.29,5643.22,0.0,658.91,2675.6,651.65,1578.85,1019.26,8962.42,5925.35,3037.07,33.89,Low Profitability
C01846,53,Female,South,Salaried,204000,Mass,Savings,3,Home Loan,4814675,141900,124900,Yes,216992.73,9210.64,59568.29,1488.57,3344.53,2166.73,636.41,9598.11,287260.22,15745.78,271514.44,94.52,Highly Profitable
C01847,26,Male,West,Salaried,1546000,Affluent,Current,4,No Loan,0,1489700,591200,Yes,5433.77,6693.13,0.0,2061.15,3550.43,2191.78,225.02,671.69,14188.05,6638.93,7549.12,53.21,Low Profitability
C01848,67,Male,South,Self-Employed,1143000,Affluent,Savings,3,Personal Loan,724941,721500,708600,No,82450.21,2820.33,15250.91,292.53,1662.89,1606.86,1287.17,2192.12,100813.98,6749.03,94064.95,93.31,Highly Profitable
C01849,35,Female,South,Salaried,583000,Mass,Savings,2,No Loan,0,247000,151900,No,1222.74,3884.45,0.0,1680.28,1849.43,1998.86,609.7,837.71,6787.48,5295.7,1491.78,21.98,Low Profitability
C01850,52,Female,North,Professional,981000,Affluent,Current,3,No Loan,0,570100,243700,No,1262.09,3741.31,0.0,360.01,2729.6,2197.71,1399.59,1228.78,5363.42,7555.69,-2192.27,-40.87,Low Profitability
C01851,31,Female,West,Professional,206000,Mass,Savings,1,No Loan,0,88700,65300,No,395.22,1891.07,0.0,1654.48,1043.16,578.06,800.37,1563.42,3940.77,3985.02,-44.25,-1.12,Low Profitability
C01852,43,Male,East,Business Owner,909000,Affluent,Current,3,Personal Loan,313694,1273100,630100,No,39664.31,2685.55,7293.73,769.37,1756.67,1899.47,1429.01,1402.91,50412.96,6488.06,43924.9,87.13,Highly Profitable
C01853,46,Female,South,Self-Employed,437000,Mass,Savings,2,Home Loan,2856154,719900,355600,Yes,130758.37,4933.78,26136.16,2237.74,3031.96,388.02,1418.88,4906.79,164066.05,9745.66,154320.39,94.06,Highly Profitable
C01854,54,Male,East,Salaried,1757000,Affluent,Current,1,No Loan,0,1523200,529100,No,7581.97,1203.14,0.0,1050.01,1010.5,1523.97,906.57,1268.36,9835.11,4709.4,5125.72,52.12,Low Profitability
C01855,66,Male,South,Salaried,857000,Mass,Savings,2,No Loan,0,1292200,558000,Yes,5494.21,3451.71,0.0,1023.46,2160.53,1485.82,1575.19,595.94,9969.38,5817.48,4151.89,41.65,Low Profitability
C01856,54,Female,East,Self-Employed,752000,Mass,Savings,4,Home Loan,2155180,641100,595100,No,99599.64,3577.76,40886.3,2148.53,2444.21,1225.39,950.77,2619.71,146212.24,7240.08,138972.16,95.05,Highly Profitable
C01857,49,Male,West,Salaried,446000,Mass,Savings,3,No Loan,0,395700,275000,Yes,2298.78,8572.69,0.0,2411.54,3094.53,1393.61,1734.31,901.08,13283.01,7123.54,6159.46,46.37,Low Profitability
C01858,24,Male,West,Business Owner,447000,Mass,Current,4,Home Loan,2800433,424800,234400,No,128253.24,5004.73,47126.76,168.99,2634.26,827.77,263.82,5321.34,180553.71,9047.2,171506.52,94.99,Highly Profitable
C01859,37,Female,West,Salaried,970000,Affluent,Savings,2,Home Loan,4912816,1458300,1516600,No,225197.46,3578.18,49547.89,1277.72,1701.99,313.92,1067.25,4264.47,279601.25,7347.63,272253.62,97.37,Highly Profitable
C01860,55,Male,West,Salaried,443000,Mass,Savings,5,No Loan,0,750900,696700,Yes,2667.1,9315.16,0.0,1458.51,4246.59,657.56,229.75,1723.57,13440.77,6857.47,6583.31,48.98,Low Profitability
C01861,33,Male,North,Salaried,434000,Mass,Salary,2,No Loan,0,598200,307300,Yes,2782.56,4645.55,0.0,2323.1,2286.41,2074.7,704.52,647.29,9751.21,5712.93,4038.28,41.41,Low Profitability
C01862,61,Male,South,Salaried,1518000,Affluent,Savings,4,Home Loan,4464479,2453000,844100,Yes,211205.04,8839.17,47450.85,1526.22,3137.34,815.92,939.11,6091.23,269021.27,10983.6,258037.67,95.92,Highly Profitable
C01863,59,Male,North,Retired,820000,Mass,Current,2,No Loan,0,992600,403700,Yes,3695.26,4232.75,0.0,1485.83,3083.72,1654.38,473.25,1344.37,9413.84,6555.72,2858.11,30.36,Low Profitability
C01864,35,Male,West,Salaried,383000,Mass,Savings,1,No Loan,0,587800,484300,No,3482.91,2223.33,0.0,1874.94,1390.68,1164.7,1502.57,839.86,7581.18,4897.8,2683.38,35.4,Low Profitability
C01865,49,Female,East,Professional,948000,Affluent,Savings,4,No Loan,0,1013200,738200,Yes,2698.88,6380.64,0.0,1998.48,3057.86,2164.25,870.86,1470.6,11078.0,7563.57,3514.43,31.72,Low Profitability
C01866,49,Female,West,Self-Employed,600000,Mass,Savings,4,Auto Loan,451243,855000,926500,Yes,36711.06,6233.05,5548.92,1224.68,3146.67,2159.34,431.09,2357.29,49717.71,8094.4,41623.31,83.72,Highly Profitable
C01867,31,Male,West,Professional,265000,Mass,Savings,4,Education Loan,254590,348100,91000,Yes,17796.28,9842.86,3490.07,486.59,3953.67,1305.46,666.81,2135.7,31615.81,8061.65,23554.16,74.5,Profitable
C01868,52,Female,South,Self-Employed,532000,Mass,Savings,2,Personal Loan,909860,737500,734000,Yes,101761.26,4906.98,16431.64,2153.66,2075.72,954.69,414.14,3360.48,125253.54,6805.04,118448.5,94.57,Highly Profitable
C01869,22,Male,South,Retired,393000,Mass,Savings,3,No Loan,0,210900,55300,No,816.56,5006.26,0.0,495.97,2020.17,1066.91,1069.29,571.28,6318.79,4727.65,1591.14,25.18,Low Profitability
C01870,67,Male,North,Salaried,806000,Mass,Current,2,Personal Loan,352926,325400,198800,No,40155.47,2188.68,7872.67,2451.96,1275.29,978.98,948.06,1987.5,52668.79,5189.83,47478.96,90.15,Highly Profitable
C01871,34,Female,West,Self-Employed,488000,Mass,Savings,1,No Loan,0,599000,616400,Yes,1831.97,2359.81,0.0,970.76,2012.11,411.28,537.8,1616.66,5162.54,4577.85,584.7,11.33,Low Profitability
C01872,40,Male,South,Salaried,736000,Mass,Savings,4,No Loan,0,696800,564200,No,4074.52,4568.03,0.0,2383.58,2166.54,394.57,1754.45,1636.05,11026.14,5951.61,5074.53,46.02,Low Profitability
C01873,42,Female,West,Self-Employed,1010000,Affluent,Savings,3,Personal Loan,964512,1425800,1063400,No,112001.01,6687.36,20393.07,1784.13,2742.86,1366.41,1255.36,2307.24,140865.58,7671.86,133193.72,94.55,Highly Profitable
C01874,31,Male,West,Self-Employed,2565000,Premium,Savings,5,Home Loan,1595785,1004800,519000,No,76158.2,10783.02,34462.09,2176.46,2266.31,1393.02,711.71,3394.15,123579.77,7765.2,115814.58,93.72,Highly Profitable
C01875,47,Female,South,Business Owner,2080000,Premium,Savings,2,No Loan,0,3564500,3818300,Yes,19873.09,4341.86,0.0,2362.17,2154.39,438.21,789.13,1498.92,26577.12,4880.65,21696.47,81.64,Profitable
C01876,23,Male,West,Salaried,791000,Mass,Current,5,Auto Loan,348019,1037500,407700,Yes,29314.53,9183.54,7703.86,1706.71,3171.46,1035.26,1707.9,2159.15,47908.64,8073.77,39834.87,83.15,Highly Profitable
C01877,37,Male,West,Salaried,680000,Mass,Salary,3,No Loan,0,127800,61300,Yes,579.8,6576.94,0.0,1972.79,3055.17,2048.1,1124.57,505.55,9129.52,6733.4,2396.12,26.25,Low Profitability
C01878,64,Male,North,Business Owner,505000,Mass,Savings,3,Personal Loan,444018,556100,353100,No,50953.47,3383.2,5246.6,587.47,2781.48,1129.75,379.1,964.83,60170.74,5255.15,54915.59,91.27,Highly Profitable
C01879,48,Female,East,Self-Employed,284000,Mass,Savings,2,Home Loan,905405,189100,67600,No,41402.39,4263.35,14158.53,1016.78,1337.86,976.8,1490.39,2740.48,60841.05,6545.54,54295.51,89.24,Highly Profitable
C01880,49,Male,East,Salaried,199000,Mass,Savings,4,No Loan,0,120000,73200,Yes,421.08,9931.71,0.0,1061.35,3856.19,438.06,1605.67,1512.5,11414.14,7412.42,4001.72,35.06,Low Profitability
C01881,41,Female,North,Retired,440000,Mass,Savings,4,No Loan,0,721000,204400,No,1511.31,7347.35,0.0,509.93,1975.97,1871.35,1240.43,773.65,9368.59,5861.4,3507.2,37.44,Low Profitability
C01882,67,Male,West,Retired,1723000,Affluent,Savings,2,No Loan,0,2635000,2728500,Yes,13924.63,5019.22,0.0,1445.35,2234.98,1422.34,275.73,1432.62,20389.2,5365.67,15023.53,73.68,Profitable
C01883,36,Male,West,Professional,1691000,Affluent,Savings,3,Education Loan,349773,280300,146800,Yes,23952.47,7071.49,5230.43,1889.97,3327.98,620.0,672.48,1950.34,38144.37,6570.8,31573.57,82.77,Highly Profitable
C01884,57,Male,West,Professional,728000,Mass,Current,2,Personal Loan,402675,327400,258200,Yes,46170.47,4222.67,3916.8,704.95,3152.92,1089.42,1371.61,1443.87,55014.88,7057.82,47957.06,87.17,Highly Profitable
C01885,40,Female,North,Salaried,904000,Affluent,Savings,4,No Loan,0,1208900,1196700,Yes,6506.13,8074.17,0.0,1843.33,2964.44,1685.6,604.72,1080.99,16423.63,6335.76,10087.88,61.42,Profitable
C01886,26,Female,South,Retired,502000,Mass,Current,5,Auto Loan,415611,777900,735600,No,35791.21,6949.07,7626.67,2080.66,2963.65,803.52,902.33,1847.35,52447.6,6516.85,45930.75,87.57,Highly Profitable
C01887,39,Male,North,Salaried,688000,Mass,Savings,2,Personal Loan,247356,917800,910800,No,29169.03,2348.66,5859.26,136.4,1323.27,1224.53,652.42,1401.6,37513.35,4601.83,32911.52,87.73,Highly Profitable
C01888,25,Female,North,Salaried,457000,Mass,Salary,3,No Loan,0,464700,400700,Yes,2134.64,7192.83,0.0,2115.91,2822.36,1331.97,362.84,924.28,11443.38,5441.45,6001.93,52.45,Low Profitability
C01889,23,Male,West,Professional,456000,Mass,Savings,2,Personal Loan,201111,809200,335600,Yes,26830.54,7016.86,3832.77,620.43,2338.1,1656.83,926.0,2084.69,38300.6,7005.62,31294.98,81.71,Highly Profitable
C01890,21,Female,North,Salaried,980000,Affluent,Salary,3,Personal Loan,102919,1436200,806500,No,18608.48,7499.25,2197.19,140.66,1901.71,1388.06,1203.91,1421.34,28445.57,5915.02,22530.56,79.21,Profitable
C01891,58,Female,West,Self-Employed,502000,Mass,Salary,4,No Loan,0,462900,317200,No,1513.27,7125.57,0.0,2023.5,3015.17,1167.12,662.91,1429.65,10662.34,6274.86,4387.49,41.15,Low Profitability
C01892,35,Male,North,Salaried,918000,Affluent,Salary,2,Personal Loan,523754,1021500,547900,Yes,60115.79,5151.61,12789.45,1993.26,1997.99,628.53,562.56,1205.91,80050.1,4394.98,75655.12,94.51,Highly Profitable
C01893,54,Male,South,Self-Employed,646000,Mass,Savings,1,No Loan,0,144700,153700,No,676.19,1907.45,0.0,133.39,1356.3,889.13,399.48,1162.36,2717.03,3807.26,-1090.23,-40.13,Low Profitability
C01894,55,Female,South,Self-Employed,1527000,Affluent,Savings,4,Home Loan,2124995,2659700,2489000,Yes,107948.58,10223.05,35940.8,271.88,4001.8,1034.15,1290.66,4032.6,154384.31,10359.21,144025.1,93.29,Highly Profitable
C01895,69,Female,North,Self-Employed,948000,Affluent,Savings,3,No Loan,0,709600,659300,No,2248.84,3655.82,0.0,2311.54,2106.92,2036.68,564.1,1427.22,8216.2,6134.92,2081.28,25.33,Low Profitability
C01896,45,Male,North,Salaried,801000,Mass,Savings,2,No Loan,0,994400,553800,No,5193.41,2141.99,0.0,2272.53,2017.19,1549.92,889.7,863.86,9607.93,5320.67,4287.26,44.62,Low Profitability
C01897,44,Male,West,Self-Employed,319000,Mass,Savings,2,Auto Loan,881802,398900,355700,No,67941.54,2985.26,21400.27,1353.34,2065.4,1328.12,469.37,2456.14,93680.41,6319.03,87361.38,93.25,Highly Profitable
C01898,32,Male,West,Self-Employed,534000,Mass,Savings,1,Personal Loan,833492,130300,100600,Yes,92160.88,2192.97,8041.01,2149.91,1592.58,1269.12,1185.47,2012.75,104544.76,6059.92,98484.84,94.2,Highly Profitable
C01899,38,Male,South,Salaried,681000,Mass,Savings,2,No Loan,0,400900,228100,No,1548.73,4195.23,0.0,815.49,1967.2,1545.72,1198.96,1781.14,6559.46,6493.02,66.44,1.01,Low Profitability
C01900,35,Female,West,Retired,721000,Mass,Savings,3,Auto Loan,503954,888800,455100,No,40454.84,5575.9,5922.05,471.42,1993.37,735.98,1570.35,2395.53,52424.21,6695.23,45728.98,87.23,Highly Profitable
C01901,64,Female,South,Salaried,1008000,Affluent,Savings,2,Auto Loan,264000,1668300,1535700,No,26730.9,3477.74,5836.77,2442.53,2095.68,1113.51,1776.52,2169.66,38487.94,7155.37,31332.56,81.41,Highly Profitable
C01902,36,Male,South,Professional,784000,Mass,Savings,3,No Loan,0,1124800,851800,No,4508.46,4942.29,0.0,1487.26,1912.93,1372.38,1642.22,1611.96,10938.01,6539.49,4398.52,40.21,Low Profitability
C01903,47,Male,East,Salaried,397000,Mass,Savings,1,Home Loan,3938987,439600,123700,Yes,179792.29,3587.16,90804.42,811.08,2391.27,998.66,1516.51,4142.25,274994.96,9048.7,265946.25,96.71,Highly Profitable
C01904,28,Male,East,Salaried,969000,Affluent,Savings,1,Personal Loan,274279,517100,138800,No,32258.36,1433.75,3858.71,1341.65,1049.15,399.02,1613.36,1217.67,38892.46,4279.2,34613.26,89.0,Highly Profitable
C01905,66,Male,West,Salaried,543000,Mass,Salary,1,Home Loan,2776576,931600,899600,No,129706.37,985.95,36476.45,1542.77,1368.59,1114.28,286.07,4818.9,168711.55,7587.85,161123.7,95.5,Highly Profitable
C01906,45,Male,East,Salaried,490000,Mass,Savings,3,Auto Loan,893739,399900,130500,Yes,68812.71,4090.02,17425.02,894.93,3271.52,564.16,1418.53,1159.68,91222.69,6413.88,84808.8,92.97,Highly Profitable
C01907,37,Male,South,Salaried,382000,Mass,Salary,2,Home Loan,1891765,151800,105000,Yes,85569.78,3167.54,45076.73,1940.8,2076.59,1789.6,791.36,3662.58,135754.86,8320.12,127434.74,93.87,Highly Profitable
C01908,49,Male,South,Self-Employed,577000,Mass,Savings,5,Education Loan,433369,107200,82300,No,28404.63,4744.97,3921.79,195.83,3496.44,1260.42,501.38,2320.49,37267.22,7578.73,29688.49,79.66,Profitable
C01909,28,Male,West,Salaried,515000,Mass,Salary,2,Auto Loan,592478,884600,909900,No,48688.76,3622.71,5318.57,679.41,1591.86,2136.22,891.8,2425.35,58309.44,7045.22,51264.22,87.92,Highly Profitable
C01910,35,Male,East,Salaried,1325000,Affluent,Savings,2,No Loan,0,1899500,1305600,Yes,9895.25,6474.18,0.0,849.11,2652.55,996.1,384.48,742.25,17218.54,4775.37,12443.17,72.27,Profitable
C01911,47,Male,West,Business Owner,604000,Mass,Salary,3,Auto Loan,685100,306200,127000,Yes,53066.47,3488.67,10354.68,1836.47,2517.65,804.21,629.03,1389.88,68746.3,5340.77,63405.52,92.23,Highly Profitable
C01912,66,Male,South,Retired,938000,Affluent,Savings,2,No Loan,0,360100,169800,Yes,1705.04,5968.57,0.0,2011.52,2626.27,2195.42,860.42,1427.42,9685.13,7109.53,2575.6,26.59,Low Profitability
C01913,70,Male,West,Salaried,260000,Mass,Current,4,Home Loan,3532414,450600,131400,Yes,160642.57,8806.31,58242.6,1600.17,4102.47,914.11,1139.81,5524.84,229291.66,11681.23,217610.43,94.91,Highly Profitable
C01914,27,Male,South,Business Owner,1054000,Affluent,Savings,4,Auto Loan,685271,576900,253100,No,53685.75,9039.48,10890.05,895.74,2414.32,1059.08,1694.92,2002.5,74511.02,7170.83,67340.2,90.38,Highly Profitable
C01915,23,Male,North,Professional,996000,Affluent,Current,1,Personal Loan,883512,908500,856600,Yes,101766.43,3834.87,18823.25,727.77,2301.01,318.55,318.04,1600.93,125152.32,4538.53,120613.79,96.37,Highly Profitable
C01916,49,Male,West,Self-Employed,314000,Mass,Savings,3,No Loan,0,363600,324800,No,986.25,6546.24,0.0,1052.77,1773.96,702.03,1193.48,508.85,8585.26,4178.32,4406.93,51.33,Low Profitability
C01917,64,Female,West,Professional,433000,Mass,Current,3,Education Loan,302557,109500,35000,Yes,20083.49,8682.9,6281.63,1154.3,3106.75,1773.72,322.65,1195.54,36202.33,6398.66,29803.66,82.33,Profitable
C01918,44,Female,North,Retired,486000,Mass,Current,5,No Loan,0,349100,229600,No,773.53,4733.2,0.0,1526.67,4022.48,1640.6,1149.27,1139.93,7033.4,7952.28,-918.88,-13.06,Low Profitability
C01919,23,Female,West,Salaried,626000,Mass,Salary,2,No Loan,0,1068600,541300,Yes,2587.18,5126.26,0.0,1726.42,2673.01,1061.85,1165.87,1698.28,9439.86,6599.01,2840.85,30.09,Low Profitability
C01920,40,Male,North,Business Owner,475000,Mass,Current,2,Personal Loan,253585,620100,497600,Yes,29707.01,6050.25,5574.2,1007.43,2503.11,2044.92,823.61,1099.1,42338.89,6470.74,35868.16,84.72,Highly Profitable
C01921,66,Female,South,Business Owner,612000,Mass,Savings,3,No Loan,0,463200,494300,No,2093.75,2487.03,0.0,388.14,2078.43,1332.26,283.27,1502.76,4968.92,5196.72,-227.8,-4.58,Low Profitability
C01922,35,Female,South,Salaried,1003000,Affluent,Savings,2,Auto Loan,467271,1460700,1148200,No,43342.67,3213.65,8298.7,1154.74,1758.42,1495.08,1513.68,2167.49,56009.76,6934.66,49075.1,87.62,Highly Profitable
C01923,45,Male,South,Salaried,515000,Mass,Current,4,No Loan,0,788600,697000,Yes,2728.33,5547.26,0.0,967.79,2434.32,1826.69,739.29,1752.97,9243.38,6753.26,2490.12,26.94,Low Profitability
C01924,50,Male,West,Retired,824000,Mass,Savings,4,Education Loan,198705,330000,194200,No,14236.28,8242.96,2123.19,243.37,2036.59,1636.49,295.65,1244.23,24845.81,5212.96,19632.85,79.02,Profitable
C01925,34,Female,West,Professional,771000,Mass,Salary,1,Auto Loan,174977,861900,239400,Yes,16813.99,2239.53,3948.37,593.05,2236.34,583.69,284.81,1700.07,23594.94,4804.9,18790.04,79.64,Profitable
C01926,27,Male,West,Salaried,180000,Mass,Savings,4,Personal Loan,718791,135900,82300,Yes,79493.51,9350.64,13850.9,1095.92,3330.2,1208.47,340.06,1962.65,103790.97,6841.37,96949.6,93.41,Highly Profitable
C01927,37,Male,East,Salaried,449000,Mass,Savings,4,Home Loan,2447449,442900,303000,Yes,112243.02,7802.2,29817.26,1427.49,3607.95,1446.66,1585.29,2506.3,151289.98,9146.2,142143.78,93.95,Highly Profitable
C01928,64,Female,East,Retired,1204000,Affluent,Savings,5,Personal Loan,786706,1112400,743900,No,89707.55,4917.94,8787.86,1407.11,3184.28,396.76,958.14,2635.46,104820.46,7174.64,97645.82,93.16,Highly Profitable
C01929,40,Female,North,Salaried,428000,Mass,Savings,4,No Loan,0,420000,188400,Yes,1158.05,10693.15,0.0,609.44,2635.31,766.46,1596.47,1761.67,12460.64,6759.91,5700.74,45.75,Low Profitability
C01930,56,Male,West,Business Owner,388000,Mass,Current,4,No Loan,0,392400,256500,No,1107.85,7946.16,0.0,654.01,2790.12,1788.4,1398.11,1018.79,9708.01,6995.42,2712.59,27.94,Low Profitability
C01931,29,Male,East,Salaried,1237000,Affluent,Savings,1,Auto Loan,629032,326900,281200,No,48457.91,2031.47,13773.07,1806.19,1009.0,2114.71,222.49,2044.66,66068.65,5390.87,60677.77,91.84,Highly Profitable
C01932,58,Male,East,Salaried,762000,Mass,Savings,5,Personal Loan,236082,337700,173800,Yes,26982.4,8026.75,5489.36,919.12,5075.23,2162.65,687.67,1047.11,41417.63,8972.66,32444.97,78.34,Highly Profitable
C01933,68,Female,East,Salaried,1560000,Affluent,Salary,2,Auto Loan,266927,1691400,1334300,No,26333.09,2026.99,3277.42,554.41,1874.71,1664.36,1035.74,745.59,32191.92,5320.41,26871.51,83.47,Profitable
C01934,42,Male,South,Salaried,542000,Mass,Savings,1,Personal Loan,395707,918400,349200,Yes,46749.08,3491.96,4456.88,1187.71,1747.12,1634.47,247.71,1239.16,55885.64,4868.46,51017.18,91.29,Highly Profitable
C01935,22,Male,North,Salaried,1356000,Affluent,Current,2,No Loan,0,1873700,911300,Yes,9975.55,4417.29,0.0,1283.76,1667.04,1641.82,1733.3,1255.83,15676.6,6298.0,9378.6,59.83,Low Profitability
C01936,44,Female,West,Self-Employed,429000,Mass,Savings,4,No Loan,0,233300,233600,Yes,671.03,5792.98,0.0,578.4,4026.84,862.93,1655.05,1552.54,7042.41,8097.35,-1054.94,-14.98,Low Profitability
C01937,28,Male,North,Business Owner,180000,Mass,Current,2,No Loan,0,134400,105200,Yes,433.36,5197.7,0.0,1221.37,1949.25,1080.91,577.42,971.87,6852.42,4579.44,2272.98,33.17,Low Profitability
C01938,31,Female,North,Salaried,1014000,Affluent,Savings,4,Auto Loan,610305,713200,230300,Yes,49916.23,8381.39,13370.27,1895.79,2660.18,640.72,785.4,2032.67,73563.69,6118.97,67444.71,91.68,Highly Profitable
C01939,33,Male,North,Professional,959000,Affluent,Savings,3,Home Loan,2853689,1361500,646600,Yes,132471.28,6418.44,67464.13,509.74,3158.33,1193.35,1362.86,4610.43,206863.59,10324.98,196538.61,95.01,Highly Profitable
C01940,37,Male,North,Self-Employed,1014000,Affluent,Savings,2,Auto Loan,240098,1778700,1947400,No,27234.5,2505.29,2252.92,960.73,1747.71,377.18,227.52,2040.7,32953.44,4393.1,28560.34,86.67,Profitable
C01941,28,Female,West,Self-Employed,625000,Mass,Savings,2,Home Loan,4171352,460300,220800,Yes,188892.11,5694.73,87224.25,343.22,2378.14,1874.93,559.85,5214.79,282154.31,10027.7,272126.61,96.45,Highly Profitable
C01942,41,Male,North,Salaried,1569000,Affluent,Salary,2,No Loan,0,273600,203400,No,1189.31,3211.67,0.0,616.32,1943.12,2100.17,1020.58,1259.27,5017.3,6323.13,-1305.84,-26.03,Low Profitability
C01943,38,Male,North,Self-Employed,1127000,Affluent,Savings,1,No Loan,0,1911200,1371900,No,4525.61,1521.4,0.0,1137.31,965.36,562.48,780.76,1711.0,7184.32,4019.61,3164.71,44.05,Low Profitability
C01944,50,Male,West,Retired,1102000,Affluent,Salary,2,No Loan,0,1534900,908700,No,5586.99,1819.76,0.0,2438.67,1357.4,1221.2,376.67,615.16,9845.42,3570.42,6275.0,63.74,Low Profitability
C01945,38,Female,North,Business Owner,748000,Mass,Savings,1,No Loan,0,1142000,318300,No,6649.33,2003.64,0.0,1777.57,1052.06,1135.1,1087.83,842.07,10430.54,4117.06,6313.47,60.53,Low Profitability
C01946,66,Female,South,Salaried,334000,Mass,Savings,4,No Loan,0,165100,81200,No,754.59,6878.97,0.0,2335.71,3228.94,1716.97,1515.68,855.09,9969.27,7316.68,2652.59,26.61,Low Profitability
C01947,67,Female,South,Business Owner,727000,Mass,Savings,3,No Loan,0,883500,936800,Yes,2500.87,9116.0,0.0,351.22,3189.1,1277.36,569.86,1348.73,11968.09,6385.05,5583.04,46.65,Low Profitability
C01948,51,Male,North,Salaried,853000,Mass,Savings,3,Auto Loan,448195,455500,121300,Yes,35999.35,4373.67,8893.07,2360.66,2955.12,1148.94,556.16,2410.72,51626.75,7070.95,44555.8,86.3,Highly Profitable
C01949,58,Male,North,Salaried,2141000,Premium,Savings,2,Personal Loan,585548,362200,310900,No,66082.9,2929.57,9747.63,1326.54,1520.54,565.47,313.15,2495.8,80086.64,4894.95,75191.69,93.89,Highly Profitable
C01950,52,Male,West,Self-Employed,810000,Mass,Savings,2,No Loan,0,331400,334300,Yes,1892.58,3895.43,0.0,777.59,2426.44,843.19,1086.85,1081.88,6565.6,5438.36,1127.23,17.17,Low Profitability
C01951,31,Female,South,Professional,394000,Mass,Current,3,Personal Loan,215565,659000,591800,Yes,25633.16,6513.26,4838.97,2127.47,1980.37,1416.76,847.49,1016.34,39112.85,5260.97,33851.88,86.55,Highly Profitable
C01952,65,Male,North,Salaried,905000,Affluent,Savings,3,No Loan,0,457300,240000,Yes,1136.43,5254.31,0.0,1543.24,3503.69,377.37,1211.16,1707.6,7933.99,6799.82,1134.16,14.3,Low Profitability
C01953,45,Female,North,Professional,1398000,Affluent,Savings,1,Personal Loan,613613,1559400,1079700,No,74576.55,2487.44,14250.52,317.79,1261.4,933.95,255.55,1109.27,91632.3,3560.17,88072.14,96.11,Highly Profitable
C01954,53,Male,East,Salaried,1791000,Affluent,Savings,2,No Loan,0,3129300,3089900,Yes,17694.19,4534.84,0.0,1384.72,2930.41,572.17,1224.11,1499.95,23613.76,6226.64,17387.12,73.63,Profitable
C01955,58,Female,North,Salaried,660000,Mass,Salary,5,Auto Loan,690690,181400,195800,No,52728.89,7240.74,12919.07,1640.51,4164.63,444.57,1690.87,1187.59,74529.22,7487.66,67041.56,89.95,Highly Profitable
C01956,61,Female,West,Retired,627000,Mass,Savings,2,No Loan,0,929900,309200,Yes,3389.01,4591.6,0.0,142.64,2090.41,1109.86,1514.93,1049.71,8123.24,5764.91,2358.33,29.03,Low Profitability
C01957,28,Female,West,Self-Employed,322000,Mass,Salary,1,Auto Loan,175196,365800,130100,No,14502.97,1616.85,2688.73,1419.15,982.88,880.47,752.49,1220.2,20227.7,3836.04,16391.65,81.04,Profitable
C01958,31,Male,North,Professional,502000,Mass,Savings,1,Home Loan,3278647,343200,364600,Yes,148682.1,3537.23,75260.89,971.67,1826.87,1386.58,376.89,5487.96,228451.88,9078.3,219373.58,96.03,Highly Profitable
C01959,42,Male,North,Professional,888000,Mass,Savings,4,Personal Loan,921006,666900,661400,No,105091.53,7222.08,13841.91,1196.45,1989.05,689.42,1061.53,2243.07,127351.97,5983.07,121368.9,95.3,Highly Profitable
C01960,44,Male,East,Retired,303000,Mass,Savings,4,Education Loan,602230,59000,25300,Yes,39454.5,8975.86,5030.52,361.48,4502.94,405.38,654.07,2011.86,53822.36,7574.26,46248.1,85.93,Highly Profitable
C01961,61,Male,North,Salaried,2159000,Premium,Savings,2,No Loan,0,1235200,1327300,Yes,3791.56,3094.33,0.0,1306.91,2434.6,366.72,217.24,801.49,8192.8,3820.04,4372.76,53.37,Low Profitability
C01962,37,Male,South,Salaried,575000,Mass,Salary,1,No Loan,0,488000,208700,No,1602.0,1095.44,0.0,2463.34,960.14,1120.38,853.86,792.8,5160.78,3727.17,1433.61,27.78,Low Profitability
C01963,32,Male,North,Professional,748000,Mass,Savings,3,No Loan,0,997000,324300,Yes,4944.25,8331.85,0.0,1871.47,2457.79,314.88,1063.93,932.14,15147.57,4768.74,10378.84,68.52,Profitable
C01964,66,Male,North,Self-Employed,845000,Mass,Savings,2,Auto Loan,776941,509900,423000,No,60155.48,3475.6,16609.27,2326.85,1309.8,406.4,1440.76,2458.23,82567.21,5615.19,76952.02,93.2,Highly Profitable
C01965,52,Female,North,Self-Employed,1303000,Affluent,Savings,2,No Loan,0,1443100,1022900,Yes,6405.74,4676.71,0.0,765.99,2835.16,952.48,1767.57,1220.25,11848.44,6775.46,5072.98,42.82,Low Profitability
C01966,35,Female,North,Salaried,811000,Mass,Savings,2,No Loan,0,1100800,499400,Yes,2886.14,4511.39,0.0,1017.96,2430.5,2087.17,1586.59,1052.11,8415.49,7156.37,1259.12,14.96,Low Profitability
C01967,36,Male,North,Salaried,389000,Mass,Salary,1,Personal Loan,224289,506700,526500,No,27360.54,2003.81,4996.98,1657.63,1329.23,1659.2,1066.44,1964.97,36018.96,6019.84,29999.12,83.29,Profitable
C01968,42,Female,West,Self-Employed,883000,Mass,Salary,4,Home Loan,2174496,992500,589200,No,102046.08,8650.82,21327.76,1875.11,1957.61,1705.17,1490.74,2371.64,133899.78,7525.16,126374.61,94.38,Highly Profitable
C01969,48,Male,East,Salaried,1301000,Affluent,Savings,3,No Loan,0,1440600,853500,No,7639.42,4497.32,0.0,829.81,1655.81,624.25,1526.73,656.48,12966.56,4463.27,8503.29,65.58,Low Profitability
C01970,40,Male,West,Salaried,428000,Mass,Savings,4,Personal Loan,406029,573500,451400,No,47450.07,3557.83,7370.63,934.22,2793.84,1383.7,1746.74,1515.27,59312.75,7439.56,51873.19,87.46,Highly Profitable
C01971,53,Male,West,Salaried,1087000,Affluent,Salary,3,No Loan,0,764800,341200,No,2842.0,3687.3,0.0,416.13,1560.58,738.88,595.13,1288.01,6945.43,4182.6,2762.83,39.78,Low Profitability
C01972,30,Female,West,Salaried,805000,Mass,Savings,5,No Loan,0,718700,538200,No,3393.89,10983.77,0.0,1728.9,2063.83,1284.77,602.94,1525.35,16106.56,5476.89,10629.67,66.0,Profitable
C01973,60,Male,West,Professional,738000,Mass,Salary,5,Home Loan,2754109,1287200,720000,Yes,126817.47,10727.52,36605.6,936.44,3024.97,1845.34,549.69,5196.78,175087.03,10616.78,164470.25,93.94,Highly Profitable
C01974,52,Male,North,Business Owner,492000,Mass,Savings,2,Personal Loan,749958,616600,518400,Yes,84804.32,6196.53,7957.67,432.87,2836.05,1120.13,1641.91,2383.45,99391.4,7981.54,91409.86,91.97,Highly Profitable
C01975,70,Female,West,Salaried,619000,Mass,Savings,2,Auto Loan,540313,623800,287300,Yes,42858.57,5039.47,10904.98,1621.57,2307.07,734.49,1294.49,2423.51,60424.59,6759.56,53665.03,88.81,Highly Profitable
C01976,53,Male,West,Salaried,891000,Mass,Current,4,Home Loan,4713521,983900,401100,Yes,215731.73,5927.2,39599.75,129.92,3536.77,885.28,423.79,8989.73,261388.61,13835.56,247553.05,94.71,Highly Profitable
C01977,22,Female,North,Self-Employed,554000,Mass,Savings,4,No Loan,0,178600,82600,No,441.2,3209.66,0.0,2380.18,2540.73,1230.53,1738.15,1214.31,6031.04,6723.71,-692.67,-11.49,Low Profitability
C01978,53,Female,South,Salaried,408000,Mass,Current,5,Personal Loan,151754,459700,480600,No,18507.78,5531.77,1660.24,1638.48,2973.48,1839.04,1168.71,1979.45,27338.27,7960.69,19377.58,70.88,Profitable
C01979,53,Female,West,Professional,399000,Mass,Savings,3,Education Loan,133153,610600,593400,Yes,11736.53,6067.13,2629.42,1558.84,3117.06,1504.17,203.37,1454.51,21991.91,6279.1,15712.81,71.45,Profitable
C01980,61,Male,North,Professional,817000,Mass,Current,3,No Loan,0,828400,790800,Yes,2727.21,5108.68,0.0,1653.1,2968.51,2115.49,898.61,604.92,9488.99,6587.53,2901.46,30.58,Low Profitability
C01981,33,Male,South,Professional,916000,Affluent,Savings,2,Personal Loan,114015,404800,369800,Yes,14676.71,5213.36,2116.76,859.71,1920.78,2155.65,1436.49,1666.39,22866.53,7179.31,15687.22,68.6,Profitable
C01982,50,Male,East,Self-Employed,674000,Mass,Savings,2,Home Loan,4830792,599600,474500,No,219989.03,4965.03,72520.77,659.71,1552.34,894.86,696.46,6785.05,298134.54,9928.72,288205.83,96.67,Highly Profitable
C01983,53,Male,South,Salaried,1900000,Premium,Current,4,No Loan,0,1156600,385900,No,5663.3,3595.83,0.0,1388.33,2534.24,1554.34,1273.78,1082.67,10647.46,6445.03,4202.44,39.47,Low Profitability
C01984,33,Male,West,Business Owner,275000,Mass,Savings,5,Home Loan,2101152,204500,107600,Yes,95695.16,9679.93,51205.88,2365.74,4607.68,1645.85,1348.85,3699.06,158946.71,11301.44,147645.27,92.89,Highly Profitable
C01985,46,Male,South,Salaried,863000,Mass,Current,1,Home Loan,3366866,449900,327300,Yes,153276.6,3780.32,48093.13,774.56,2134.82,1363.92,1525.72,8270.2,205924.61,13294.66,192629.95,93.54,Highly Profitable
C01986,42,Female,North,Salaried,254000,Mass,Salary,3,No Loan,0,178000,60500,No,957.59,2756.14,0.0,1819.36,2612.94,1826.83,1128.73,1671.63,5533.08,7240.12,-1707.04,-30.85,Low Profitability
C01987,59,Female,West,Salaried,661000,Mass,Current,3,No Loan,0,995300,274300,Yes,2549.47,4404.98,0.0,2435.83,2983.51,824.54,506.47,841.77,9390.27,5156.29,4233.98,45.09,Low Profitability
C01988,22,Male,East,Salaried,803000,Mass,Current,2,Auto Loan,209051,1124400,370400,No,21428.6,3139.67,2624.59,1418.52,1715.35,1747.29,1547.56,990.48,28611.39,6000.68,22610.7,79.03,Profitable
C01989,58,Male,North,Salaried,635000,Mass,Current,4,No Loan,0,609200,208300,Yes,3249.93,11030.72,0.0,1200.64,3930.33,777.27,493.27,621.81,15481.3,5822.68,9658.62,62.39,Low Profitability
C01990,59,Male,East,Salaried,239000,Mass,Savings,3,Personal Loan,953755,344400,118200,No,106846.37,5307.9,20106.81,1895.39,1697.7,1331.64,933.64,1679.69,134156.48,5642.67,128513.81,95.79,Highly Profitable
C01991,46,Male,South,Business Owner,664000,Mass,Salary,2,Home Loan,4512813,1168400,481000,No,205792.01,1939.47,74528.6,439.33,1613.32,514.86,343.95,4354.98,282699.4,6827.1,275872.3,97.59,Highly Profitable
C01992,66,Female,South,Retired,701000,Mass,Savings,2,No Loan,0,574900,387600,No,1418.78,4123.39,0.0,179.42,1513.47,1602.43,454.75,1257.88,5721.59,4828.53,893.06,15.61,Low Profitability
C01993,70,Female,South,Salaried,1147000,Affluent,Current,2,Education Loan,558488,2026700,998400,No,40538.51,4514.78,10552.83,944.46,1693.01,1927.73,506.92,2222.08,56550.58,6349.74,50200.84,88.77,Highly Profitable
C01994,35,Female,North,Self-Employed,319000,Mass,Savings,2,Personal Loan,587539,177300,174000,Yes,65342.6,6763.3,4863.33,2109.36,2082.61,1708.0,1351.2,2022.61,79078.59,7164.42,71914.17,90.94,Highly Profitable
C01995,54,Female,North,Salaried,1546000,Affluent,Savings,1,Personal Loan,200865,2666800,2652700,Yes,29486.05,2749.48,4529.32,286.05,1539.95,2111.77,551.71,1174.99,37050.9,5378.43,31672.47,85.48,Highly Profitable
C01996,62,Male,East,Retired,180000,Mass,Savings,1,Personal Loan,840226,283700,292800,No,93636.57,2179.98,19071.33,1518.62,1324.52,2178.7,1019.46,2756.36,116406.5,7279.04,109127.46,93.75,Highly Profitable
C01997,64,Female,South,Salaried,343000,Mass,Current,3,Auto Loan,554809,164100,106700,Yes,42524.57,5450.84,9203.26,223.64,3205.93,1175.65,1283.94,2351.18,57402.31,8016.7,49385.61,86.03,Highly Profitable
C01998,69,Male,East,Professional,771000,Mass,Savings,3,Education Loan,216469,560700,509100,Yes,15925.34,6197.62,1793.07,1302.33,2967.19,594.13,1079.99,1246.63,25218.36,5887.94,19330.41,76.65,Profitable
C01999,60,Female,East,Salaried,830000,Mass,Savings,3,No Loan,0,1094000,823100,No,2211.4,3229.37,0.0,412.17,1582.18,1653.82,1256.84,1399.73,5852.93,5892.57,-39.64,-0.68,Low Profitability
C02000,31,Male,East,Professional,1608000,Affluent,Savings,4,Personal Loan,199219,749600,279400,Yes,26081.47,5964.57,3135.14,1558.19,3299.53,1099.09,1639.16,970.38,36739.36,7008.16,29731.21,80.92,Profitable
C02001,23,Male,South,Salaried,779000,Mass,Savings,5,No Loan,0,876100,692400,No,3931.53,7546.83,0.0,844.43,3596.85,1029.26,1745.46,1220.72,12322.79,7592.28,4730.51,38.39,Low Profitability
C02002,26,Male,North,Salaried,662000,Mass,Savings,4,No Loan,0,683500,657200,Yes,1917.91,8513.48,0.0,989.62,4259.67,645.14,1294.48,1606.83,11421.0,7806.13,3614.87,31.65,Low Profitability
C02003,29,Male,West,Salaried,894000,Mass,Savings,2,No Loan,0,564600,308100,No,2692.83,3088.8,0.0,251.1,1492.11,377.02,498.83,887.93,6032.73,3255.89,2776.84,46.03,Low Profitability
C02004,26,Female,South,Salaried,193000,Mass,Current,2,Auto Loan,208676,124700,110300,Yes,16215.75,6282.4,3299.6,1962.5,3155.66,1751.46,1766.79,1073.39,27760.25,7747.3,20012.95,72.09,Profitable
C02005,29,Male,West,Professional,402000,Mass,Savings,2,Education Loan,172249,402800,365900,No,12614.24,3708.63,2027.17,1546.37,1651.57,1215.48,312.37,1795.8,19896.41,4975.22,14921.19,74.99,Profitable
C02006,59,Male,West,Business Owner,367000,Mass,Salary,3,Home Loan,2365764,236600,188600,No,107133.35,5673.07,28715.94,1495.78,2635.78,1054.63,1684.38,4720.67,143018.14,10095.45,132922.69,92.94,Highly Profitable
C02007,51,Male,West,Salaried,1182000,Affluent,Savings,4,Personal Loan,381343,528900,529300,No,45105.11,8426.89,6816.71,1679.41,2653.65,997.01,922.77,2076.87,62028.12,6650.31,55377.82,89.28,Highly Profitable
C02008,52,Female,East,Retired,1431000,Affluent,Savings,3,Auto Loan,809863,2040700,761400,Yes,70069.97,4504.76,19815.66,1693.0,2278.24,1258.17,1547.97,1901.3,96083.39,6985.69,89097.71,92.73,Highly Profitable
C02009,61,Male,East,Self-Employed,1952000,Premium,Savings,3,Auto Loan,638754,2166500,2094800,No,52254.7,4768.57,13720.34,945.5,1584.35,1710.07,744.28,1053.78,71689.1,5092.48,66596.62,92.9,Highly Profitable
C02010,70,Female,South,Retired,958000,Affluent,Salary,3,Personal Loan,801582,835500,642600,No,90264.75,6761.43,13227.97,758.76,1592.08,1125.01,1098.39,3144.26,111012.92,6959.74,104053.17,93.73,Highly Profitable
C02011,32,Female,North,Salaried,1143000,Affluent,Savings,3,Education Loan,656593,513300,501700,Yes,44213.14,7910.46,11660.73,814.04,2976.56,481.16,426.67,2070.38,64598.37,5954.77,58643.6,90.78,Highly Profitable
C02012,28,Male,South,Retired,737000,Mass,Savings,5,No Loan,0,833300,585600,No,4376.95,11480.81,0.0,2047.28,3885.5,791.3,1648.18,832.56,17905.03,7157.54,10747.49,60.02,Profitable
C02013,28,Female,South,Salaried,532000,Mass,Salary,4,No Loan,0,631600,334000,No,2462.36,6281.91,0.0,506.79,2646.28,553.2,679.69,1484.24,9251.06,5363.41,3887.65,42.02,Low Profitability
C02014,70,Male,North,Self-Employed,387000,Mass,Savings,4,No Loan,0,364400,369000,Yes,816.44,10297.61,0.0,1268.23,4151.13,661.13,619.7,1301.71,12382.29,6733.66,5648.63,45.62,Low Profitability
C02015,48,Male,North,Self-Employed,368000,Mass,Savings,3,No Loan,0,281500,280300,No,861.49,3756.53,0.0,1601.58,1951.97,1961.7,913.08,1577.21,6219.6,6403.96,-184.36,-2.96,Low Profitability
C02016,40,Female,North,Self-Employed,329000,Mass,Current,2,Personal Loan,383327,520100,248400,No,45246.45,4550.49,4724.05,1338.99,1291.71,626.85,784.83,1594.38,55859.98,4297.77,51562.21,92.31,Highly Profitable
C02017,67,Male,North,Self-Employed,1046000,Affluent,Salary,1,Education Loan,681620,1373300,1211900,No,51269.96,1304.36,14757.2,1428.03,1066.55,1679.49,420.66,2302.0,68759.55,5468.69,63290.86,92.05,Highly Profitable
C02018,27,Male,South,Salaried,559000,Mass,Current,1,Home Loan,3863711,412400,135100,No,174699.48,1379.02,92675.17,2113.71,1003.11,873.98,239.4,8170.74,270867.38,10287.24,260580.14,96.2,Highly Profitable
C02019,31,Female,North,Retired,470000,Mass,Salary,1,Home Loan,3363561,530400,171400,Yes,154200.43,3175.52,58984.17,890.56,2493.82,2012.53,713.67,7651.94,217250.68,12871.96,204378.72,94.08,Highly Profitable
C02020,40,Male,East,Retired,230000,Mass,Savings,5,No Loan,0,123200,84400,Yes,341.15,11595.34,0.0,930.05,3434.8,1482.08,1351.73,1318.65,12866.54,7587.25,5279.28,41.03,Low Profitability
C02021,36,Female,West,Retired,424000,Mass,Salary,1,Personal Loan,589680,71600,20100,No,65102.73,889.42,11853.12,498.06,1287.8,1582.08,502.48,2194.7,78343.34,5567.07,72776.27,92.89,Highly Profitable
C02022,24,Male,West,Retired,598000,Mass,Savings,1,No Loan,0,947000,585900,Yes,2342.46,1654.67,0.0,1900.74,1467.9,1298.05,476.0,1318.04,5897.87,4559.99,1337.88,22.68,Low Profitability
C02023,26,Female,North,Professional,301000,Mass,Savings,3,Personal Loan,623085,451900,416700,No,69462.27,3673.53,14986.4,597.51,2496.31,2061.49,1051.65,1548.81,88719.71,7158.26,81561.45,91.93,Highly Profitable
C02024,42,Male,West,Retired,3023000,Premium,Savings,3,Home Loan,1330446,3642800,3664800,No,74499.72,7499.32,31243.1,1347.44,1564.84,599.8,1274.67,3804.12,114589.58,7243.43,107346.14,93.68,Highly Profitable
C02025,46,Female,North,Professional,335000,Mass,Current,5,Personal Loan,876496,498700,232700,Yes,97982.45,13078.53,15406.74,2149.98,4616.67,844.07,1778.93,3039.59,128617.69,10279.26,118338.44,92.01,Highly Profitable
C02026,23,Male,West,Salaried,1319000,Affluent,Current,1,Personal Loan,584339,1897200,598400,No,70804.92,2015.58,13794.79,335.56,1238.28,2018.65,333.44,1375.01,86950.85,4965.37,81985.48,94.29,Highly Profitable
C02027,61,Male,North,Professional,655000,Mass,Savings,5,Auto Loan,735626,1028000,808100,Yes,57922.86,13868.59,9236.86,504.45,4635.35,2179.09,941.61,1296.6,81532.76,9052.64,72480.12,88.9,Highly Profitable
C02028,62,Female,West,Retired,513000,Mass,Savings,2,No Loan,0,831900,395200,Yes,4347.35,4568.98,0.0,540.38,2734.75,1763.6,1750.01,1068.02,9456.71,7316.38,2140.33,22.63,Low Profitability
C02029,34,Male,South,Business Owner,610000,Mass,Savings,5,Personal Loan,308007,915600,247100,No,36347.34,9878.98,4959.58,422.51,2568.13,703.79,1229.14,1512.83,51608.4,6013.89,45594.52,88.35,Highly Profitable
C02030,31,Male,North,Self-Employed,705000,Mass,Salary,3,Education Loan,263301,1096500,396400,No,21576.44,6980.71,2244.66,2367.72,2047.99,2025.8,1240.95,2129.94,33169.53,7444.68,25724.85,77.56,Profitable
C02031,38,Male,West,Salaried,793000,Mass,Savings,3,Education Loan,123836,775400,812300,Yes,11055.98,5381.04,1153.34,1875.89,3551.27,618.84,1638.38,998.27,19466.24,6806.75,12659.49,65.03,Profitable
C02032,32,Female,South,Professional,408000,Mass,Savings,2,No Loan,0,537800,534500,Yes,3054.12,3959.06,0.0,1191.93,1833.37,1962.35,743.8,1761.11,8205.1,6300.63,1904.47,23.21,Low Profitability
C02033,43,Male,West,Retired,952000,Affluent,Current,3,Personal Loan,461853,666300,636400,No,54768.94,6046.23,9222.43,814.34,2162.34,1027.82,1076.98,1420.4,70851.94,5687.54,65164.4,91.97,Highly Profitable
C02034,32,Female,South,Salaried,600000,Mass,Salary,3,No Loan,0,942500,507600,Yes,5299.7,5310.1,0.0,376.46,2607.42,391.17,949.21,1675.35,10986.26,5623.15,5363.1,48.82,Low Profitability
C02035,33,Male,East,Salaried,337000,Mass,Salary,1,No Loan,0,528000,452700,Yes,2605.21,3065.84,0.0,156.82,1719.74,1462.42,747.16,1328.75,5827.87,5258.07,569.8,9.78,Low Profitability
C02036,45,Male,West,Salaried,553000,Mass,Salary,1,Personal Loan,378842,143300,152400,No,42206.1,2198.26,8233.23,1659.85,1155.31,1001.83,1612.72,1689.8,54297.43,5459.66,48837.77,89.94,Highly Profitable
C02037,65,Female,East,Self-Employed,1528000,Affluent,Current,5,Personal Loan,593632,1104100,808700,No,68084.29,10612.28,6776.99,1312.16,2721.18,336.55,869.8,2694.95,86785.72,6622.48,80163.24,92.37,Highly Profitable
C02038,39,Female,South,Salaried,790000,Mass,Salary,3,Home Loan,1079127,342000,182300,No,50434.73,4821.35,24971.0,1521.84,2250.53,586.42,425.98,3201.75,81748.91,6464.68,75284.23,92.09,Highly Profitable
C02039,66,Female,East,Business Owner,702000,Mass,Savings,5,No Loan,0,262600,244100,Yes,1277.55,5538.58,0.0,501.94,3233.09,1166.28,448.32,1045.88,7318.06,5893.57,1424.49,19.47,Low Profitability
C02040,56,Female,South,Retired,562000,Mass,Savings,3,Education Loan,675379,469000,288800,Yes,45084.89,5480.32,12215.41,1512.96,3385.53,1539.33,383.36,1243.65,64293.58,6551.87,57741.7,89.81,Highly Profitable
C02041,65,Male,West,Business Owner,587000,Mass,Salary,2,Personal Loan,524851,694000,514100,No,59366.0,3216.8,5537.48,590.62,1905.14,362.4,1392.32,1867.89,68710.9,5527.75,63183.15,91.96,Highly Profitable
C02042,28,Male,East,Salaried,790000,Mass,Savings,1,Home Loan,2891064,566500,402200,No,132758.84,2105.9,26158.39,198.47,1383.34,1289.48,1737.64,4740.7,161221.6,9151.15,152070.45,94.32,Highly Profitable
C02043,49,Male,West,Retired,605000,Mass,Salary,5,Personal Loan,522532,399400,173700,No,59724.62,12370.06,7402.48,2193.17,3851.69,389.43,586.82,2457.7,81690.33,7285.64,74404.69,91.08,Highly Profitable
C02044,52,Female,West,Self-Employed,899000,Mass,Savings,3,Education Loan,215010,275000,68900,Yes,14760.88,7705.46,2066.65,2085.65,2808.83,2014.56,279.48,692.88,26618.64,5795.74,20822.9,78.23,Profitable
C02045,64,Female,West,Salaried,836000,Mass,Savings,2,Education Loan,389093,653600,718300,No,27675.36,1781.43,3772.76,1513.21,1686.57,1643.32,402.56,1538.4,34742.75,5270.84,29471.91,84.83,Profitable
C02046,38,Male,West,Self-Employed,363000,Mass,Savings,3,Personal Loan,285757,336500,203300,No,33404.4,3527.77,6895.74,2295.57,1893.72,459.47,1381.14,1349.07,46123.48,5083.39,41040.09,88.98,Highly Profitable
C02047,26,Male,North,Business Owner,936000,Affluent,Savings,1,Home Loan,3565846,756200,371500,Yes,164836.89,1883.59,32648.78,1953.38,1644.46,1264.53,1475.63,5320.15,201322.64,9704.78,191617.87,95.18,Highly Profitable
C02048,38,Male,South,Professional,414000,Mass,Savings,4,Personal Loan,476481,526700,474600,No,54938.33,7514.17,7371.14,758.81,2813.27,1696.71,757.52,1583.24,70582.45,6850.74,63731.71,90.29,Highly Profitable
C02049,39,Female,East,Retired,405000,Mass,Savings,1,No Loan,0,253300,190900,Yes,986.92,1697.06,0.0,2295.26,2061.69,847.13,213.49,565.86,4979.23,3688.17,1291.06,25.93,Low Profitability
C02050,42,Male,West,Salaried,690000,Mass,Salary,2,No Loan,0,918700,917200,No,3207.69,3322.3,0.0,1031.5,1850.99,656.79,1587.68,998.64,7561.49,5094.11,2467.38,32.63,Low Profitability
C02051,57,Male,East,Salaried,807000,Mass,Salary,1,Personal Loan,747003,1296500,1184900,No,86791.3,2492.72,12297.81,2460.03,1060.25,1583.83,345.42,2941.01,104041.86,5930.52,98111.34,94.3,Highly Profitable
C02052,52,Male,East,Salaried,982000,Affluent,Savings,1,Home Loan,3892545,1105300,541000,No,179607.31,2106.75,54964.32,1774.39,1001.91,1779.89,445.09,5953.33,238452.77,9180.22,229272.55,96.15,Highly Profitable
C02053,61,Female,West,Business Owner,214000,Mass,Savings,3,No Loan,0,169300,127600,Yes,804.3,8185.6,0.0,600.03,2582.69,1061.53,594.83,626.18,9589.93,4865.23,4724.7,49.27,Low Profitability
C02054,23,Female,North,Professional,1080000,Affluent,Savings,3,Personal Loan,884282,482200,326600,Yes,99220.84,7572.54,16241.3,1049.37,2600.9,756.56,1217.01,2983.11,124084.06,7557.58,116526.47,93.91,Highly Profitable
C02055,48,Female,South,Salaried,878000,Mass,Savings,4,Personal Loan,303382,1482500,1574100,Yes,37699.26,8796.39,4020.08,1696.8,3342.25,2089.67,759.18,1719.94,52212.54,7911.04,44301.49,84.85,Highly Profitable
C02056,30,Male,South,Salaried,470000,Mass,Savings,3,Personal Loan,918941,653600,296500,Yes,104359.62,5740.4,17219.4,1992.15,3233.99,1318.9,272.8,2591.08,129311.58,7416.77,121894.81,94.26,Highly Profitable
C02057,55,Male,South,Retired,615000,Mass,Savings,2,Auto Loan,352477,342300,168200,Yes,27740.49,5464.45,2838.31,1483.48,2614.16,1231.43,1415.83,1379.47,37526.73,6640.89,30885.84,82.3,Highly Profitable
C02058,49,Female,South,Retired,781000,Mass,Savings,3,No Loan,0,311300,321400,Yes,1336.24,7372.24,0.0,1876.85,3497.57,1688.39,1085.92,1411.28,10585.34,7683.16,2902.18,27.42,Low Profitability
C02059,35,Female,North,Salaried,180000,Mass,Salary,5,Home Loan,3864848,41600,26600,No,174130.49,5945.68,82279.93,1255.89,1993.11,2002.6,1528.35,4301.29,263612.0,9825.34,253786.65,96.27,Highly Profitable
C02060,53,Male,West,Professional,352000,Mass,Savings,2,Home Loan,2689895,163500,104400,Yes,121623.42,5703.93,21833.92,784.45,2305.5,880.89,305.3,3451.72,149945.73,6943.41,143002.31,95.37,Highly Profitable
C02061,27,Male,North,Business Owner,1326000,Affluent,Savings,2,No Loan,0,1801300,1779600,Yes,10302.31,5545.9,0.0,1791.42,2526.18,1844.49,1722.24,525.36,17639.63,6618.27,11021.36,62.48,Profitable
C02062,32,Male,West,Salaried,503000,Mass,Savings,3,Home Loan,2991231,597900,299900,Yes,137021.11,5793.59,51885.47,2079.17,2143.36,2073.48,364.61,6741.37,196779.35,11322.81,185456.54,94.25,Highly Profitable
C02063,69,Male,South,Salaried,668000,Mass,Current,2,Personal Loan,125829,1166500,982600,Yes,19457.87,4977.42,1611.73,862.68,1948.98,2127.38,1092.74,1209.53,26909.7,6378.63,20531.07,76.3,Profitable
C02064,50,Female,South,Salaried,657000,Mass,Current,2,Personal Loan,947073,447600,386400,No,106425.21,3916.65,10763.97,1126.12,1854.59,1606.75,1032.17,1950.24,122231.96,6443.75,115788.2,94.73,Highly Profitable
C02065,41,Male,North,Salaried,1037000,Affluent,Current,4,Personal Loan,591715,1501500,940000,Yes,70279.28,7848.69,14364.78,910.76,3979.17,1764.63,1627.42,2765.87,93403.5,10137.1,83266.41,89.15,Highly Profitable
C02066,51,Male,East,Business Owner,560000,Mass,Current,4,Education Loan,114676,195300,104300,No,8046.18,4429.79,1856.29,449.31,2766.64,1900.76,1099.07,713.43,14781.57,6479.9,8301.67,56.16,Low Profitability
C02067,44,Male,North,Salaried,586000,Mass,Savings,3,Education Loan,383322,631900,559000,Yes,28513.61,7096.55,6050.79,1939.84,2766.2,1805.5,645.86,1837.15,43600.79,7054.71,36546.07,83.82,Highly Profitable
C02068,40,Male,South,Salaried,777000,Mass,Savings,4,Auto Loan,293426,715000,334300,Yes,24333.53,10527.21,6570.49,1324.27,3246.16,655.61,475.0,1122.49,42755.51,5499.27,37256.23,87.14,Highly Profitable
C02069,57,Male,South,Self-Employed,1115000,Affluent,Current,2,Auto Loan,334791,1709300,1617700,No,29276.79,4960.35,4856.52,488.82,1921.1,304.31,615.46,1030.84,39582.49,3871.71,35710.77,90.22,Highly Profitable
C02070,24,Male,East,Salaried,1327000,Affluent,Salary,3,No Loan,0,1735200,1048000,No,6911.34,5529.44,0.0,931.06,2587.8,1390.23,632.52,793.84,13371.84,5404.4,7967.45,59.58,Low Profitability
C02071,48,Male,South,Business Owner,587000,Mass,Savings,3,Personal Loan,267393,276300,73400,No,30877.27,6236.15,4718.98,1877.79,1907.68,1487.29,538.53,1112.63,43710.19,5046.13,38664.06,88.46,Highly Profitable
C02072,64,Female,West,Salaried,534000,Mass,Savings,3,Auto Loan,563951,947000,695000,No,45258.64,7060.85,6532.48,1008.4,2012.14,729.08,574.34,1081.53,59860.37,4397.09,55463.28,92.65,Highly Profitable
C02073,40,Male,East,Self-Employed,646000,Mass,Current,1,Home Loan,4440788,974300,404600,No,203708.34,1843.43,62006.0,272.24,1313.92,656.04,1571.28,6635.83,267830.0,10177.07,257652.94,96.2,Highly Profitable
C02074,44,Male,South,Retired,1459000,Affluent,Savings,4,Personal Loan,596450,1072600,693500,No,69305.86,8398.74,5004.9,353.08,2079.23,1311.32,1592.99,1976.27,83062.59,6959.81,76102.78,91.62,Highly Profitable
C02075,70,Female,West,Salaried,1074000,Affluent,Savings,4,Home Loan,841993,1624900,1522700,No,41299.76,6314.82,13033.05,2495.47,3396.86,1997.04,1049.58,2712.78,63143.1,9156.26,53986.83,85.5,Highly Profitable
C02076,69,Female,South,Business Owner,538000,Mass,Savings,3,No Loan,0,930100,382700,Yes,2372.03,5045.37,0.0,1127.11,3660.68,656.83,1663.84,634.9,8544.51,6616.25,1928.25,22.57,Low Profitability
C02077,52,Female,East,Salaried,288000,Mass,Savings,1,Personal Loan,517765,466300,199100,No,59373.34,1638.17,9704.6,1626.69,1148.39,1962.53,1007.63,1584.76,72342.8,5703.31,66639.49,92.12,Highly Profitable
C02078,61,Male,North,Professional,1287000,Affluent,Savings,1,Personal Loan,919604,1374200,897000,No,109041.71,951.23,16391.59,1586.37,1181.17,1939.69,1159.74,2677.42,127970.9,6958.02,121012.88,94.56,Highly Profitable
C02079,56,Male,North,Professional,1369000,Affluent,Savings,2,Personal Loan,455003,1509000,988400,Yes,53094.22,6338.53,10366.9,498.65,2149.5,775.64,1790.4,1567.72,70298.29,6283.27,64015.02,91.06,Highly Profitable
C02080,54,Male,South,Salaried,380000,Mass,Salary,1,Home Loan,3019344,123800,78700,No,136544.54,1327.73,30427.12,1057.59,1053.07,1815.65,797.17,7064.66,169356.98,10730.56,158626.42,93.66,Highly Profitable
C02081,56,Male,South,Business Owner,548000,Mass,Savings,4,Education Loan,481537,231100,194200,Yes,32431.25,8534.4,10371.83,1814.61,2768.18,2121.48,1204.12,2097.22,53152.1,8191.01,44961.09,84.59,Highly Profitable
C02082,22,Male,North,Salaried,1134000,Affluent,Current,3,No Loan,0,2008700,961600,No,9520.19,5732.23,0.0,1119.4,1858.73,599.69,1294.45,1218.86,16371.82,4971.74,11400.08,69.63,Profitable
C02083,35,Female,West,Retired,865000,Mass,Current,3,Home Loan,2042923,1228400,579100,Yes,96501.34,6262.75,34731.56,1514.26,2466.42,1337.35,1152.82,2361.06,139009.91,7317.64,131692.27,94.74,Highly Profitable
C02084,54,Male,West,Salaried,234000,Mass,Savings,4,Home Loan,1905616,44900,12100,No,85902.07,5122.91,27721.71,990.12,3308.8,1832.62,704.37,4990.95,119736.81,10836.74,108900.07,90.95,Highly Profitable
C02085,56,Male,South,Professional,376000,Mass,Savings,1,Home Loan,1288176,396100,227500,Yes,59410.73,4675.06,11081.97,736.19,1643.74,930.48,1674.6,1731.33,75903.96,5980.15,69923.81,92.12,Highly Profitable
C02086,26,Male,South,Salaried,964000,Affluent,Current,3,Personal Loan,580198,693800,288900,Yes,66878.57,9135.61,10737.35,144.96,2761.73,444.62,1633.76,1496.17,86896.48,6336.28,80560.21,92.71,Highly Profitable
C02087,59,Male,West,Business Owner,803000,Mass,Savings,1,Education Loan,617312,533200,401400,Yes,43210.9,1511.97,10912.96,1118.28,1853.22,533.29,1722.5,1566.15,56754.11,5675.16,51078.95,90.0,Highly Profitable
C02088,62,Female,North,Retired,1010000,Affluent,Savings,1,Personal Loan,523353,1079100,436000,No,60620.41,1424.56,6720.02,1051.67,1122.95,933.42,808.12,1826.12,69816.66,4690.61,65126.06,93.28,Highly Profitable
C02089,32,Male,West,Professional,1075000,Affluent,Savings,1,No Loan,0,729100,736600,No,4297.83,1130.3,0.0,1205.22,1142.48,380.88,1621.09,869.49,6633.35,4013.94,2619.41,39.49,Low Profitability
C02090,23,Female,South,Salaried,800000,Mass,Savings,5,Home Loan,2456132,452100,439300,Yes,111851.26,10540.66,34581.13,115.66,4113.64,386.54,1211.08,3669.26,157088.72,9380.52,147708.2,94.03,Highly Profitable
C02091,65,Female,West,Self-Employed,882000,Mass,Salary,2,No Loan,0,1497100,1348000,Yes,8059.01,3870.95,0.0,1341.67,2429.0,2152.01,1793.84,609.35,13271.62,6984.2,6287.42,47.37,Low Profitability
C02092,38,Male,West,Salaried,512000,Mass,Current,1,No Loan,0,110500,103600,Yes,512.73,3268.88,0.0,383.48,2121.7,533.96,854.59,1543.23,4165.1,5053.48,-888.38,-21.33,Low Profitability
C02093,60,Male,West,Self-Employed,745000,Mass,Savings,3,No Loan,0,647900,690400,No,3226.65,5056.58,0.0,1290.94,2597.57,610.35,208.23,1010.28,9574.17,4426.43,5147.74,53.77,Low Profitability
C02094,41,Female,South,Salaried,832000,Mass,Salary,2,Personal Loan,978239,826600,431400,Yes,112009.03,3340.33,10324.45,920.98,2240.62,1422.66,1007.16,2444.81,126594.79,7115.25,119479.54,94.38,Highly Profitable
C02095,35,Female,North,Salaried,1789000,Affluent,Savings,1,No Loan,0,1567000,1696900,Yes,3207.7,4533.25,0.0,205.05,1871.49,1848.24,1062.14,1244.94,7946.0,6026.81,1919.19,24.15,Low Profitability
C02096,53,Male,West,Self-Employed,445000,Mass,Current,4,No Loan,0,549300,553100,Yes,2689.78,6698.33,0.0,497.42,3913.71,603.35,941.79,983.86,9885.53,6442.71,3442.82,34.83,Low Profitability
C02097,55,Female,East,Salaried,1042000,Affluent,Salary,1,Auto Loan,644113,200400,111700,No,49507.42,2354.31,14978.02,719.25,1258.01,381.76,849.4,1509.57,67558.99,3998.73,63560.26,94.08,Highly Profitable
C02098,46,Male,West,Self-Employed,657000,Mass,Salary,5,Personal Loan,190864,1057900,1041500,No,25203.83,4255.77,3515.92,660.03,3503.56,717.52,551.86,1200.33,33635.54,5973.27,27662.28,82.24,Profitable
C02099,28,Female,North,Salaried,1054000,Affluent,Savings,3,Personal Loan,231787,1028000,1041100,Yes,29780.79,8132.28,4097.04,1548.46,3192.85,1257.47,1369.01,1897.07,43558.57,7716.41,35842.17,82.28,Highly Profitable
C02100,56,Male,East,Salaried,655000,Mass,Current,1,Auto Loan,896195,696600,195500,Yes,68903.14,3522.83,12261.29,205.94,1629.9,2183.77,1051.34,2861.4,84893.2,7726.41,77166.79,90.9,Highly Profitable
C02101,68,Male,North,Business Owner,1338000,Affluent,Savings,2,Personal Loan,508379,1222400,1215800,Yes,60032.71,5603.42,12461.03,1165.11,2278.21,1474.35,366.94,2058.76,79262.27,6178.26,73084.01,92.21,Highly Profitable
C02102,50,Female,North,Salaried,465000,Mass,Savings,3,Home Loan,1345427,410800,254000,No,62372.29,3072.54,33253.24,2059.43,1677.08,721.39,360.92,2527.3,100757.49,5286.69,95470.8,94.75,Highly Profitable
C02103,43,Male,West,Salaried,757000,Mass,Savings,2,No Loan,0,346700,325800,Yes,859.78,5033.26,0.0,785.15,2672.21,321.0,1443.57,884.11,6678.19,5320.89,1357.3,20.32,Low Profitability
C02104,62,Male,South,Salaried,891000,Mass,Salary,3,Personal Loan,138036,875200,301500,No,18101.38,6277.57,2957.06,1551.55,2215.02,615.51,1137.23,1484.61,28887.56,5452.37,23435.19,81.13,Profitable
C02105,64,Male,North,Self-Employed,481000,Mass,Savings,4,Home Loan,1236718,406600,161200,No,57031.34,6692.2,15568.93,2313.68,3481.11,1546.75,1008.29,2035.62,81606.16,8071.76,73534.39,90.11,Highly Profitable
C02106,34,Female,South,Business Owner,828000,Mass,Savings,4,No Loan,0,763700,826300,No,4010.6,8781.38,0.0,1992.47,2921.55,905.48,553.83,692.82,14784.45,5073.68,9710.77,65.68,Low Profitability
C02107,34,Female,West,Salaried,1218000,Affluent,Savings,3,Home Loan,3412303,210500,127100,Yes,154427.34,7955.37,66214.96,2095.33,2457.45,1354.61,701.24,3515.69,230692.99,8028.99,222664.0,96.52,Highly Profitable
C02108,22,Female,North,Salaried,675000,Mass,Savings,4,Personal Loan,322835,247000,229400,Yes,36553.65,10312.58,7985.3,1151.11,3184.5,1413.07,1504.62,2059.81,56002.64,8162.0,47840.64,85.43,Highly Profitable
C02109,57,Female,South,Professional,1058000,Affluent,Savings,2,Personal Loan,491609,1491000,1323600,Yes,58742.56,6278.56,6341.69,300.8,2813.09,602.14,646.51,1992.96,71663.62,6054.7,65608.93,91.55,Highly Profitable
C02110,25,Female,East,Retired,483000,Mass,Salary,1,Home Loan,4984454,406500,373200,No,225623.06,1765.42,99693.57,1268.12,1391.61,1076.28,482.36,8282.97,328350.17,11233.22,317116.95,96.58,Highly Profitable
C02111,58,Male,West,Salaried,383000,Mass,Savings,4,No Loan,0,526900,474200,No,2004.75,6349.5,0.0,274.93,2102.14,1352.02,1254.48,1330.5,8629.18,6039.13,2590.05,30.02,Low Profitability
C02112,65,Male,South,Self-Employed,1026000,Affluent,Savings,2,Home Loan,2602052,443600,455500,No,119429.04,4439.08,22414.12,1293.49,1644.64,1947.72,1431.87,4621.17,147575.74,9645.39,137930.35,93.46,Highly Profitable
C02113,61,Female,West,Salaried,515000,Mass,Current,3,Personal Loan,771393,670600,505400,Yes,87044.59,4869.83,9908.78,1293.1,2732.71,1819.05,479.79,1687.23,103116.31,6718.78,96397.53,93.48,Highly Profitable
C02114,67,Male,North,Salaried,278000,Mass,Salary,4,No Loan,0,174300,106600,Yes,572.75,9983.14,0.0,2061.18,2889.17,1579.71,603.92,986.8,12617.06,6059.6,6557.46,51.97,Low Profitability
C02115,34,Male,West,Salaried,461000,Mass,Salary,2,Home Loan,1201202,605500,627600,No,56643.32,4447.0,28741.82,1411.5,1531.31,1776.65,251.26,3521.63,91243.64,7080.86,84162.78,92.24,Highly Profitable
C02116,59,Male,South,Business Owner,1469000,Affluent,Current,1,Auto Loan,594461,430700,238400,No,46892.75,2053.22,5019.75,341.65,1142.69,2121.05,247.02,1649.98,54307.36,5160.75,49146.61,90.5,Highly Profitable
C02117,45,Male,North,Salaried,1254000,Affluent,Savings,3,No Loan,0,878400,690500,No,3527.25,5949.01,0.0,1196.76,2350.18,1749.64,287.72,868.97,10673.03,5256.51,5416.52,50.75,Low Profitability
C02118,40,Female,West,Retired,378000,Mass,Salary,4,Auto Loan,630626,131100,128100,Yes,47626.48,5700.17,9009.74,1857.49,3558.65,687.57,291.95,2642.23,64193.88,7180.4,57013.48,88.81,Highly Profitable
C02119,22,Male,West,Self-Employed,313000,Mass,Savings,1,No Loan,0,372100,382700,Yes,2106.59,3106.71,0.0,350.45,2130.43,938.56,1444.92,501.74,5563.76,5015.65,548.1,9.85,Low Profitability
C02120,59,Female,West,Salaried,559000,Mass,Current,3,Auto Loan,672458,446000,471400,Yes,52166.77,5337.71,15989.94,1276.11,3703.32,999.03,1140.61,2945.51,74770.52,8788.46,65982.06,88.25,Highly Profitable
C02121,26,Male,East,Professional,1241000,Affluent,Salary,3,No Loan,0,338200,274300,No,1723.2,4337.1,0.0,1311.61,1966.61,1131.36,632.07,1394.63,7371.91,5124.66,2247.25,30.48,Low Profitability
C02122,37,Male,East,Salaried,629000,Mass,Salary,2,No Loan,0,640600,552300,No,1392.22,4960.47,0.0,2334.54,1651.02,1503.79,382.52,992.85,8687.22,4530.17,4157.06,47.85,Low Profitability
C02123,45,Male,South,Self-Employed,631000,Mass,Salary,1,No Loan,0,120600,81200,Yes,644.59,3705.1,0.0,1965.24,2166.66,1098.24,1723.27,537.05,6314.93,5525.21,789.71,12.51,Low Profitability
C02124,48,Female,West,Salaried,499000,Mass,Savings,2,Auto Loan,415152,748700,368500,No,32808.51,4840.65,4836.8,686.66,1943.59,1183.86,796.09,1344.27,43172.62,5267.82,37904.8,87.8,Highly Profitable
C02125,22,Female,North,Salaried,603000,Mass,Savings,3,Personal Loan,951340,1024100,270100,No,110659.21,4364.48,10782.39,2038.65,1747.71,1426.96,221.98,1362.95,127844.72,4759.6,123085.12,96.28,Highly Profitable
C02126,55,Female,South,Salaried,1116000,Affluent,Salary,3,Personal Loan,182005,1659100,727900,No,29248.03,2900.74,1610.69,1128.94,2338.28,1839.88,225.61,1532.41,34888.41,5936.18,28952.23,82.99,Profitable
C02127,57,Female,East,Salaried,734000,Mass,Savings,5,Auto Loan,172908,1262500,1367200,Yes,16839.38,9738.56,2106.84,1296.79,4406.91,1152.1,540.55,849.55,29981.56,6949.11,23032.45,76.82,Profitable
C02128,25,Male,North,Salaried,626000,Mass,Savings,2,No Loan,0,1020500,954600,No,2953.47,4001.18,0.0,988.24,1866.15,1498.08,1489.33,1646.15,7942.89,6499.71,1443.19,18.17,Low Profitability
C02129,21,Female,South,Salaried,1001000,Affluent,Current,5,No Loan,0,1628300,1070100,No,8358.79,9176.95,0.0,317.78,3520.27,1183.63,1465.89,1614.94,17853.52,7784.73,10068.79,56.4,Profitable
C02130,60,Female,East,Retired,728000,Mass,Savings,3,Home Loan,1525513,404000,219000,Yes,69701.14,8351.86,37162.61,2476.12,3810.85,2195.38,237.78,1962.38,117691.73,8206.39,109485.34,93.03,Highly Profitable
C02131,32,Female,East,Salaried,1181000,Affluent,Current,1,Personal Loan,671935,627600,191200,No,77347.81,1452.32,7148.68,307.65,1285.54,2092.67,521.57,1090.3,86256.46,4990.09,81266.37,94.21,Highly Profitable
C02132,56,Male,West,Salaried,482000,Mass,Salary,1,No Loan,0,716000,185200,Yes,1523.4,2143.04,0.0,300.32,2103.79,1327.51,1380.31,1058.25,3966.75,5869.85,-1903.1,-47.98,Low Profitability
C02133,65,Male,West,Retired,813000,Mass,Savings,3,Home Loan,2463875,781100,696600,No,114472.48,3654.25,58753.38,387.13,2623.66,1849.23,317.08,2896.06,177267.24,7686.02,169581.23,95.66,Highly Profitable
C02134,43,Female,North,Business Owner,1141000,Affluent,Savings,4,No Loan,0,1945200,2115900,Yes,5913.91,8724.65,0.0,764.48,3016.09,1940.17,865.1,1735.53,15403.05,7556.9,7846.14,50.94,Low Profitability
C02135,67,Female,North,Self-Employed,1645000,Affluent,Savings,4,No Loan,0,2682100,1249200,No,14403.74,9589.6,0.0,1408.18,3134.72,352.95,1736.87,1257.52,25401.51,6482.07,18919.44,74.48,Profitable
C02136,51,Male,West,Salaried,384000,Mass,Salary,3,No Loan,0,623500,301400,No,2187.39,4162.63,0.0,1958.51,2293.39,2048.22,1125.85,1456.91,8308.53,6924.37,1384.16,16.66,Low Profitability
C02137,31,Female,West,Business Owner,636000,Mass,Savings,1,No Loan,0,437600,457100,No,1632.58,995.43,0.0,1933.05,1222.51,1934.81,889.34,1189.8,4561.06,5236.46,-675.4,-14.81,Low Profitability
C02138,30,Female,South,Salaried,339000,Mass,Savings,1,Personal Loan,597269,125200,95400,Yes,66022.88,2403.0,8680.6,1304.75,2272.03,1855.89,1737.26,2674.18,78411.24,8539.36,69871.88,89.11,Highly Profitable
C02139,23,Male,North,Business Owner,411000,Mass,Current,1,No Loan,0,521400,207400,Yes,2348.91,3801.14,0.0,2129.79,2330.38,1378.51,1010.35,627.1,8279.84,5346.35,2933.49,35.43,Low Profitability
C02140,34,Female,West,Retired,707000,Mass,Savings,1,No Loan,0,620000,179100,Yes,2407.23,3226.8,0.0,150.61,1800.22,732.78,1162.91,1439.51,5784.65,5135.42,649.23,11.22,Low Profitability
C02141,36,Male,South,Self-Employed,230000,Mass,Savings,4,Home Loan,974508,388900,283500,Yes,44644.18,5664.72,9985.39,196.58,4465.3,1252.89,1019.8,3057.94,60490.87,9795.93,50694.94,83.81,Highly Profitable
C02142,30,Male,South,Salaried,882000,Mass,Current,4,Auto Loan,569248,1374900,872600,No,49462.81,8398.8,5420.08,1649.99,2999.09,1818.76,1400.54,1370.74,64931.69,7589.14,57342.55,88.31,Highly Profitable
C02143,49,Male,South,Business Owner,951000,Affluent,Salary,2,Auto Loan,723846,1600100,987700,No,58308.35,2081.58,16458.6,1215.67,1722.55,1158.16,731.72,1104.84,78064.21,4717.28,73346.93,93.96,Highly Profitable
C02144,30,Male,West,Self-Employed,671000,Mass,Savings,4,Home Loan,2745205,729400,783300,Yes,126528.09,9928.02,42951.19,1311.25,3901.39,2175.96,443.33,6465.01,180718.55,12985.69,167732.86,92.81,Highly Profitable
C02145,32,Female,South,Self-Employed,441000,Mass,Savings,2,Personal Loan,163348,449100,212600,No,19834.88,3215.69,1776.92,623.45,1509.47,730.67,955.04,1015.72,25450.95,4210.9,21240.05,83.45,Profitable
C02146,50,Male,North,Self-Employed,612000,Mass,Savings,2,Personal Loan,416126,947200,629700,No,48802.57,4655.81,9685.76,2109.38,2099.55,2030.48,1372.31,1810.7,65253.51,7313.04,57940.48,88.79,Highly Profitable
C02147,61,Male,West,Business Owner,2242000,Premium,Current,2,Education Loan,463792,2229900,961900,No,36645.62,1853.29,9390.06,1307.62,1622.38,913.3,946.65,2297.3,49196.58,5779.62,43416.96,88.25,Highly Profitable
C02148,21,Male,South,Self-Employed,526000,Mass,Savings,1,Auto Loan,645707,860000,450200,Yes,51219.07,2166.32,6965.13,605.97,1679.18,1893.41,523.74,2214.07,60956.49,6310.41,54646.08,89.65,Highly Profitable
C02149,25,Male,North,Retired,454000,Mass,Salary,2,Home Loan,4448672,93900,84600,Yes,200527.53,5344.51,81440.39,432.15,1964.13,1125.55,439.54,6689.53,287744.59,10218.76,277525.83,96.45,Highly Profitable
C02150,40,Male,West,Professional,196000,Mass,Savings,2,Personal Loan,596132,145400,60700,Yes,66408.69,5598.65,9524.9,2488.85,2376.39,1881.97,1753.63,1210.77,84021.09,7222.75,76798.34,91.4,Highly Profitable
C02151,28,Female,North,Salaried,1243000,Affluent,Savings,2,Home Loan,2476390,1898700,1566400,Yes,120317.38,3524.96,30599.1,1845.81,3206.18,1419.53,1674.54,5391.93,156287.25,11692.18,144595.07,92.52,Highly Profitable
C02152,63,Male,West,Business Owner,354000,Mass,Savings,2,No Loan,0,175700,63300,No,1029.9,4627.68,0.0,1378.37,2072.85,2023.59,697.54,1443.57,7035.95,6237.55,798.4,11.35,Low Profitability
C02153,32,Female,West,Salaried,735000,Mass,Salary,3,Education Loan,673067,594100,244800,No,45139.48,6754.3,10421.41,1459.57,2729.71,1209.24,1741.46,1879.51,63774.76,7559.92,56214.84,88.15,Highly Profitable
C02154,21,Female,South,Professional,2230000,Premium,Savings,2,Personal Loan,643611,371500,100200,No,71607.8,3428.47,11294.14,364.66,1490.5,2073.03,1191.47,1738.97,86695.07,6493.97,80201.09,92.51,Highly Profitable
C02155,40,Male,West,Salaried,858000,Mass,Savings,5,Personal Loan,297746,555800,436800,No,33993.55,5403.03,3865.21,1831.63,3343.15,542.07,692.99,1183.79,45093.42,5762.0,39331.41,87.22,Highly Profitable
C02156,48,Female,East,Self-Employed,852000,Mass,Savings,4,No Loan,0,575700,628500,Yes,3129.99,6797.09,0.0,2306.2,3010.56,1837.01,687.83,1381.99,12233.27,6917.39,5315.88,43.45,Low Profitability
C02157,63,Male,North,Professional,585000,Mass,Current,5,No Loan,0,794800,642200,Yes,4242.04,10982.13,0.0,2253.28,4094.47,719.51,1640.06,1321.19,17477.45,7775.23,9702.23,55.51,Low Profitability
C02158,57,Male,West,Salaried,832000,Mass,Savings,3,No Loan,0,1054600,1091300,Yes,3956.96,5508.57,0.0,1990.92,2801.97,736.96,792.87,1269.93,11456.45,5601.73,5854.72,51.1,Low Profitability
C02159,67,Male,West,Professional,730000,Mass,Current,3,No Loan,0,645500,450200,No,2415.42,6778.15,0.0,1666.51,2376.38,424.69,324.63,1737.61,10860.08,4863.31,5996.77,55.22,Low Profitability
C02160,57,Male,North,Business Owner,942000,Affluent,Savings,1,Personal Loan,671291,1273600,1054900,No,78566.78,2217.04,8148.59,741.31,1272.45,1690.43,1383.5,2432.1,89673.72,6778.49,82895.23,92.44,Highly Profitable
C02161,32,Male,South,Salaried,185000,Mass,Salary,4,No Loan,0,158500,164300,No,915.8,3358.48,0.0,927.3,3493.93,1523.26,435.51,908.22,5201.58,6360.92,-1159.35,-22.29,Low Profitability
C02162,57,Female,West,Self-Employed,862000,Mass,Salary,2,Education Loan,544269,747400,241600,Yes,37655.14,2500.25,7006.23,2096.32,2535.92,936.67,1305.72,1613.73,49257.94,6392.04,42865.9,87.02,Highly Profitable
C02163,69,Male,West,Retired,888000,Mass,Savings,1,Personal Loan,518152,1079100,817800,No,62255.69,1542.63,7310.17,1820.11,1209.83,2154.0,1308.06,2566.02,72928.6,7237.91,65690.69,90.08,Highly Profitable
C02164,69,Female,South,Salaried,2842000,Premium,Salary,1,No Loan,0,3816100,2820900,No,9309.95,2371.15,0.0,2476.94,1170.79,410.43,1112.68,770.8,14158.05,3464.7,10693.34,75.53,Profitable
C02165,64,Male,West,Business Owner,698000,Mass,Savings,3,Personal Loan,984949,1080100,300500,No,111634.49,6317.41,15843.14,304.4,1526.19,1762.74,1117.04,2353.78,134099.44,6759.75,127339.69,94.96,Highly Profitable
C02166,48,Female,East,Business Owner,791000,Mass,Salary,2,No Loan,0,1099300,420800,No,4829.7,4858.79,0.0,934.8,2050.62,801.44,760.38,780.08,10623.28,4392.52,6230.76,58.65,Low Profitability
C02167,67,Male,South,Retired,870000,Mass,Savings,5,Auto Loan,818124,1092700,786200,Yes,66156.88,7683.65,11384.37,2211.19,3559.15,427.32,857.46,1997.64,87436.1,6841.58,80594.52,92.18,Highly Profitable
C02168,35,Male,North,Business Owner,884000,Mass,Savings,2,Personal Loan,870689,951600,640400,Yes,99786.26,6429.35,13284.5,162.21,2192.84,1509.82,393.62,2092.03,119662.31,6188.3,113474.01,94.83,Highly Profitable
C02169,26,Male,West,Self-Employed,355000,Mass,Savings,4,No Loan,0,233700,126700,No,582.85,6814.25,0.0,906.31,2329.36,925.29,1087.39,1671.29,8303.41,6013.32,2290.08,27.58,Low Profitability
C02170,64,Male,West,Retired,1098000,Affluent,Savings,2,No Loan,0,637700,537600,No,3200.48,3677.45,0.0,2438.13,1406.76,1155.97,1506.4,1450.76,9316.05,5519.89,3796.16,40.75,Low Profitability
C02171,40,Male,South,Professional,423000,Mass,Savings,4,No Loan,0,652000,362600,Yes,3158.61,6550.31,0.0,1411.98,3160.16,1198.29,248.39,1278.17,11120.89,5885.01,5235.89,47.08,Low Profitability
C02172,70,Female,West,Business Owner,875000,Mass,Current,3,Personal Loan,657954,1166900,1054300,No,77887.1,4753.04,6180.14,839.83,2697.69,377.3,1334.17,2275.12,89660.1,6684.28,82975.82,92.54,Highly Profitable
C02173,34,Male,West,Salaried,436000,Mass,Savings,3,Personal Loan,653146,544100,510300,Yes,73215.71,8382.7,12574.37,2332.32,3851.3,1310.39,414.81,1576.37,96505.1,7152.87,89352.23,92.59,Highly Profitable
C02174,22,Female,North,Salaried,619000,Mass,Current,2,Personal Loan,536947,357200,285000,Yes,60094.14,4123.49,12075.76,932.93,2631.76,374.71,1477.94,1779.83,77226.31,6264.25,70962.06,91.89,Highly Profitable
C02175,29,Female,West,Business Owner,540000,Mass,Current,3,Home Loan,3179724,945100,460400,Yes,148420.81,5000.64,54027.81,420.35,3435.02,647.63,201.56,3311.57,207869.6,7595.79,200273.81,96.35,Highly Profitable
C02176,57,Female,North,Self-Employed,610000,Mass,Current,2,Home Loan,4029869,173300,161600,No,182025.26,4448.36,96327.62,1490.1,2010.96,1661.83,322.88,5214.54,284291.34,9210.2,275081.13,96.76,Highly Profitable
C02177,40,Male,South,Salaried,669000,Mass,Current,3,Personal Loan,934369,1025700,475900,No,106546.76,2570.31,21510.88,1814.38,2042.19,1674.85,1515.14,2390.23,132442.33,7622.41,124819.92,94.24,Highly Profitable
C02178,46,Male,North,Salaried,859000,Mass,Savings,3,Home Loan,2934187,427600,217000,Yes,134386.01,5293.67,67274.85,290.4,3305.39,305.33,631.08,3114.74,207244.92,7356.54,199888.38,96.45,Highly Profitable
C02179,49,Female,East,Self-Employed,664000,Mass,Savings,2,No Loan,0,529400,406300,Yes,1683.21,5091.13,0.0,1593.02,2393.59,1912.87,1629.99,1084.81,8367.36,7021.26,1346.1,16.09,Low Profitability
C02180,21,Female,South,Salaried,1132000,Affluent,Savings,2,Personal Loan,281212,969000,809800,No,36073.26,3872.91,5908.61,992.42,1218.71,316.52,1449.79,1097.82,46847.2,4082.84,42764.36,91.28,Highly Profitable
C02181,55,Male,West,Salaried,522000,Mass,Salary,1,No Loan,0,649100,367100,Yes,2444.5,3963.67,0.0,399.04,1599.65,2141.01,1226.08,556.28,6807.21,5523.01,1284.19,18.87,Low Profitability
C02182,26,Male,North,Salaried,887000,Mass,Savings,4,No Loan,0,933100,702300,No,4185.9,3728.76,0.0,1625.79,2641.77,1364.83,679.63,802.2,9540.46,5488.44,4052.02,42.47,Low Profitability
C02183,57,Male,North,Professional,443000,Mass,Current,4,Personal Loan,884795,202500,93300,No,98027.96,8482.61,12462.59,745.81,2548.81,999.54,1543.26,2119.58,119718.96,7211.19,112507.78,93.98,Highly Profitable
C02184,25,Female,South,Self-Employed,1866000,Premium,Salary,2,Home Loan,2558724,372300,344600,Yes,117251.83,5969.23,20832.8,507.31,2102.74,1453.47,510.01,4678.9,144561.17,8745.12,135816.05,93.95,Highly Profitable
C02185,53,Female,West,Salaried,889000,Mass,Salary,2,No Loan,0,1185400,1296000,Yes,2874.4,4791.77,0.0,324.98,2206.11,582.21,1626.99,708.53,7991.15,5123.84,2867.3,35.88,Low Profitability
C02186,69,Male,East,Salaried,477000,Mass,Savings,2,No Loan,0,468900,395600,No,1345.1,1609.86,0.0,1063.25,1577.46,1206.76,1410.27,1374.05,4018.22,5568.54,-1550.32,-38.58,Low Profitability
C02187,34,Female,South,Self-Employed,1817000,Premium,Savings,2,Education Loan,174335,1357200,707700,Yes,15146.11,2812.71,2609.83,1589.71,2818.42,1608.71,757.47,1331.65,22158.36,6516.24,15642.12,70.59,Profitable
C02188,32,Male,North,Professional,931000,Affluent,Salary,4,No Loan,0,576700,315100,Yes,1753.77,9864.87,0.0,2441.15,3202.44,1543.43,478.93,969.47,14059.79,6194.27,7865.53,55.94,Low Profitability
C02189,62,Male,South,Business Owner,478000,Mass,Salary,3,No Loan,0,720800,198900,No,2751.74,5856.65,0.0,911.29,2378.58,2024.45,906.9,580.18,9519.68,5890.1,3629.58,38.13,Low Profitability
C02190,40,Female,North,Salaried,651000,Mass,Current,4,No Loan,0,952200,761700,No,2349.41,4548.81,0.0,1569.99,2519.0,840.3,409.69,1041.98,8468.21,4810.97,3657.24,43.19,Low Profitability
C02191,70,Female,South,Self-Employed,374000,Mass,Current,4,Home Loan,3725777,565900,430100,Yes,168879.71,7696.04,64258.97,382.23,3468.7,433.99,976.42,7561.3,241216.96,12440.4,228776.55,94.84,Highly Profitable
C02192,44,Male,North,Professional,374000,Mass,Current,3,Personal Loan,679639,191300,203000,Yes,75575.95,5308.12,15092.34,2346.65,3281.6,1007.79,563.03,1557.72,98323.05,6410.14,91912.91,93.48,Highly Profitable
C02193,63,Female,West,Salaried,1361000,Affluent,Savings,3,No Loan,0,2117400,1253100,Yes,8487.53,7093.9,0.0,1877.55,3670.31,552.32,207.17,1682.53,17458.98,6112.33,11346.65,64.99,Profitable
C02194,54,Male,West,Self-Employed,427000,Mass,Salary,3,Home Loan,1290206,758400,791000,No,60609.49,6467.19,21682.93,1807.75,1719.14,1997.21,1050.55,1744.57,90567.37,6511.47,84055.9,92.81,Highly Profitable
C02195,45,Male,East,Salaried,335000,Mass,Current,3,Personal Loan,245725,381400,341800,Yes,28052.97,5847.22,2652.88,1414.46,3146.35,2164.52,679.87,2008.37,37967.53,7999.11,29968.42,78.93,Profitable
C02196,70,Male,North,Salaried,993000,Affluent,Savings,4,Personal Loan,295724,226200,111900,Yes,33088.23,9824.73,6070.53,1452.15,3221.65,1505.56,1177.78,1717.27,50435.64,7622.27,42813.37,84.89,Highly Profitable
C02197,49,Male,East,Salaried,1744000,Affluent,Savings,4,Education Loan,309658,2282400,602500,No,32809.0,6153.83,5435.41,1172.25,1770.4,1808.11,700.41,2199.38,45570.5,6478.29,39092.2,85.78,Highly Profitable
C02198,59,Male,West,Self-Employed,1323000,Affluent,Salary,1,No Loan,0,1373100,1191400,Yes,5132.61,3548.87,0.0,209.55,2277.98,1623.72,1295.08,638.0,8891.04,5834.79,3056.25,34.37,Low Profitability
C02199,51,Male,West,Salaried,2468000,Premium,Current,5,Auto Loan,884147,3269800,2197000,No,85308.36,7370.47,10464.44,269.2,2295.59,1341.13,1266.85,1831.72,103412.47,6735.3,96677.17,93.49,Highly Profitable
C02200,67,Female,West,Salaried,2652000,Premium,Savings,3,Auto Loan,576736,1221500,1304000,No,47287.56,2931.56,13607.62,560.55,1831.62,1873.68,240.01,2000.94,64387.29,5946.26,58441.03,90.76,Highly Profitable
C02201,63,Male,North,Salaried,427000,Mass,Savings,1,Personal Loan,599900,490900,131900,Yes,68173.84,2970.2,8311.62,551.59,2192.3,1997.19,1301.61,2045.5,80007.24,7536.59,72470.65,90.58,Highly Profitable
C02202,70,Female,North,Salaried,590000,Mass,Current,4,Auto Loan,402797,613400,425500,No,32828.97,9987.74,9804.24,237.28,2573.15,1274.06,492.72,1521.26,52858.24,5861.19,46997.05,88.91,Highly Profitable
C02203,43,Male,West,Salaried,295000,Mass,Savings,2,Home Loan,1315499,337500,310700,Yes,60091.9,4868.9,18165.82,1292.01,2596.26,1841.17,1513.18,2545.54,84418.63,8496.14,75922.49,89.94,Highly Profitable
C02204,64,Female,South,Salaried,369000,Mass,Savings,4,Auto Loan,713990,498400,459200,No,55530.5,8993.52,16639.75,1321.36,1752.82,1041.23,390.4,1789.66,82485.12,4974.12,77511.01,93.97,Highly Profitable
C02205,58,Female,North,Salaried,1263000,Affluent,Current,5,Personal Loan,502594,1323600,1087000,Yes,60498.69,7385.75,8792.8,1538.56,3661.67,743.29,595.95,2328.37,78215.81,7329.29,70886.52,90.63,Highly Profitable
C02206,40,Male,West,Professional,815000,Mass,Savings,2,No Loan,0,555000,324800,No,2234.2,1961.04,0.0,1989.38,1519.45,1179.67,1117.84,831.5,6184.62,4648.47,1536.16,24.84,Low Profitability
C02207,43,Female,North,Business Owner,1560000,Affluent,Salary,4,Personal Loan,955407,1029400,316200,No,108396.88,3214.6,23143.31,2346.49,2140.44,770.05,871.34,1502.96,137101.27,5284.79,131816.48,96.15,Highly Profitable
C02208,65,Male,South,Self-Employed,435000,Mass,Savings,4,No Loan,0,564100,285700,No,1676.28,8161.23,0.0,2375.34,2375.48,1044.51,1786.28,1438.41,12212.85,6644.68,5568.17,45.59,Low Profitability
C02209,36,Female,West,Salaried,518000,Mass,Savings,3,No Loan,0,645100,518300,Yes,2349.44,8478.09,0.0,2259.3,2894.45,1517.24,1351.37,905.27,13086.84,6668.32,6418.52,49.05,Low Profitability
C02210,70,Male,West,Business Owner,970000,Affluent,Savings,2,Home Loan,4186220,820900,743200,No,193051.66,2242.9,73748.53,1879.83,2049.68,626.69,552.46,5826.5,270922.92,9055.33,261867.59,96.66,Highly Profitable
C02211,62,Female,West,Salaried,1252000,Affluent,Savings,1,Education Loan,168614,918100,867400,No,14887.14,1613.08,2049.04,1708.98,1332.1,1676.22,1373.34,1777.63,20258.25,6159.29,14098.95,69.6,Profitable
C02212,28,Female,South,Salaried,285000,Mass,Savings,3,Personal Loan,457568,334400,303600,Yes,51628.11,7445.96,4751.61,382.1,3389.45,2002.84,770.05,1789.57,64207.77,7951.91,56255.86,87.62,Highly Profitable
C02213,70,Male,South,Business Owner,613000,Mass,Current,1,Auto Loan,492496,407700,214100,Yes,38071.42,3711.94,5903.07,1675.33,1649.19,1026.81,236.22,1534.05,49361.77,4446.27,44915.49,90.99,Highly Profitable
C02214,41,Male,North,Retired,872000,Mass,Savings,3,No Loan,0,1516700,1274000,No,8651.94,7061.11,0.0,476.51,1943.47,2151.68,650.63,790.28,16189.57,5536.06,10653.51,65.8,Profitable
C02215,21,Female,West,Self-Employed,1077000,Affluent,Salary,4,Home Loan,1458936,1221500,1311500,Yes,71318.33,5342.03,24273.25,1889.37,3035.12,1609.11,1705.62,3334.31,102822.99,9684.17,93138.82,90.58,Highly Profitable
C02216,28,Male,East,Salaried,1200000,Affluent,Savings,5,Home Loan,1500460,1352000,494900,No,75570.95,4418.41,18889.43,488.82,2639.01,1393.19,404.98,2772.76,99367.61,7209.94,92157.67,92.74,Highly Profitable
C02217,49,Male,East,Professional,672000,Mass,Current,2,No Loan,0,252000,219700,Yes,674.15,5535.0,0.0,1735.6,1999.62,877.49,1115.77,581.09,7944.76,4573.97,3370.79,42.43,Low Profitability
C02218,52,Male,South,Salaried,355000,Mass,Salary,2,No Loan,0,410400,245600,No,1461.61,1797.54,0.0,273.39,1265.9,331.29,1764.09,1029.12,3532.55,4390.4,-857.85,-24.28,Low Profitability
C02219,58,Male,East,Professional,243000,Mass,Savings,4,Auto Loan,676625,154700,68300,Yes,51262.14,8058.19,7241.59,852.23,3377.68,1085.34,1033.29,2170.45,67414.16,7666.76,59747.4,88.63,Highly Profitable
C02220,25,Female,South,Salaried,633000,Mass,Savings,3,Personal Loan,191276,566900,295900,Yes,22927.42,4590.46,3176.16,998.04,3559.41,2032.26,728.24,1285.18,31692.08,7605.09,24086.99,76.0,Profitable
C02221,67,Male,South,Salaried,597000,Mass,Current,5,Personal Loan,688111,619700,242600,No,77013.15,9668.41,10576.0,852.8,3057.33,1827.75,1157.68,1792.92,98110.36,7835.69,90274.68,92.01,Highly Profitable
C02222,42,Male,North,Self-Employed,452000,Mass,Current,4,Education Loan,246959,424300,400100,No,17814.07,4452.62,3860.01,845.85,2216.49,2167.34,610.54,1734.96,26972.57,6729.33,20243.24,75.05,Profitable
C02223,67,Female,North,Retired,1144000,Affluent,Savings,4,Education Loan,297342,1699400,984500,Yes,26864.51,5181.17,3699.22,1377.85,2292.54,1834.45,1440.96,1684.52,37122.75,7252.47,29870.28,80.46,Profitable
C02224,54,Female,West,Professional,372000,Mass,Savings,1,Home Loan,2900339,116900,122400,No,130771.11,1274.01,27805.68,2076.64,1337.28,1686.1,1580.27,6480.53,161927.44,11084.17,150843.27,93.15,Highly Profitable
C02225,21,Male,South,Self-Employed,486000,Mass,Current,1,Auto Loan,204985,207100,221900,Yes,16516.93,3283.58,3682.82,2196.01,2353.58,465.08,763.63,743.95,25679.34,4326.23,21353.1,83.15,Profitable
C02226,46,Male,East,Business Owner,1330000,Affluent,Current,2,No Loan,0,544000,582600,Yes,1526.25,4616.75,0.0,276.34,2156.82,2161.41,1436.65,1540.96,6419.34,7295.84,-876.5,-13.65,Low Profitability
C02227,63,Female,South,Self-Employed,457000,Mass,Savings,2,No Loan,0,684500,261700,Yes,1773.2,6523.78,0.0,561.69,2169.29,854.76,1536.45,1647.51,8858.67,6208.02,2650.66,29.92,Low Profitability
C02228,30,Female,West,Business Owner,836000,Mass,Salary,3,Education Loan,146566,288500,157100,Yes,10311.75,4568.92,3385.03,842.32,3233.21,763.24,852.76,1448.01,19108.02,6297.22,12810.8,67.04,Profitable
C02229,50,Male,West,Professional,696000,Mass,Savings,3,Home Loan,1848457,1220000,626900,Yes,87678.4,4050.48,17816.03,1741.04,3535.91,355.76,1719.62,3177.97,111285.96,8789.26,102496.7,92.1,Highly Profitable
C02230,70,Male,West,Salaried,800000,Mass,Savings,3,Home Loan,2826953,1399300,1447300,No,130472.56,6042.46,25536.44,1065.85,2346.22,1062.95,1303.69,3750.48,163117.31,8463.35,154653.96,94.81,Highly Profitable
C02231,38,Male,West,Salaried,1137000,Affluent,Salary,4,No Loan,0,2031200,657100,Yes,10756.05,11874.87,0.0,1244.27,2930.31,1999.89,930.6,1274.04,23875.19,7134.83,16740.36,70.12,Profitable
C02232,37,Male,South,Retired,837000,Mass,Current,3,Auto Loan,892982,1478500,1109400,Yes,73952.12,5805.34,14046.26,1982.64,3398.8,1762.0,1176.81,2065.68,95786.35,8403.29,87383.06,91.23,Highly Profitable
C02233,46,Male,East,Retired,327000,Mass,Savings,3,No Loan,0,129500,85800,Yes,503.59,4779.01,0.0,1640.59,2729.51,1413.8,995.12,1519.03,6923.19,6657.46,265.73,3.84,Low Profitability
C02234,28,Female,West,Salaried,358000,Mass,Savings,4,No Loan,0,442000,477300,No,1769.09,5532.09,0.0,1509.9,2797.8,1718.87,463.97,951.5,8811.08,5932.13,2878.95,32.67,Low Profitability
C02235,67,Male,West,Salaried,823000,Mass,Salary,2,No Loan,0,666200,712000,No,2414.36,3987.59,0.0,1491.94,1940.48,400.34,939.64,1062.95,7893.89,4343.41,3550.49,44.98,Low Profitability
C02236,60,Female,South,Retired,422000,Mass,Current,1,Home Loan,3051964,572900,349700,Yes,140124.08,3886.09,47958.69,578.48,1606.32,657.26,1092.18,7353.31,192547.34,10709.08,181838.26,94.44,Highly Profitable
C02237,69,Male,West,Self-Employed,1184000,Affluent,Salary,3,Home Loan,2561660,970600,606800,Yes,120916.57,9312.19,49499.69,365.71,2359.54,1189.43,456.96,2765.62,180094.16,6771.55,173322.61,96.24,Highly Profitable
C02238,32,Female,East,Self-Employed,830000,Mass,Savings,3,Personal Loan,774147,649300,374600,No,87892.3,6489.82,12991.22,883.94,1761.96,1571.16,1626.69,2233.73,108257.28,7193.55,101063.73,93.36,Highly Profitable
C02239,47,Female,West,Salaried,272000,Mass,Savings,3,No Loan,0,446500,411100,No,1899.23,2541.57,0.0,1944.24,1598.42,1381.0,1154.66,1782.99,6385.04,5917.07,467.97,7.33,Low Profitability
C02240,28,Male,West,Professional,1978000,Premium,Savings,2,Auto Loan,327203,1910800,640400,No,32353.87,2301.68,7758.03,2147.79,1887.09,592.0,942.17,1766.57,44561.38,5187.83,39373.55,88.36,Highly Profitable
C02241,45,Male,West,Salaried,572000,Mass,Current,2,Education Loan,473704,784000,273400,Yes,35212.89,4011.69,9148.07,2013.81,1866.14,1861.16,1455.14,1632.29,50386.47,6814.73,43571.74,86.48,Highly Profitable
C02242,66,Male,West,Salaried,624000,Mass,Savings,2,No Loan,0,762800,647600,Yes,3465.63,5917.41,0.0,478.73,1996.05,557.85,1426.01,1035.39,9861.77,5015.31,4846.46,49.14,Low Profitability
C02243,24,Female,North,Salaried,883000,Mass,Salary,1,Auto Loan,385699,1090700,288100,Yes,34924.04,2500.73,6199.54,2305.35,1799.82,777.02,819.1,1451.75,45929.66,4847.69,41081.97,89.45,Highly Profitable
C02244,53,Female,West,Retired,667000,Mass,Savings,3,Education Loan,100099,484300,397300,Yes,8607.2,9385.11,1843.12,1030.19,3343.47,2099.13,914.81,1463.8,20865.62,7821.21,13044.41,62.52,Profitable
C02245,21,Male,North,Business Owner,1188000,Affluent,Savings,3,No Loan,0,673000,241900,Yes,3225.6,5256.8,0.0,2110.38,2522.81,2081.94,951.26,887.18,10592.78,6443.19,4149.59,39.17,Low Profitability
C02246,39,Male,North,Professional,400000,Mass,Salary,3,No Loan,0,644400,591700,Yes,2978.79,8034.83,0.0,1602.74,3062.4,614.32,437.95,1695.62,12616.36,5810.28,6806.08,53.95,Low Profitability
C02247,51,Male,West,Salaried,1315000,Affluent,Savings,2,Education Loan,175404,250600,220200,Yes,12344.23,4769.61,2561.95,2004.14,2228.13,735.02,1359.95,1919.31,21679.92,6242.4,15437.52,71.21,Profitable
C02248,36,Female,West,Retired,1018000,Affluent,Salary,2,No Loan,0,443200,179500,Yes,1129.7,6923.4,0.0,172.71,1973.38,1522.45,483.48,713.06,8225.81,4692.37,3533.44,42.96,Low Profitability
C02249,34,Male,North,Professional,457000,Mass,Savings,4,No Loan,0,168700,150700,No,622.1,9473.85,0.0,1143.29,3076.3,1893.09,315.65,1708.66,11239.24,6993.7,4245.54,37.77,Low Profitability
C02250,68,Male,South,Professional,804000,Mass,Savings,3,Home Loan,3637902,1380100,1272000,No,171279.64,4710.43,78961.05,1555.29,1459.81,1359.43,1274.48,4160.42,256506.41,8254.13,248252.28,96.78,Highly Profitable
C02251,25,Male,East,Retired,1363000,Affluent,Salary,4,Personal Loan,208654,215800,223700,No,23949.69,9129.28,4274.49,987.63,3191.92,832.67,331.69,1365.26,38341.09,5721.53,32619.56,85.08,Highly Profitable
C02252,61,Male,West,Salaried,933000,Affluent,Salary,2,Home Loan,3237033,152300,131900,Yes,146545.89,5505.29,51386.83,1994.55,2701.33,840.96,1586.89,2474.79,205432.56,7603.97,197828.6,96.3,Highly Profitable
C02253,46,Female,West,Business Owner,759000,Mass,Savings,3,Home Loan,4735630,397800,392800,No,214342.44,5802.3,55182.0,1836.68,1628.6,368.6,729.91,7079.18,277163.42,9806.29,267357.13,96.46,Highly Profitable
C02254,48,Male,West,Retired,986000,Affluent,Savings,4,Home Loan,4214772,601900,476600,No,192004.42,4961.51,102690.37,1035.57,2610.22,310.63,572.38,8781.76,300691.86,12274.99,288416.87,95.92,Highly Profitable
C02255,22,Female,North,Professional,1032000,Affluent,Current,5,No Loan,0,1108100,866200,Yes,5510.89,7424.47,0.0,1153.46,4733.35,543.62,884.36,1644.1,14088.82,7805.43,6283.4,44.6,Low Profitability
C02256,70,Male,South,Self-Employed,530000,Mass,Savings,5,No Loan,0,920100,758200,No,2327.7,10395.38,0.0,1279.39,3605.36,2186.69,972.75,1029.09,14002.47,7793.89,6208.58,44.34,Low Profitability
C02257,26,Male,South,Salaried,763000,Mass,Salary,5,Personal Loan,634221,699900,416700,No,71439.61,6793.52,11806.58,1408.29,3660.22,672.84,427.33,2053.0,91448.0,6813.39,84634.61,92.55,Highly Profitable
C02258,29,Female,South,Business Owner,1116000,Affluent,Savings,4,Auto Loan,409992,699200,310600,Yes,34253.21,6924.82,5246.56,815.9,3610.8,1343.59,1626.57,1835.4,47240.49,8416.37,38824.13,82.18,Highly Profitable
C02259,53,Female,West,Self-Employed,753000,Mass,Salary,3,Education Loan,152367,1128000,678300,No,15161.54,5085.26,1692.92,649.78,2057.55,626.72,484.11,666.81,22589.51,3835.18,18754.33,83.02,Profitable
C02260,61,Female,North,Salaried,472000,Mass,Savings,1,Personal Loan,238431,371200,280000,No,27683.84,2349.86,2361.1,370.56,1329.63,1945.9,1016.89,1079.5,32765.37,5371.92,27393.45,83.6,Profitable
C02261,45,Male,East,Professional,817000,Mass,Savings,3,No Loan,0,313600,262300,Yes,710.93,7569.03,0.0,436.78,2370.01,1557.32,1161.67,665.86,8716.74,5754.86,2961.88,33.98,Low Profitability
C02262,68,Male,West,Salaried,565000,Mass,Salary,2,Education Loan,497786,825500,526800,Yes,36079.43,4540.73,5498.47,1222.28,1936.49,1709.86,1241.31,2394.19,47340.92,7281.85,40059.08,84.62,Highly Profitable
C02263,33,Female,North,Salaried,964000,Affluent,Savings,1,No Loan,0,148400,78700,Yes,693.61,2133.47,0.0,1694.68,2272.91,1850.41,1014.82,1380.12,4521.76,6518.26,-1996.51,-44.15,Low Profitability
C02264,29,Male,East,Business Owner,1534000,Affluent,Salary,3,No Loan,0,749300,344600,No,2399.29,3877.98,0.0,1698.16,1817.99,1840.99,616.29,797.05,7975.44,5072.32,2903.12,36.4,Low Profitability
C02265,33,Male,South,Self-Employed,1016000,Affluent,Savings,4,Auto Loan,686369,1217100,493800,No,54349.27,5467.94,8873.5,1195.59,3498.76,313.73,312.95,1508.75,69886.3,5634.19,64252.11,91.94,Highly Profitable
C02266,51,Female,South,Salaried,445000,Mass,Savings,3,Personal Loan,191470,142000,93000,Yes,21632.06,7380.59,2396.57,1585.1,3751.56,1576.6,1709.55,1861.94,32994.33,8899.64,24094.69,73.03,Profitable
C02267,61,Female,West,Salaried,826000,Mass,Savings,2,No Loan,0,472600,401900,No,1864.51,3045.83,0.0,2401.6,1778.48,1862.82,1478.44,652.6,7311.94,5772.33,1539.61,21.06,Low Profitability
C02268,31,Female,North,Salaried,180000,Mass,Salary,3,Education Loan,303304,143800,137400,Yes,20172.07,8647.2,5111.28,2457.48,2529.58,404.79,641.69,806.02,36388.03,4382.08,32005.96,87.96,Highly Profitable
C02269,24,Female,West,Salaried,663000,Mass,Savings,5,Education Loan,300395,533100,289700,No,21794.11,4293.2,5274.95,2127.55,1967.59,1311.95,363.08,1129.02,33489.82,4771.65,28718.17,85.75,Profitable
C02270,54,Female,South,Salaried,1174000,Affluent,Savings,3,No Loan,0,2060500,1585500,No,9136.76,4206.68,0.0,2294.5,2262.58,626.74,1763.54,1232.93,15637.94,5885.8,9752.15,62.36,Low Profitability
C02271,58,Male,West,Salaried,873000,Mass,Current,3,Auto Loan,742955,1104000,724300,Yes,62003.81,4662.84,9552.7,426.31,2339.88,704.3,1603.74,2626.27,76645.66,7274.18,69371.47,90.51,Highly Profitable
C02272,66,Male,South,Salaried,744000,Mass,Savings,3,Home Loan,4304455,157000,168200,Yes,194500.45,6670.61,61467.98,769.06,3727.64,1900.05,1176.54,5202.32,263408.09,12006.55,251401.54,95.44,Highly Profitable
C02273,24,Male,South,Self-Employed,2259000,Premium,Savings,5,No Loan,0,1163900,1163900,Yes,6094.85,9308.24,0.0,2389.56,3166.2,1173.76,1027.31,681.49,17792.65,6048.75,11743.9,66.0,Profitable
C02274,58,Male,North,Retired,274000,Mass,Savings,2,Education Loan,687678,319800,319800,No,45576.17,4629.9,5986.13,412.65,1289.37,650.68,659.22,2337.05,56604.84,4936.32,51668.52,91.28,Highly Profitable
C02275,39,Male,West,Self-Employed,310000,Mass,Savings,1,No Loan,0,411400,305400,Yes,1576.74,3967.04,0.0,2199.06,2026.97,1717.61,761.66,1714.78,7742.84,6221.02,1521.82,19.65,Low Profitability
C02276,26,Male,West,Business Owner,913000,Affluent,Savings,2,No Loan,0,710300,441300,Yes,2010.9,3408.04,0.0,1154.11,2263.03,1993.76,1586.5,1583.58,6573.05,7426.86,-853.82,-12.99,Low Profitability
C02277,54,Male,South,Salaried,1147000,Affluent,Salary,2,No Loan,0,1793200,1441900,No,4928.42,4847.64,0.0,2439.94,1727.48,1589.87,1126.27,1038.49,12216.0,5482.11,6733.89,55.12,Low Profitability
C02278,38,Male,South,Professional,1173000,Affluent,Salary,2,Home Loan,1345356,2001900,772100,Yes,68592.23,3071.31,15175.69,1819.7,2347.64,2049.55,1634.63,1515.69,88658.93,7547.51,81111.42,91.49,Highly Profitable
C02279,33,Male,South,Business Owner,511000,Mass,Savings,3,No Loan,0,594400,594700,No,1854.75,6345.92,0.0,908.89,1453.03,844.32,1587.2,1690.25,9109.56,5574.81,3534.76,38.8,Low Profitability
C02280,61,Male,West,Self-Employed,440000,Mass,Current,2,Auto Loan,578349,474300,227900,Yes,44731.88,3905.06,12781.85,383.36,2063.15,1122.22,873.82,1919.81,61802.16,5979.01,55823.15,90.33,Highly Profitable
C02281,43,Male,North,Salaried,406000,Mass,Savings,1,Home Loan,4088332,563900,537300,No,186739.53,2369.67,57588.89,673.31,1030.14,500.15,431.7,5589.37,247371.4,7551.36,239820.04,96.95,Highly Profitable
C02282,39,Female,South,Salaried,836000,Mass,Savings,2,No Loan,0,1204200,606600,No,2571.71,2370.25,0.0,1790.13,1698.66,439.4,1709.28,920.58,6732.09,4767.92,1964.17,29.18,Low Profitability
C02283,65,Male,North,Business Owner,408000,Mass,Salary,5,Home Loan,3523367,206200,143000,Yes,159584.26,13147.77,63172.02,870.58,4782.96,1066.07,1486.5,3138.02,236774.63,10473.55,226301.08,95.58,Highly Profitable
C02284,31,Male,South,Self-Employed,1292000,Affluent,Savings,3,Personal Loan,127033,1224700,1110100,No,20825.38,4514.24,2498.35,2377.84,2611.46,1596.09,785.16,1250.36,30215.82,6243.07,23972.75,79.34,Profitable
C02285,21,Female,South,Professional,692000,Mass,Savings,2,No Loan,0,614700,359400,Yes,2962.26,5355.25,0.0,1383.54,1745.2,1733.15,1617.05,552.04,9701.05,5647.44,4053.61,41.79,Low Profitability
C02286,44,Male,West,Salaried,475000,Mass,Salary,2,No Loan,0,809100,448500,No,2243.21,3739.31,0.0,1359.23,1657.63,586.62,781.63,1246.7,7341.74,4272.57,3069.18,41.8,Low Profitability
C02287,27,Male,West,Salaried,476000,Mass,Current,3,Personal Loan,583022,159200,159900,No,64919.46,4885.85,13324.96,2037.16,2624.02,1466.11,1238.32,1729.11,85167.42,7057.56,78109.86,91.71,Highly Profitable
C02288,45,Male,North,Self-Employed,301000,Mass,Savings,3,No Loan,0,513700,158500,No,2058.94,4117.39,0.0,2013.4,1546.01,1297.44,702.0,1115.48,8189.73,4660.94,3528.78,43.09,Low Profitability
C02289,41,Male,West,Professional,452000,Mass,Savings,3,Auto Loan,191665,494800,477600,Yes,16627.15,5701.63,3725.25,1748.88,2061.68,1835.0,1652.39,1786.6,27802.91,7335.66,20467.25,73.62,Profitable
C02290,35,Female,South,Salaried,516000,Mass,Savings,5,No Loan,0,322600,335200,No,1151.94,6263.0,0.0,2385.01,2055.79,1684.52,261.04,533.39,9799.94,4534.74,5265.21,53.73,Low Profitability
C02291,21,Male,South,Business Owner,876000,Mass,Savings,3,Personal Loan,684327,1387900,1011300,Yes,79108.3,6528.75,16915.57,1491.46,3662.0,1250.02,1287.41,1537.03,104044.08,7736.47,96307.61,92.56,Highly Profitable
C02292,32,Female,East,Salaried,663000,Mass,Current,5,Personal Loan,819817,154600,130100,Yes,90503.15,6326.04,7835.66,2261.17,3261.85,767.89,506.9,1914.64,106926.02,6451.28,100474.75,93.97,Highly Profitable
C02293,27,Male,South,Self-Employed,436000,Mass,Savings,1,Personal Loan,205249,294800,289600,No,24040.99,1754.66,2983.99,1229.03,977.11,1966.44,352.39,1360.04,30008.67,4655.98,25352.69,84.48,Profitable
C02294,35,Male,West,Professional,357000,Mass,Salary,4,No Loan,0,496800,308100,No,1841.48,5780.67,0.0,1928.72,3492.85,617.75,1130.09,864.6,9550.87,6105.29,3445.58,36.08,Low Profitability
C02295,41,Male,West,Professional,614000,Mass,Savings,3,No Loan,0,930600,927800,Yes,2762.48,5014.99,0.0,661.81,3386.03,794.07,1370.99,1032.29,8439.27,6583.37,1855.9,21.99,Low Profitability
C02296,39,Male,South,Salaried,226000,Mass,Savings,1,No Loan,0,96400,54600,No,432.99,2016.34,0.0,2141.14,1138.04,1581.09,1786.11,1250.36,4590.47,5755.6,-1165.13,-25.38,Low Profitability
C02297,49,Male,West,Salaried,588000,Mass,Savings,2,Personal Loan,566571,1001900,511500,No,67502.84,3310.97,7836.3,946.68,1292.88,1303.87,397.91,1175.17,79596.8,4169.84,75426.96,94.76,Highly Profitable
C02298,45,Male,South,Business Owner,1293000,Affluent,Savings,3,No Loan,0,308600,335100,Yes,1269.99,5109.32,0.0,1842.33,3110.6,498.33,568.73,705.95,8221.65,4883.61,3338.03,40.6,Low Profitability
C02299,53,Male,South,Salaried,627000,Mass,Savings,1,No Loan,0,542600,150000,No,2737.67,2346.26,0.0,873.73,976.99,1220.91,1767.6,665.99,5957.67,4631.49,1326.19,22.26,Low Profitability
C02300,69,Female,West,Business Owner,764000,Mass,Savings,4,No Loan,0,237400,123800,No,796.31,9306.53,0.0,2387.76,2829.91,524.09,565.78,1307.52,12490.6,5227.31,7263.29,58.15,Low Profitability
C02301,52,Male,West,Self-Employed,715000,Mass,Savings,4,Auto Loan,667454,222500,142300,No,51085.26,6092.42,6771.15,557.69,3070.94,506.92,1193.74,1694.11,64506.51,6465.71,58040.8,89.98,Highly Profitable
C02302,69,Female,North,Salaried,327000,Mass,Savings,2,Education Loan,134025,542100,278800,No,11131.71,1646.77,2284.87,1364.97,1391.25,786.48,1268.4,681.69,16428.32,4127.82,12300.51,74.87,Profitable
C02303,55,Female,East,Professional,1840000,Premium,Savings,1,Home Loan,3280174,3020400,1479500,No,155742.37,902.43,31937.6,1046.95,1374.54,626.45,1494.75,7373.56,189629.35,10869.31,178760.04,94.27,Highly Profitable
C02304,64,Male,West,Salaried,559000,Mass,Salary,5,Personal Loan,601416,651300,368000,No,69382.1,8178.58,6881.68,1383.53,4190.52,2184.37,783.04,1763.9,85825.89,8921.83,76904.05,89.6,Highly Profitable
C02305,58,Male,East,Retired,699000,Mass,Savings,2,No Loan,0,1219300,717400,No,6146.38,1876.86,0.0,653.71,1522.92,2119.89,408.64,724.95,8676.95,4776.4,3900.55,44.95,Low Profitability
C02306,46,Male,North,Professional,488000,Mass,Salary,1,Personal Loan,949938,468600,145700,No,106661.28,1553.49,12503.78,1308.83,1383.65,1676.14,275.88,1515.35,122027.37,4851.02,117176.35,96.02,Highly Profitable
C02307,31,Female,East,Business Owner,1309000,Affluent,Savings,2,Personal Loan,945052,1887200,1715400,Yes,110595.07,3542.11,17925.07,416.44,2513.53,1895.08,341.62,2008.59,132478.68,6758.82,125719.86,94.9,Highly Profitable
C02308,55,Male,West,Salaried,314000,Mass,Savings,5,Personal Loan,959499,97500,38300,Yes,105952.9,11400.45,11112.38,654.62,4532.61,2006.61,1095.36,2716.49,129120.35,10351.07,118769.28,91.98,Highly Profitable
C02309,28,Female,West,Retired,1433000,Affluent,Savings,4,No Loan,0,1150400,327700,No,4317.37,5699.5,0.0,1712.65,3033.54,1306.39,782.24,1679.51,11729.52,6801.68,4927.84,42.01,Low Profitability
C02310,66,Male,South,Professional,592000,Mass,Salary,3,Personal Loan,844725,591900,445000,Yes,94110.57,5103.08,8237.34,1225.2,2595.5,1835.72,1520.29,1239.29,108676.19,7190.81,101485.38,93.38,Highly Profitable
C02311,34,Female,East,Salaried,522000,Mass,Salary,2,No Loan,0,748500,612500,Yes,1530.83,3107.94,0.0,1292.57,2193.27,2014.86,849.63,1009.58,5931.35,6067.35,-136.0,-2.29,Low Profitability
C02312,30,Male,North,Salaried,496000,Mass,Salary,2,No Loan,0,348100,312000,No,970.39,3822.8,0.0,2336.01,1546.19,395.84,1032.61,1518.65,7129.2,4493.3,2635.9,36.97,Low Profitability
C02313,22,Female,South,Salaried,1893000,Premium,Salary,1,No Loan,0,3346000,1086200,Yes,18911.78,3136.58,0.0,616.1,1799.35,1831.78,1720.53,1318.06,22664.46,6669.71,15994.74,70.57,Profitable
C02314,66,Male,East,Retired,290000,Mass,Savings,3,No Loan,0,395100,156400,No,1788.05,3743.73,0.0,1424.22,2729.2,457.57,1051.4,1503.16,6955.99,5741.34,1214.66,17.46,Low Profitability
C02315,29,Male,West,Professional,522000,Mass,Salary,1,No Loan,0,537300,217600,Yes,1912.5,3923.94,0.0,1375.66,1992.71,2093.88,1474.47,1029.26,7212.09,6590.32,621.77,8.62,Low Profitability
C02316,23,Male,North,Retired,344000,Mass,Salary,3,No Loan,0,239300,180600,Yes,1059.71,6438.22,0.0,1168.42,3702.5,1577.84,1420.49,1005.59,8666.35,7706.42,959.93,11.08,Low Profitability
C02317,41,Male,East,Professional,258000,Mass,Savings,3,No Loan,0,312000,314000,No,703.74,5611.29,0.0,2092.04,2043.88,2196.84,608.74,1497.34,8407.07,6346.79,2060.28,24.51,Low Profitability
C02318,46,Female,North,Self-Employed,1435000,Affluent,Salary,1,No Loan,0,1808900,1538400,No,4372.91,1987.12,0.0,1460.48,1007.33,1065.12,1062.04,879.57,7820.51,4014.06,3806.45,48.67,Low Profitability
C02319,28,Male,West,Salaried,690000,Mass,Current,5,No Loan,0,876700,453700,No,2037.18,10672.4,0.0,2069.01,2913.53,1933.12,438.02,574.95,14778.59,5859.62,8918.96,60.35,Low Profitability
C02320,68,Male,South,Salaried,370000,Mass,Salary,2,No Loan,0,413400,403100,No,2177.88,4177.37,0.0,2164.06,1751.79,2116.9,570.66,1657.43,8519.31,6096.78,2422.54,28.44,Low Profitability
C02321,22,Female,West,Salaried,1104000,Affluent,Salary,1,No Loan,0,895100,733400,Yes,5370.22,4076.45,0.0,270.96,2054.91,858.54,1741.22,1729.92,9717.63,6384.59,3333.04,34.3,Low Profitability
C02322,26,Male,West,Self-Employed,562000,Mass,Salary,4,Home Loan,1021789,841600,702900,Yes,48416.32,10807.51,18213.01,2350.8,3153.02,1936.09,468.11,3176.81,79787.63,8734.02,71053.61,89.05,Highly Profitable
C02323,48,Male,East,Retired,491000,Mass,Salary,1,Education Loan,301665,282900,300900,No,20720.23,2126.78,2926.23,1931.51,1316.51,1010.82,1737.67,1635.03,27704.75,5700.03,22004.72,79.43,Profitable
C02324,49,Female,North,Retired,961000,Affluent,Savings,1,Auto Loan,869285,1135800,1201500,Yes,68070.58,4697.49,13143.72,1262.39,2392.76,1094.83,1323.38,2523.59,87174.18,7334.56,79839.62,91.59,Highly Profitable
C02325,46,Male,South,Salaried,555000,Mass,Savings,3,Personal Loan,622968,515200,297700,Yes,71374.03,6317.42,13504.33,2067.88,2373.82,1955.55,1584.72,2230.95,93263.66,8145.05,85118.61,91.27,Highly Profitable
C02326,45,Female,South,Business Owner,412000,Mass,Savings,1,Personal Loan,821593,668800,528700,Yes,92129.73,2536.97,9960.78,651.72,1693.34,1324.78,542.16,2256.04,105279.2,5816.31,99462.89,94.48,Highly Profitable
C02327,32,Male,West,Self-Employed,1026000,Affluent,Savings,5,No Loan,0,1153700,486500,No,4729.76,11336.18,0.0,2066.59,2666.25,1068.81,818.31,1202.31,18132.52,5755.68,12376.84,68.26,Profitable
C02328,25,Male,West,Self-Employed,648000,Mass,Savings,1,Education Loan,129272,1012100,607400,Yes,12780.4,2721.18,1072.19,1435.12,2419.94,588.57,1538.59,715.58,18008.89,5262.68,12746.21,70.78,Profitable
C02329,54,Female,West,Business Owner,1055000,Affluent,Current,1,Home Loan,3326293,1817700,876900,No,156813.05,2285.85,65538.77,1166.15,1235.67,1130.57,1457.12,4233.36,225803.82,8056.72,217747.1,96.43,Highly Profitable
C02330,68,Female,West,Salaried,561000,Mass,Savings,4,Auto Loan,809284,201700,113400,Yes,61148.93,10319.72,11639.6,1470.18,2593.02,1687.67,1346.29,2010.82,84578.43,7637.8,76940.63,90.97,Highly Profitable
C02331,57,Male,South,Retired,1226000,Affluent,Current,2,No Loan,0,1307000,1077100,Yes,6197.18,5148.0,0.0,1819.67,2684.32,1610.67,676.24,600.21,13164.85,5571.44,7593.41,57.68,Low Profitability
C02332,35,Female,South,Business Owner,705000,Mass,Salary,5,Personal Loan,668865,1134000,486200,No,79860.85,11882.42,12183.32,765.65,3579.74,1786.77,956.42,1955.73,104692.23,8278.67,96413.56,92.09,Highly Profitable
C02333,64,Male,North,Professional,1254000,Affluent,Current,2,No Loan,0,1992500,803500,No,4702.59,2723.01,0.0,333.96,1893.57,1735.54,953.44,731.16,7759.57,5313.71,2445.86,31.52,Low Profitability
C02334,56,Male,West,Salaried,1231000,Affluent,Savings,1,Education Loan,507553,582600,333500,No,35852.81,1810.93,10312.93,2276.34,1350.93,985.61,1713.22,1598.27,50253.01,5648.03,44604.98,88.76,Highly Profitable
C02335,35,Female,North,Salaried,1382000,Affluent,Savings,1,No Loan,0,1305000,435100,Yes,6896.35,2556.5,0.0,2381.26,2359.93,1893.33,1235.29,1588.15,11834.1,7076.7,4757.4,40.2,Low Profitability
C02336,63,Male,North,Salaried,727000,Mass,Savings,2,Personal Loan,106377,376700,354800,No,12700.8,3399.23,1298.04,1599.24,1440.15,373.71,747.61,669.44,18997.31,3230.91,15766.4,82.99,Profitable
C02337,68,Male,North,Professional,864000,Mass,Savings,3,No Loan,0,1408100,1499200,Yes,8415.31,5765.99,0.0,1325.56,3237.05,354.1,1019.65,1581.41,15506.85,6192.22,9314.64,60.07,Low Profitability
C02338,43,Female,West,Retired,617000,Mass,Current,1,Auto Loan,478465,95800,89200,Yes,36190.69,3010.45,8374.9,229.4,1910.94,2116.61,1619.84,2413.23,47805.44,8060.62,39744.82,83.14,Highly Profitable
C02339,26,Female,South,Self-Employed,427000,Mass,Savings,3,No Loan,0,217900,152900,Yes,705.82,3977.88,0.0,1097.76,3731.4,1965.28,1354.87,914.12,5781.47,7965.67,-2184.2,-37.78,Low Profitability
C02340,66,Male,West,Professional,2107000,Premium,Current,2,Auto Loan,465232,1738100,1430500,Yes,42313.07,5944.1,9406.57,916.7,1781.91,1065.02,1174.94,1956.06,58580.43,5977.93,52602.5,89.8,Highly Profitable
C02341,70,Male,North,Self-Employed,463000,Mass,Savings,2,Personal Loan,782011,238400,222800,Yes,87279.06,4936.87,10437.23,1020.13,2062.02,1901.8,1065.05,2425.96,103673.28,7454.83,96218.45,92.81,Highly Profitable
C02342,64,Male,South,Salaried,1151000,Affluent,Savings,2,Personal Loan,226423,2021600,622600,No,32658.71,2513.44,4793.95,1826.45,1508.34,1535.14,1011.16,924.0,41792.55,4978.64,36813.91,88.09,Highly Profitable
C02343,63,Female,West,Business Owner,1043000,Affluent,Salary,3,No Loan,0,576400,349000,Yes,2411.31,4970.23,0.0,967.0,2932.64,623.05,925.21,622.2,8348.54,5103.1,3245.43,38.87,Low Profitability
C02344,65,Female,North,Professional,773000,Mass,Savings,2,Auto Loan,573919,578100,215200,No,45626.82,2468.22,5328.38,1998.69,1576.2,1166.67,1625.49,2167.2,55422.1,6535.56,48886.55,88.21,Highly Profitable
C02345,41,Male,West,Salaried,643000,Mass,Current,1,Home Loan,1734247,281100,92000,Yes,79494.49,4087.4,32453.23,2477.85,1533.84,420.31,261.81,2492.61,118512.97,4708.58,113804.39,96.03,Highly Profitable
C02346,43,Male,West,Salaried,646000,Mass,Salary,4,No Loan,0,1084600,970900,No,4975.1,3631.15,0.0,1411.15,2375.88,936.37,685.7,1135.0,10017.41,5132.95,4884.46,48.76,Low Profitability
C02347,63,Male,West,Self-Employed,488000,Mass,Savings,2,Personal Loan,533489,404400,396100,No,59766.18,3700.53,12810.3,766.23,1943.19,693.27,1334.44,2167.29,77043.25,6138.19,70905.06,92.03,Highly Profitable
C02348,36,Female,East,Salaried,737000,Mass,Savings,1,No Loan,0,429000,137800,No,1887.85,2193.67,0.0,2398.86,1167.52,1860.68,1601.87,1118.81,6480.38,5748.88,731.5,11.29,Low Profitability
C02349,67,Female,North,Retired,366000,Mass,Current,2,No Loan,0,203500,81800,No,580.27,4325.63,0.0,1856.31,1559.56,1700.99,1749.37,1622.66,6762.2,6632.58,129.62,1.92,Low Profitability
C02350,35,Female,East,Self-Employed,1056000,Affluent,Current,2,Personal Loan,839313,1178800,516000,Yes,96737.68,6101.03,7084.87,639.56,2415.17,416.05,1722.23,2237.57,110563.14,6791.03,103772.11,93.86,Highly Profitable
C02351,45,Female,North,Salaried,617000,Mass,Savings,4,Home Loan,2469540,1087800,1064300,Yes,117072.01,9154.22,42327.07,2486.51,2517.26,1322.09,801.51,2932.32,171039.81,7573.18,163466.63,95.57,Highly Profitable
C02352,56,Male,North,Salaried,412000,Mass,Salary,1,Personal Loan,682006,724000,743200,Yes,76827.12,2627.88,12943.48,124.6,1525.13,1679.34,1601.2,2258.71,92523.07,7064.38,85458.69,92.36,Highly Profitable
C02353,31,Male,North,Retired,347000,Mass,Savings,3,Personal Loan,105768,614100,552800,No,13751.67,4170.32,2073.81,1482.38,2359.69,1484.21,1077.43,1704.67,21478.18,6625.99,14852.19,69.15,Profitable
C02354,35,Male,West,Business Owner,651000,Mass,Savings,2,Home Loan,1620711,513000,475500,Yes,75110.33,4456.52,22589.99,1742.75,2195.99,402.56,794.24,3645.55,103899.59,7038.34,96861.25,93.23,Highly Profitable
C02355,24,Male,West,Business Owner,664000,Mass,Savings,5,Auto Loan,479371,1101400,596200,Yes,41991.7,8875.32,4988.51,537.82,3873.84,674.98,1650.49,1677.8,56393.35,7877.1,48516.25,86.03,Highly Profitable
C02356,41,Male,West,Salaried,526000,Mass,Savings,2,No Loan,0,464600,277400,No,2376.78,3765.51,0.0,223.18,1604.28,1030.33,1172.42,1511.96,6365.47,5318.98,1046.49,16.44,Low Profitability
C02357,33,Male,North,Professional,923000,Affluent,Savings,3,Personal Loan,151265,916000,447400,No,20024.63,3878.15,2463.64,117.74,2353.24,543.19,1430.88,779.65,26484.15,5106.95,21377.2,80.72,Profitable
C02358,42,Female,West,Self-Employed,848000,Mass,Savings,2,Auto Loan,564703,854600,909800,No,45768.76,2037.81,14061.11,2322.55,1677.71,578.29,602.69,2090.87,64190.22,4949.55,59240.67,92.29,Highly Profitable
C02359,39,Female,West,Business Owner,722000,Mass,Savings,3,Personal Loan,892172,184100,159900,No,99130.25,6042.44,15853.17,1498.7,1712.89,1034.01,833.32,1573.89,122524.55,5154.12,117370.42,95.79,Highly Profitable
C02360,54,Male,West,Retired,421000,Mass,Savings,3,Personal Loan,285734,186200,100600,No,32456.33,2997.7,3168.31,510.64,1629.19,1232.11,277.91,1552.37,39132.98,4691.59,34441.4,88.01,Highly Profitable
C02361,34,Male,North,Salaried,466000,Mass,Salary,1,Home Loan,2334656,751200,274400,Yes,108150.14,3549.78,33025.23,1577.6,1994.82,427.05,403.43,3644.45,146302.75,6469.75,139833.0,95.58,Highly Profitable
C02362,24,Male,South,Self-Employed,325000,Mass,Savings,3,Auto Loan,165383,529400,220000,No,13884.2,5554.74,2816.7,106.04,2722.57,1686.33,1239.2,1070.14,22361.69,6718.25,15643.43,69.96,Profitable
C02363,68,Female,East,Salaried,630000,Mass,Salary,3,Home Loan,1303447,304500,128900,Yes,59870.85,7692.62,28987.83,996.84,2395.54,1331.77,554.88,3163.84,97548.14,7446.03,90102.11,92.37,Highly Profitable
C02364,66,Female,West,Self-Employed,953000,Affluent,Salary,2,No Loan,0,618800,478100,Yes,3531.62,6426.42,0.0,1943.05,2543.05,2126.26,864.93,1634.83,11901.09,7169.07,4732.03,39.76,Low Profitability
C02365,47,Female,West,Salaried,360000,Mass,Savings,2,Personal Loan,734665,546900,556500,No,83242.69,3786.24,15874.48,339.25,2055.1,833.11,859.67,2406.82,103242.66,6154.7,97087.96,94.04,Highly Profitable
C02366,49,Male,North,Retired,514000,Mass,Savings,2,No Loan,0,250300,247400,Yes,1274.75,5507.75,0.0,1548.98,2388.43,795.45,1428.25,1756.99,8331.47,6369.12,1962.36,23.55,Low Profitability
C02367,67,Male,East,Salaried,680000,Mass,Savings,1,No Loan,0,1090300,337200,Yes,2262.17,3356.89,0.0,857.72,1874.95,944.68,1107.23,580.89,6476.79,4507.76,1969.03,30.4,Low Profitability
C02368,48,Male,West,Business Owner,952000,Affluent,Salary,1,Personal Loan,181674,1435900,1224400,Yes,26499.46,3380.3,3056.59,336.54,1764.61,1333.71,1283.89,1015.81,33272.89,5398.01,27874.88,83.78,Profitable
C02369,55,Female,South,Professional,311000,Mass,Current,3,No Loan,0,461000,181000,No,2025.6,2414.05,0.0,2079.14,1591.8,880.3,394.81,1423.87,6518.79,4290.79,2228.0,34.18,Low Profitability
C02370,28,Female,North,Retired,2373000,Premium,Salary,2,Personal Loan,487791,3847500,1976900,Yes,68616.7,6687.88,10198.45,1415.87,1699.42,876.69,1170.76,2072.49,86918.9,5819.37,81099.53,93.3,Highly Profitable
C02371,36,Female,West,Self-Employed,1059000,Affluent,Savings,1,Home Loan,4762414,1708600,1216900,No,222366.87,1212.63,105478.59,1998.93,1086.13,1933.07,1189.19,10482.56,331057.02,14690.95,316366.06,95.56,Highly Profitable
C02372,62,Male,West,Self-Employed,504000,Mass,Salary,3,Auto Loan,859890,838400,808900,No,69063.9,3163.42,11617.31,2424.36,1642.98,484.6,1052.93,2392.91,86268.98,5573.42,80695.57,93.54,Highly Profitable
C02373,56,Female,West,Salaried,389000,Mass,Savings,3,No Loan,0,622900,281100,No,3561.08,7087.99,0.0,540.56,2025.98,1249.65,361.89,1770.58,11189.63,5408.1,5781.52,51.67,Low Profitability
C02374,50,Female,East,Salaried,818000,Mass,Salary,5,No Loan,0,941900,935100,Yes,2851.31,9190.16,0.0,428.65,3083.01,1733.0,1434.15,1406.2,12470.12,7656.35,4813.77,38.6,Low Profitability
C02375,38,Male,North,Business Owner,907000,Affluent,Savings,4,Personal Loan,128709,372100,325400,No,15653.57,5074.49,2844.66,2454.05,2757.37,2117.95,1071.27,1142.98,26026.77,7089.57,18937.2,72.76,Profitable
C02376,22,Male,North,Salaried,406000,Mass,Current,3,No Loan,0,469000,386000,Yes,1503.55,8356.36,0.0,659.93,2958.58,1975.21,1067.4,1387.92,10519.83,7389.11,3130.72,29.76,Low Profitability
C02377,69,Female,North,Salaried,379000,Mass,Current,1,No Loan,0,646100,234500,No,2374.09,2254.12,0.0,1124.61,1216.63,703.14,1559.5,1187.01,5752.82,4666.28,1086.54,18.89,Low Profitability
C02378,33,Male,South,Salaried,428000,Mass,Current,3,Auto Loan,548695,747600,488300,Yes,44139.01,6904.86,13559.01,2107.18,3314.05,1175.24,589.02,1597.04,66710.05,6675.35,60034.7,89.99,Highly Profitable
C02379,24,Female,North,Business Owner,725000,Mass,Savings,3,No Loan,0,980200,474300,No,5039.36,7276.53,0.0,652.87,1916.04,1404.72,1010.78,1374.4,12968.76,5705.94,7262.82,56.0,Low Profitability
C02380,46,Female,West,Self-Employed,730000,Mass,Current,4,Personal Loan,349578,945200,708800,Yes,43807.15,5293.88,5611.48,1807.55,2626.04,917.33,1384.28,2468.61,56520.06,7396.27,49123.79,86.91,Highly Profitable
C02381,45,Female,West,Salaried,2302000,Premium,Savings,2,No Loan,0,3909800,3216000,Yes,17005.49,6981.14,0.0,1988.48,2875.59,904.85,1658.53,1145.37,25975.11,6584.35,19390.76,74.65,Profitable
C02382,50,Female,West,Salaried,213000,Mass,Savings,3,No Loan,0,134300,41000,No,801.67,4747.86,0.0,1291.35,1783.46,651.91,1560.24,1493.47,6840.89,5489.07,1351.81,19.76,Low Profitability
C02383,31,Female,South,Self-Employed,484000,Mass,Savings,3,No Loan,0,193200,154100,No,824.51,4753.32,0.0,1269.83,1539.81,395.77,1436.81,1735.12,6847.65,5107.51,1740.15,25.41,Low Profitability
C02384,27,Female,West,Business Owner,523000,Mass,Savings,2,Auto Loan,233090,328700,221300,Yes,19199.31,3756.03,4915.09,648.89,2154.73,1779.47,1598.03,989.68,28519.32,6521.92,21997.41,77.13,Profitable
C02385,51,Male,North,Self-Employed,915000,Affluent,Salary,3,Auto Loan,216843,1569900,1511600,Yes,20274.95,6957.76,3351.97,1602.25,2318.32,1151.03,628.42,1385.13,32186.94,5482.9,26704.03,82.97,Profitable
C02386,64,Male,West,Professional,935000,Affluent,Savings,1,Home Loan,3751926,467800,432400,Yes,169786.68,2391.93,49769.3,582.12,1906.94,1956.46,913.42,4200.81,222530.03,8977.63,213552.4,95.97,Highly Profitable
C02387,30,Male,East,Salaried,627000,Mass,Savings,3,Personal Loan,675452,326600,196300,Yes,74988.24,9894.42,5888.43,730.42,2932.53,664.73,1767.79,2332.76,91501.5,7697.82,83803.68,91.59,Highly Profitable
C02388,59,Female,West,Salaried,1607000,Affluent,Savings,3,Home Loan,821781,752700,812700,Yes,41171.21,4435.49,7802.99,1531.25,2491.93,1005.54,224.08,2340.55,54940.93,6062.1,48878.83,88.97,Highly Profitable
C02389,33,Male,West,Salaried,379000,Mass,Salary,2,No Loan,0,360000,269600,Yes,827.62,4789.32,0.0,766.0,2034.9,975.15,1784.07,715.71,6382.94,5509.84,873.11,13.68,Low Profitability
C02390,51,Male,East,Self-Employed,477000,Mass,Savings,4,Auto Loan,480437,698300,746600,Yes,39141.32,6253.89,5100.55,1213.17,4136.47,1450.15,367.85,2651.55,51708.93,8606.01,43102.92,83.36,Highly Profitable
C02391,27,Male,North,Business Owner,340000,Mass,Salary,4,Personal Loan,649167,265200,228400,Yes,72550.09,5940.18,5509.2,2380.86,3500.39,1227.25,1656.62,1584.5,86380.32,7968.76,78411.56,90.77,Highly Profitable
C02392,69,Female,East,Salaried,646000,Mass,Savings,2,Home Loan,965887,203600,121400,No,44507.89,4745.32,19157.14,1527.34,1237.19,1453.96,1099.33,2797.75,69937.69,6588.22,63349.47,90.58,Highly Profitable
C02393,62,Female,West,Business Owner,583000,Mass,Salary,1,No Loan,0,799500,358700,No,2601.46,1453.63,0.0,1902.11,1061.33,973.91,673.95,1745.08,5957.2,4454.28,1502.92,25.23,Low Profitability
C02394,62,Female,West,Self-Employed,1079000,Affluent,Savings,3,Auto Loan,617446,1247600,805400,Yes,50566.56,7521.62,8659.38,1787.12,2675.37,2088.83,1720.21,1516.8,68534.68,8001.21,60533.47,88.33,Highly Profitable
C02395,56,Male,South,Retired,1940000,Premium,Salary,3,Personal Loan,686674,1824800,1908100,No,81763.04,7144.92,17006.34,2386.63,1699.93,2073.21,1165.74,2509.53,108300.94,7448.41,100852.53,93.12,Highly Profitable
C02396,40,Female,East,Business Owner,1589000,Affluent,Savings,2,No Loan,0,2766100,997700,Yes,7395.71,3986.78,0.0,356.42,2650.1,1778.3,1621.36,1490.22,11738.91,7539.98,4198.93,35.77,Low Profitability
C02397,24,Female,West,Business Owner,357000,Mass,Savings,4,Personal Loan,530293,330700,212100,No,59268.63,5159.74,5143.98,540.9,2431.72,2191.87,812.38,1225.14,70113.25,6661.11,63452.14,90.5,Highly Profitable
C02398,27,Male,East,Self-Employed,721000,Mass,Savings,5,No Loan,0,979600,533700,No,2733.33,4822.68,0.0,1745.84,2840.11,696.34,1246.8,1022.85,9301.86,5806.1,3495.76,37.58,Low Profitability
C02399,21,Male,North,Retired,1072000,Affluent,Salary,3,No Loan,0,441200,435500,No,1139.64,5451.67,0.0,2131.21,2769.83,1121.98,763.98,1038.79,8722.52,5694.58,3027.94,34.71,Low Profitability
C02400,64,Male,South,Retired,1011000,Affluent,Current,1,Personal Loan,927284,846500,790200,Yes,106304.77,4490.62,22481.87,1891.64,2319.6,1499.78,1786.74,2110.26,135168.9,7716.39,127452.51,94.29,Highly Profitable
C02401,65,Female,North,Self-Employed,2500000,Premium,Salary,3,No Loan,0,1250600,899600,Yes,5552.02,5190.02,0.0,454.37,2589.32,1040.25,1083.26,1178.13,11196.41,5890.95,5305.46,47.39,Low Profitability
C02402,62,Male,West,Self-Employed,620000,Mass,Savings,3,No Loan,0,449100,270700,No,1920.85,4674.2,0.0,1731.54,2048.72,732.89,1328.71,1451.17,8326.59,5561.49,2765.1,33.21,Low Profitability
C02403,67,Male,East,Self-Employed,731000,Mass,Savings,4,No Loan,0,688300,572400,Yes,3239.35,9356.71,0.0,1607.63,3367.09,382.16,690.47,968.49,14203.69,5408.21,8795.48,61.92,Low Profitability
C02404,33,Female,East,Self-Employed,2401000,Premium,Savings,2,No Loan,0,1051400,1114600,No,3553.16,1942.42,0.0,1388.65,1713.19,2096.57,1432.12,1029.62,6884.22,6271.5,612.72,8.9,Low Profitability
C02405,42,Male,North,Self-Employed,882000,Mass,Savings,3,No Loan,0,1301000,437100,Yes,6401.55,4298.34,0.0,1453.81,3517.87,738.0,890.69,1029.16,12153.7,6175.72,5977.98,49.19,Low Profitability
C02406,41,Male,West,Salaried,504000,Mass,Salary,2,No Loan,0,388300,393700,No,1201.44,2295.29,0.0,1557.15,2066.55,1195.48,1642.62,926.37,5053.87,5831.02,-777.15,-15.38,Low Profitability
C02407,42,Female,West,Retired,410000,Mass,Savings,3,No Loan,0,668000,334100,Yes,3520.88,4381.49,0.0,534.43,2350.78,342.18,1073.99,601.73,8436.8,4368.68,4068.12,48.22,Low Profitability
C02408,48,Male,North,Self-Employed,785000,Mass,Savings,1,Auto Loan,282228,991600,251500,No,25591.59,1442.3,6459.04,897.92,1064.88,1321.8,811.73,1320.51,34390.85,4518.91,29871.94,86.86,Profitable
C02409,29,Female,West,Professional,1259000,Affluent,Savings,4,Auto Loan,718689,555700,488900,Yes,56839.44,8014.39,15548.51,1569.72,4137.4,1890.85,1519.01,2012.02,81972.06,9559.28,72412.78,88.34,Highly Profitable
C02410,46,Male,North,Self-Employed,1250000,Affluent,Current,3,Auto Loan,424485,1511600,1390900,No,35190.1,4709.0,6357.63,290.64,2627.34,1170.32,1164.47,1388.58,46547.38,6350.7,40196.68,86.36,Highly Profitable
C02411,29,Female,West,Business Owner,433000,Mass,Savings,4,No Loan,0,81600,41500,No,438.43,6539.62,0.0,1804.35,1729.0,2032.06,1456.23,686.47,8782.4,5903.77,2878.63,32.78,Low Profitability
C02412,35,Female,South,Salaried,741000,Mass,Salary,2,Home Loan,4203572,1098300,1001300,Yes,191802.93,3997.41,92045.09,1889.22,2610.8,706.53,1322.11,8335.42,289734.64,12974.86,276759.78,95.52,Highly Profitable
C02413,30,Male,West,Business Owner,546000,Mass,Savings,3,Personal Loan,868991,959600,890800,No,100074.59,5781.12,20936.92,445.16,1881.35,685.03,958.22,1926.74,127237.79,5451.33,121786.45,95.72,Highly Profitable
C02414,44,Female,North,Self-Employed,645000,Mass,Salary,5,No Loan,0,818100,674100,No,2382.11,10236.59,0.0,781.78,3143.73,1437.34,1251.5,830.83,13400.49,6663.4,6737.09,50.27,Low Profitability
C02415,62,Female,North,Salaried,1152000,Affluent,Savings,5,Auto Loan,751706,1933900,547000,Yes,60606.98,7215.7,8662.84,654.62,3180.41,1839.4,1412.81,1117.24,77140.14,7549.87,69590.27,90.21,Highly Profitable
C02416,28,Female,South,Professional,681000,Mass,Savings,5,Education Loan,659625,433400,354200,Yes,44192.05,7797.06,13761.49,603.81,4040.32,309.28,1316.54,1691.23,66354.41,7357.37,58997.04,88.91,Highly Profitable
C02417,44,Female,North,Salaried,1002000,Affluent,Salary,1,Home Loan,4519903,850600,886800,No,206469.07,1276.96,43639.16,980.02,1099.11,781.95,715.4,5026.87,252365.2,7623.33,244741.86,96.98,Highly Profitable
C02418,36,Female,West,Self-Employed,1019000,Affluent,Savings,2,No Loan,0,866700,673700,No,2232.37,3015.04,0.0,1911.01,1777.88,772.22,831.89,1667.2,7158.42,5049.19,2109.23,29.46,Low Profitability
C02419,69,Male,South,Salaried,500000,Mass,Current,1,Personal Loan,640168,167400,94100,Yes,70820.0,2366.54,14485.34,1076.13,1512.41,1272.58,1722.59,2099.8,88748.01,6607.38,82140.63,92.55,Highly Profitable
C02420,46,Male,South,Professional,1376000,Affluent,Current,2,No Loan,0,2014600,1468600,No,12037.26,2299.28,0.0,1383.58,2066.6,1472.32,695.75,1784.32,15720.12,6018.99,9701.13,61.71,Low Profitability
C02421,47,Female,South,Salaried,383000,Mass,Savings,1,No Loan,0,370300,405200,No,858.1,924.9,0.0,394.38,1064.01,1331.14,1499.75,786.31,2177.38,4681.2,-2503.82,-114.99,Low Profitability
C02422,57,Male,East,Business Owner,349000,Mass,Salary,3,Home Loan,4633735,334800,218200,Yes,209442.82,4494.3,101995.73,1574.69,2455.05,763.82,497.13,7267.31,317507.53,10983.31,306524.22,96.54,Highly Profitable
C02423,24,Male,South,Salaried,538000,Mass,Current,4,No Loan,0,674100,650700,No,2029.94,8498.66,0.0,2497.9,2385.67,1954.55,827.12,1107.86,13026.5,6275.21,6751.29,51.83,Low Profitability
C02424,70,Male,South,Salaried,409000,Mass,Salary,3,No Loan,0,176700,65000,Yes,577.55,3367.89,0.0,1849.83,3178.46,1771.23,741.25,639.8,5795.27,6330.74,-535.47,-9.24,Low Profitability
C02425,44,Male,West,Professional,977000,Affluent,Savings,4,No Loan,0,1452600,432900,Yes,3667.91,6423.49,0.0,1263.8,2380.51,1508.0,1185.09,881.12,11355.21,5954.73,5400.48,47.56,Low Profitability
C02426,39,Male,North,Salaried,2867000,Premium,Savings,1,Personal Loan,926378,2160800,1256800,Yes,113481.23,2027.22,16186.62,1231.19,2274.26,1006.9,1685.4,2594.32,132926.25,7560.88,125365.37,94.31,Highly Profitable
C02427,56,Female,North,Business Owner,1302000,Affluent,Savings,4,Education Loan,546532,366400,134500,Yes,37612.56,9892.78,4574.3,2314.03,4113.31,923.38,1356.59,1563.16,54393.67,7956.44,46437.23,85.37,Highly Profitable
C02428,59,Male,West,Salaried,447000,Mass,Salary,1,Personal Loan,128279,207400,110100,No,14980.91,1363.46,1767.52,1078.84,1128.99,1709.66,439.64,1318.14,19190.73,4596.43,14594.3,76.05,Profitable
C02429,30,Male,North,Salaried,404000,Mass,Salary,3,No Loan,0,229200,196700,Yes,978.26,5209.67,0.0,1843.25,2931.07,533.78,1356.1,1357.24,8031.18,6178.2,1852.98,23.07,Low Profitability
C02430,45,Female,West,Self-Employed,1198000,Affluent,Savings,2,Personal Loan,160716,531400,334100,No,20853.94,4718.14,1300.65,1563.93,2012.78,364.31,230.46,970.47,28436.67,3578.02,24858.65,87.42,Profitable
C02431,38,Female,South,Self-Employed,365000,Mass,Savings,4,Personal Loan,666252,200600,104900,Yes,74398.08,9125.46,15162.38,1604.2,3708.18,2139.04,1261.75,2751.43,100290.11,9860.41,90429.7,90.17,Highly Profitable
C02432,39,Male,North,Business Owner,407000,Mass,Current,5,Auto Loan,816069,729800,735500,No,63854.15,11002.48,19804.62,300.96,2886.78,2103.83,1605.55,2287.32,94962.21,8883.48,86078.73,90.65,Highly Profitable
C02433,56,Male,North,Business Owner,858000,Mass,Salary,2,Personal Loan,298220,890000,229600,Yes,37285.87,5695.65,4467.97,1697.88,2473.8,2091.28,783.85,1916.75,49147.37,7265.69,41881.68,85.22,Highly Profitable
C02434,30,Female,East,Salaried,520000,Mass,Salary,1,No Loan,0,595300,560700,No,1822.27,2432.01,0.0,1640.86,1264.19,1340.31,1348.17,1583.21,5895.13,5535.89,359.24,6.09,Low Profitability
C02435,53,Female,North,Salaried,747000,Mass,Savings,3,No Loan,0,316700,246400,No,699.11,5315.0,0.0,1880.03,2353.92,483.82,1211.41,803.51,7894.14,4852.67,3041.48,38.53,Low Profitability
C02436,70,Female,North,Salaried,584000,Mass,Savings,3,Auto Loan,828493,130000,37600,No,62408.5,3674.6,15966.4,1725.92,1892.23,1250.36,347.85,1845.94,83775.42,5336.38,78439.04,93.63,Highly Profitable
C02437,25,Female,West,Professional,689000,Mass,Savings,3,No Loan,0,456200,127300,No,1895.86,5941.24,0.0,2211.6,2205.65,984.11,695.9,541.09,10048.71,4426.75,5621.96,55.95,Low Profitability
C02438,67,Female,East,Professional,1132000,Affluent,Savings,1,Home Loan,2491531,1607700,636800,Yes,118547.88,3287.15,56111.14,2493.83,2223.33,1400.43,1290.72,5234.32,180440.0,10148.8,170291.2,94.38,Highly Profitable
C02439,69,Male,North,Salaried,985000,Affluent,Salary,4,No Loan,0,1055900,1141200,No,2748.36,9779.54,0.0,558.37,2418.47,2009.41,246.16,1230.56,13086.26,5904.6,7181.67,54.88,Low Profitability
C02440,55,Female,South,Salaried,1159000,Affluent,Savings,2,Home Loan,916199,194500,62800,Yes,42281.72,5533.92,14536.49,2232.35,1658.23,1187.53,1078.23,2548.04,64584.47,6472.03,58112.45,89.98,Highly Profitable
C02441,64,Male,West,Salaried,995000,Affluent,Salary,2,No Loan,0,1444200,1268000,Yes,6255.79,6232.72,0.0,801.06,2173.81,1852.7,1072.69,713.32,13289.58,5812.52,7477.06,56.26,Low Profitability
C02442,54,Female,North,Retired,1034000,Affluent,Savings,2,No Loan,0,332500,196600,No,1172.43,4016.1,0.0,728.78,2081.48,1231.61,1450.26,991.16,5917.3,5754.51,162.79,2.75,Low Profitability
C02443,53,Female,West,Professional,699000,Mass,Current,5,Personal Loan,642960,612800,276500,Yes,73191.2,12242.14,15599.92,638.84,4270.81,2107.83,1763.22,1036.96,101672.1,9178.81,92493.29,90.97,Highly Profitable
C02444,41,Male,South,Salaried,315000,Mass,Savings,1,Personal Loan,473716,566700,418700,No,53462.97,1816.21,7798.76,1410.88,1226.72,1196.31,278.95,1921.81,64488.82,4623.79,59865.03,92.83,Highly Profitable
C02445,37,Male,South,Self-Employed,660000,Mass,Savings,4,No Loan,0,231200,130200,No,1294.6,5179.25,0.0,1364.65,2450.33,1651.35,347.46,1733.86,7838.5,6183.0,1655.51,21.12,Low Profitability
C02446,42,Male,South,Salaried,833000,Mass,Savings,2,Personal Loan,954336,1245200,639600,No,108914.52,1897.85,16175.76,2141.25,1269.22,1169.08,692.27,1665.33,129129.37,4795.91,124333.46,96.29,Highly Profitable
C02447,68,Male,South,Self-Employed,729000,Mass,Savings,2,No Loan,0,1070700,485800,No,2889.19,4047.7,0.0,1153.68,1748.51,1065.61,1119.31,1630.31,8090.58,5563.74,2526.84,31.23,Low Profitability
C02448,57,Female,North,Business Owner,882000,Mass,Salary,5,Home Loan,4899225,780000,498500,Yes,223354.11,13213.37,105798.64,1980.43,3170.48,1722.45,230.64,5523.06,344346.56,10646.63,333699.93,96.91,Highly Profitable
C02449,35,Male,South,Self-Employed,2175000,Premium,Savings,1,Personal Loan,738882,3872900,1526600,No,93378.64,2110.97,15848.29,2438.31,1209.27,1715.67,665.89,2129.92,113776.21,5720.75,108055.46,94.97,Highly Profitable
C02450,55,Female,North,Professional,531000,Mass,Salary,4,Home Loan,876764,349500,340500,No,40583.47,3469.42,17995.08,566.35,3404.58,712.77,391.95,1837.92,62614.32,6347.22,56267.1,89.86,Highly Profitable
C02451,48,Male,South,Self-Employed,560000,Mass,Salary,5,Personal Loan,638496,375800,283000,No,72225.5,4467.38,6591.8,300.81,3718.47,1077.7,1203.63,1804.0,83585.48,7803.8,75781.67,90.66,Highly Profitable
C02452,27,Female,West,Salaried,1361000,Affluent,Current,3,Auto Loan,228543,546400,165800,Yes,19429.08,5155.48,3416.71,939.52,3171.57,316.29,1341.11,993.95,28940.79,5822.93,23117.86,79.88,Profitable
C02453,52,Female,West,Business Owner,750000,Mass,Current,1,No Loan,0,570100,364000,No,3265.01,2201.55,0.0,2399.73,1326.97,335.01,235.17,1396.34,7866.29,3293.5,4572.79,58.13,Low Profitability
C02454,31,Female,North,Self-Employed,899000,Mass,Savings,4,No Loan,0,574500,451100,No,3332.94,7352.27,0.0,1978.83,1857.72,575.35,1696.61,1624.18,12664.03,5753.86,6910.17,54.57,Low Profitability
C02455,30,Male,North,Retired,506000,Mass,Savings,4,Personal Loan,585142,580600,570400,Yes,67829.59,8393.31,8619.34,1190.2,2607.94,1749.49,1378.84,1680.45,86032.44,7416.71,78615.72,91.38,Highly Profitable
C02456,29,Female,West,Salaried,468000,Mass,Current,5,Personal Loan,539507,101700,27500,No,59602.68,5813.32,9425.81,323.39,3473.64,443.22,727.5,2167.89,75165.2,6812.25,68352.95,90.94,Highly Profitable
C02457,34,Male,South,Salaried,360000,Mass,Current,4,Personal Loan,315126,238300,152000,No,35995.34,3720.58,4791.46,811.13,2881.49,2087.14,1355.63,1178.17,45318.51,7502.44,37816.07,83.45,Highly Profitable
C02458,33,Male,West,Business Owner,770000,Mass,Savings,2,Auto Loan,156736,121500,103300,No,12141.38,4306.8,3155.08,2228.46,1541.9,667.75,929.09,1698.69,21831.72,4837.43,16994.28,77.84,Profitable
C02459,45,Male,West,Self-Employed,409000,Mass,Salary,3,Personal Loan,560234,65600,27300,Yes,61922.06,7808.74,5236.52,469.58,2058.27,1984.19,1285.09,1090.03,75436.9,6417.58,69019.32,91.49,Highly Profitable
C02460,22,Male,South,Salaried,382000,Mass,Savings,3,Auto Loan,157956,574300,251600,Yes,15011.85,5996.89,3181.46,1670.3,3309.13,2105.86,875.11,935.39,25860.49,7225.49,18635.0,72.06,Profitable
C02461,55,Female,North,Retired,1007000,Affluent,Salary,2,Personal Loan,610250,1396900,930600,No,70440.25,4408.25,13582.8,1571.41,1294.44,1112.07,907.06,1992.05,90002.71,5305.62,84697.08,94.11,Highly Profitable
C02462,27,Male,South,Salaried,494000,Mass,Savings,3,No Loan,0,680600,681800,Yes,1774.6,6368.05,0.0,845.38,3188.13,1293.18,502.16,653.06,8988.03,5636.53,3351.5,37.29,Low Profitability
C02463,41,Female,North,Salaried,362000,Mass,Salary,4,Auto Loan,701904,265500,156300,No,53952.43,8721.42,11993.72,1517.13,1786.58,909.32,1587.42,2161.95,76184.71,6445.26,69739.45,91.54,Highly Profitable
C02464,38,Female,East,Professional,342000,Mass,Current,3,Auto Loan,885365,445900,295100,Yes,67912.66,4187.15,10854.49,1869.41,2684.89,2009.15,1660.89,2733.75,84823.72,9088.69,75735.03,89.29,Highly Profitable
C02465,23,Male,North,Salaried,1156000,Affluent,Current,4,No Loan,0,662700,523800,No,3061.78,5544.16,0.0,241.63,2701.73,1268.89,838.54,870.93,8847.57,5680.09,3167.49,35.8,Low Profitability
C02466,62,Female,West,Salaried,660000,Mass,Savings,1,No Loan,0,435900,224100,No,1070.58,2109.7,0.0,2013.13,1218.78,2164.96,819.36,680.47,5193.41,4883.56,309.85,5.97,Low Profitability
C02467,59,Male,North,Self-Employed,562000,Mass,Savings,2,Personal Loan,741255,605900,598000,Yes,85106.55,3249.93,15700.92,1204.66,2475.57,2140.99,453.06,1803.89,105262.07,6873.51,98388.55,93.47,Highly Profitable
C02468,61,Male,West,Salaried,769000,Mass,Savings,2,No Loan,0,1003100,1070900,No,4017.43,1737.01,0.0,633.05,1299.65,2109.11,718.77,1449.25,6387.49,5576.77,810.72,12.69,Low Profitability
C02469,69,Male,East,Retired,730000,Mass,Salary,2,Personal Loan,771066,429600,344900,No,87172.4,2111.16,7368.49,1394.24,1600.14,976.89,1483.32,2099.98,98046.29,6160.33,91885.97,93.72,Highly Profitable
C02470,31,Female,West,Self-Employed,523000,Mass,Current,2,Education Loan,139278,664600,526800,No,12176.58,4869.73,2557.32,241.54,1320.45,456.48,866.26,1592.4,19845.17,4235.6,15609.57,78.66,Profitable
C02471,59,Female,North,Self-Employed,583000,Mass,Savings,5,No Loan,0,1013300,833500,No,5884.18,9102.05,0.0,2119.97,4056.77,1571.3,1457.73,964.03,17106.21,8049.83,9056.38,52.94,Low Profitability
C02472,44,Male,West,Salaried,1046000,Affluent,Savings,3,No Loan,0,1009200,418600,Yes,4321.4,4506.65,0.0,2481.23,3311.85,1959.44,1566.96,839.24,11309.28,7677.49,3631.79,32.11,Low Profitability
C02473,66,Male,South,Salaried,1102000,Affluent,Current,2,Home Loan,3978119,905500,790100,Yes,181936.09,5510.79,53116.99,1726.29,2757.0,973.66,748.78,8237.24,242290.15,12716.68,229573.47,94.75,Highly Profitable
C02474,39,Female,West,Business Owner,441000,Mass,Savings,2,No Loan,0,235300,128200,Yes,1048.04,4896.52,0.0,863.49,2674.96,2129.17,1781.5,891.69,6808.05,7477.31,-669.26,-9.83,Low Profitability
C02475,24,Male,East,Self-Employed,1415000,Affluent,Salary,3,Auto Loan,607492,1043800,1142300,Yes,51811.69,6431.41,14242.07,2242.63,2540.45,2030.42,1151.48,1757.13,74727.8,7479.49,67248.31,89.99,Highly Profitable
C02476,46,Female,West,Professional,2113000,Premium,Savings,2,No Loan,0,2160700,1921600,No,11368.31,3867.05,0.0,848.57,1907.16,1496.31,737.69,514.58,16083.93,4655.74,11428.19,71.05,Profitable
C02477,58,Male,West,Salaried,596000,Mass,Savings,3,Personal Loan,319470,1017800,759500,No,39029.54,2970.22,6704.7,967.57,2138.19,521.74,384.34,1839.04,49672.03,4883.31,44788.71,90.17,Highly Profitable
C02478,62,Male,West,Business Owner,589000,Mass,Savings,2,No Loan,0,341800,350500,Yes,1799.95,3620.69,0.0,2313.37,2370.1,1995.94,711.59,1264.9,7734.0,6342.53,1391.48,17.99,Low Profitability
C02479,52,Female,South,Salaried,427000,Mass,Salary,2,Home Loan,1218174,227100,244000,No,55910.48,1727.78,12809.65,1589.3,1713.31,533.34,437.73,1748.86,72037.22,4433.24,67603.98,93.85,Highly Profitable
C02480,59,Male,East,Self-Employed,485000,Mass,Savings,3,Personal Loan,609430,841500,795500,No,71880.03,7063.76,4933.03,1012.46,2607.0,1293.69,1426.38,1464.4,84889.28,6791.47,78097.82,92.0,Highly Profitable
C02481,65,Female,West,Business Owner,836000,Mass,Savings,3,Education Loan,268452,961100,858400,No,20774.0,6954.23,6461.9,1160.95,2268.83,336.54,618.91,2016.21,35351.09,5240.49,30110.59,85.18,Highly Profitable
C02482,66,Female,West,Salaried,2503000,Premium,Savings,1,Personal Loan,420631,3412100,1028900,No,53644.79,1146.72,4067.83,1732.32,981.74,593.7,751.97,1720.15,60591.67,4047.56,56544.11,93.32,Highly Profitable
C02483,56,Male,South,Self-Employed,1045000,Affluent,Salary,5,Auto Loan,153205,1587400,1349500,Yes,15213.94,10772.12,1645.88,1666.77,4447.74,1371.09,709.99,1423.7,29298.72,7952.51,21346.2,72.86,Profitable
C02484,60,Male,West,Salaried,583000,Mass,Savings,1,Personal Loan,888902,166100,88900,Yes,98621.29,4444.94,13273.72,972.68,2385.29,302.87,1164.19,3167.0,117312.63,7019.34,110293.29,94.02,Highly Profitable
C02485,57,Female,West,Self-Employed,554000,Mass,Savings,1,Auto Loan,880205,526300,547600,Yes,68523.23,3884.8,11456.41,386.65,1854.15,587.63,766.44,2210.35,84251.09,5418.57,78832.52,93.57,Highly Profitable
C02486,53,Female,West,Business Owner,486000,Mass,Savings,3,No Loan,0,185200,142600,No,913.69,6566.41,0.0,1110.42,2181.13,719.31,430.13,1217.85,8590.52,4548.43,4042.08,47.05,Low Profitability
C02487,56,Male,West,Salaried,1254000,Affluent,Salary,3,Personal Loan,139182,1479900,836200,Yes,22222.39,6938.27,3067.03,1707.92,3604.59,381.23,1201.32,1411.06,33935.61,6598.2,27337.41,80.56,Profitable
C02488,23,Female,West,Retired,612000,Mass,Savings,1,No Loan,0,1054900,567700,No,4038.62,2155.25,0.0,738.05,1003.05,1401.38,1012.12,1390.05,6931.91,4806.59,2125.32,30.66,Low Profitability
C02489,29,Male,West,Self-Employed,899000,Mass,Salary,3,No Loan,0,218300,157500,No,496.05,6262.49,0.0,2222.31,1803.06,1751.44,1413.42,1113.96,8980.85,6081.89,2898.96,32.28,Low Profitability
C02490,28,Male,North,Retired,615000,Mass,Current,1,Personal Loan,322305,370400,247300,No,37432.3,1755.24,3904.91,914.43,1052.17,371.33,609.07,1944.22,44006.89,3976.78,40030.11,90.96,Highly Profitable
C02491,53,Female,South,Salaried,2244000,Premium,Current,5,Auto Loan,518351,4038000,2351100,No,49872.35,8312.54,5849.26,591.26,2734.46,1090.89,1578.56,1513.93,64625.42,6917.84,57707.58,89.3,Highly Profitable
C02492,26,Male,West,Retired,522000,Mass,Salary,3,Personal Loan,844875,83000,35500,No,93430.89,3893.17,10505.5,1108.58,2309.56,1331.18,810.75,2612.37,108938.14,7063.86,101874.28,93.52,Highly Profitable
C02493,61,Female,South,Salaried,475000,Mass,Savings,2,No Loan,0,180600,167400,No,509.58,2998.85,0.0,670.39,1662.59,1292.43,1197.11,1544.61,4178.83,5696.74,-1517.92,-36.32,Low Profitability
C02494,59,Male,West,Self-Employed,537000,Mass,Savings,1,No Loan,0,152100,94100,Yes,355.14,2671.73,0.0,1191.32,1902.8,1221.34,1785.91,972.32,4218.19,5882.36,-1664.18,-39.45,Low Profitability
C02495,24,Female,South,Retired,884000,Mass,Savings,3,No Loan,0,1247100,416600,Yes,4367.62,5200.0,0.0,312.93,2757.88,481.56,1303.62,1363.08,9880.55,5906.14,3974.41,40.22,Low Profitability
C02496,33,Male,West,Salaried,1541000,Affluent,Savings,3,Education Loan,309899,2140500,690500,No,27210.89,5072.8,4971.37,1149.88,1991.1,772.77,1027.14,1622.94,38404.93,5413.96,32990.98,85.9,Highly Profitable
C02497,69,Male,South,Salaried,885000,Mass,Salary,4,No Loan,0,1268200,573700,Yes,7490.63,8108.83,0.0,1872.56,4412.39,2062.72,631.16,1108.01,17472.03,8214.28,9257.75,52.99,Low Profitability
C02498,22,Female,West,Professional,1032000,Affluent,Salary,4,No Loan,0,1474200,1060500,Yes,5275.05,10532.13,0.0,777.54,2733.2,648.07,838.16,1418.41,16584.72,5637.83,10946.89,66.01,Profitable
C02499,25,Male,East,Self-Employed,956000,Affluent,Current,2,Personal Loan,284954,1460900,549000,Yes,34539.1,3279.4,5100.3,2462.12,2615.03,1789.86,339.61,1261.55,45380.91,6006.06,39374.85,86.77,Highly Profitable
C02500,64,Male,West,Self-Employed,280000,Mass,Salary,4,No Loan,0,399100,172700,No,2373.99,5916.32,0.0,543.29,3474.03,579.31,602.86,875.78,8833.6,5531.99,3301.61,37.38,Low Profitability
C02501,47,Male,North,Salaried,694000,Mass,Salary,3,No Loan,0,657800,445000,Yes,3384.96,7332.1,0.0,923.97,3894.13,1708.73,744.0,1336.87,11641.03,7683.73,3957.3,33.99,Low Profitability
C02502,52,Male,East,Business Owner,588000,Mass,Salary,3,Personal Loan,513315,811500,353100,No,61326.97,6750.48,8196.88,1280.75,2574.93,1589.78,1544.61,1685.46,77555.08,7394.78,70160.3,90.47,Highly Profitable
C02503,41,Female,North,Salaried,648000,Mass,Savings,3,Auto Loan,521298,736200,721000,No,41504.84,3715.62,11260.23,2124.21,1659.3,2185.19,348.12,1763.56,58604.9,5956.16,52648.74,89.84,Highly Profitable
C02504,28,Male,North,Retired,445000,Mass,Savings,1,Auto Loan,283914,335900,252400,Yes,22123.54,2767.78,3891.73,1143.43,1790.94,592.1,855.94,1034.76,29926.48,4273.74,25652.74,85.72,Profitable
C02505,58,Male,East,Business Owner,1129000,Affluent,Salary,2,Auto Loan,287785,1727800,558000,Yes,27788.02,4631.47,2512.41,1865.53,2150.67,824.36,1018.99,1967.55,36797.43,5961.58,30835.85,83.8,Highly Profitable
C02506,28,Male,West,Business Owner,719000,Mass,Current,4,Education Loan,312471,1042700,384700,Yes,22979.7,6237.91,6075.4,136.04,2517.54,1901.08,1732.1,1022.39,35429.05,7173.1,28255.94,79.75,Profitable
C02507,70,Male,West,Salaried,717000,Mass,Salary,3,No Loan,0,312800,130100,Yes,809.33,8060.13,0.0,161.4,2121.93,1358.41,799.86,1309.19,9030.86,5589.4,3441.46,38.11,Low Profitability
C02508,23,Male,East,Professional,646000,Mass,Savings,4,No Loan,0,122900,96500,Yes,689.55,11166.82,0.0,191.07,3318.68,926.14,1768.32,1529.77,12047.45,7542.91,4504.54,37.39,Low Profitability
C02509,64,Male,West,Self-Employed,495000,Mass,Savings,1,No Loan,0,332300,112900,No,1985.7,850.16,0.0,155.57,1260.47,585.93,996.78,1160.41,2991.42,4003.59,-1012.17,-33.84,Low Profitability
C02510,23,Male,East,Professional,263000,Mass,Savings,2,Personal Loan,275564,214700,61600,No,31595.45,2262.9,2883.65,590.74,1430.45,1359.29,1337.76,1391.05,37332.75,5518.56,31814.19,85.22,Highly Profitable
C02511,42,Female,West,Salaried,813000,Mass,Savings,2,Personal Loan,135516,355800,309300,No,16242.37,3569.0,3139.32,1530.22,1787.69,1216.98,347.57,1388.54,24480.92,4740.78,19740.14,80.63,Profitable
C02512,26,Female,South,Professional,745000,Mass,Salary,2,Home Loan,4398190,1162900,763300,No,201357.44,4414.49,40656.16,1996.95,1612.34,768.2,1300.96,8179.21,248425.04,11860.71,236564.33,95.23,Highly Profitable
C02513,22,Male,North,Self-Employed,939000,Affluent,Savings,5,No Loan,0,192900,187400,Yes,518.54,10211.15,0.0,1462.31,4794.89,1494.66,355.92,1041.25,12192.01,7686.72,4505.29,36.95,Low Profitability
C02514,43,Male,East,Salaried,728000,Mass,Savings,2,No Loan,0,690100,637600,Yes,2434.98,5520.52,0.0,295.13,2481.1,1597.0,1054.56,962.96,8250.63,6095.61,2155.01,26.12,Low Profitability
C02515,64,Male,North,Salaried,387000,Mass,Savings,3,Personal Loan,111222,93500,45100,No,12645.43,4553.48,1410.12,1788.69,2372.31,1353.1,736.17,2002.27,20397.72,6463.85,13933.87,68.31,Profitable
C02516,22,Male,West,Salaried,452000,Mass,Savings,3,No Loan,0,468000,193500,Yes,2328.0,6123.17,0.0,1427.1,2693.39,1565.0,715.37,985.53,9878.27,5959.28,3918.99,39.67,Low Profitability
C02517,58,Male,South,Salaried,1462000,Affluent,Savings,4,Auto Loan,396511,1337800,921600,Yes,35177.09,6659.0,5192.49,858.86,2732.96,785.58,333.95,1327.27,47887.43,5179.76,42707.67,89.18,Highly Profitable
C02518,37,Male,West,Salaried,834000,Mass,Salary,3,Education Loan,318555,1198700,381300,No,27144.24,3173.13,6424.5,524.33,2295.01,2018.69,1304.67,1329.27,37266.21,6947.64,30318.57,81.36,Highly Profitable
C02519,55,Male,South,Self-Employed,1089000,Affluent,Salary,3,No Loan,0,1402600,1105200,No,7964.9,6200.89,0.0,294.41,1792.31,400.68,1085.76,1575.37,14460.2,4854.12,9606.09,66.43,Low Profitability
C02520,54,Male,East,Business Owner,1160000,Affluent,Current,4,Home Loan,2061098,1789300,465800,Yes,102666.9,5427.35,19384.53,1287.35,4128.59,623.74,828.46,4529.5,128766.13,10110.29,118655.84,92.15,Highly Profitable
C02521,43,Male,North,Self-Employed,407000,Mass,Salary,1,Personal Loan,358096,426600,397900,Yes,40873.77,2553.33,7453.92,2118.85,1581.63,722.76,1762.61,1897.15,52999.87,5964.15,47035.72,88.75,Highly Profitable
C02522,50,Male,South,Salaried,580000,Mass,Salary,5,No Loan,0,874100,880300,No,5071.69,8632.51,0.0,341.65,4068.55,2111.38,248.52,1629.36,14045.85,8057.81,5988.05,42.63,Low Profitability
C02523,28,Male,West,Professional,1018000,Affluent,Savings,4,No Loan,0,1360600,1492300,Yes,7744.93,5599.3,0.0,354.6,2238.13,844.8,1234.93,524.13,13698.84,4842.0,8856.84,64.65,Low Profitability
C02524,42,Male,North,Retired,447000,Mass,Savings,2,No Loan,0,642000,348300,Yes,2341.13,6792.63,0.0,758.75,2271.33,2070.5,959.22,523.35,9892.51,5824.41,4068.1,41.12,Low Profitability
C02525,64,Male,North,Salaried,559000,Mass,Savings,3,Personal Loan,324221,637900,464200,No,38015.12,4464.31,6098.79,1012.05,2589.45,1206.02,1566.69,2146.1,49590.27,7508.26,42082.01,84.86,Highly Profitable
C02526,56,Male,South,Salaried,526000,Mass,Savings,4,No Loan,0,703400,691800,Yes,1626.38,8017.69,0.0,2483.15,2947.33,1664.12,1444.56,749.67,12127.22,6805.68,5321.54,43.88,Low Profitability
C02527,25,Male,West,Self-Employed,466000,Mass,Savings,4,Auto Loan,649139,378800,243500,Yes,50862.76,5886.74,8566.63,1394.46,3678.24,827.91,450.41,2614.24,66710.59,7570.8,59139.79,88.65,Highly Profitable
C02528,33,Male,South,Business Owner,652000,Mass,Savings,2,Education Loan,183026,189200,100300,No,12342.04,2347.31,3794.36,2087.33,1464.35,1636.16,793.38,1873.0,20571.03,5766.88,14804.15,71.97,Profitable
C02529,49,Male,West,Business Owner,536000,Mass,Savings,3,No Loan,0,448800,130800,Yes,1779.3,6250.71,0.0,641.12,3148.83,1953.68,1329.99,1175.81,8671.13,7608.31,1062.82,12.26,Low Profitability
C02530,51,Male,South,Business Owner,562000,Mass,Salary,1,No Loan,0,245100,143400,No,1197.47,1393.86,0.0,2283.99,1027.89,1396.74,861.31,555.9,4875.33,3841.84,1033.49,21.2,Low Profitability
C02531,67,Male,West,Salaried,811000,Mass,Salary,1,Home Loan,983708,963900,305600,No,49586.29,1992.21,11516.83,1885.18,1053.02,2034.38,1296.86,1479.86,64980.51,5864.12,59116.39,90.98,Highly Profitable
C02532,36,Male,South,Professional,1212000,Affluent,Savings,4,Auto Loan,486905,708200,395600,Yes,39551.8,11299.81,9141.99,902.32,4163.5,1038.88,1586.03,1553.65,60895.92,8342.06,52553.86,86.3,Highly Profitable
C02533,62,Female,West,Self-Employed,1066000,Affluent,Salary,4,No Loan,0,1845200,999300,No,8728.37,6644.6,0.0,1910.51,2978.44,1478.4,1357.04,1511.96,17283.48,7325.85,9957.63,57.61,Low Profitability
C02534,50,Male,North,Salaried,771000,Mass,Salary,3,Personal Loan,241592,460600,368500,No,28804.66,5997.3,2575.19,2227.64,2586.79,829.05,1064.8,1475.91,39604.8,5956.55,33648.25,84.96,Highly Profitable
C02535,36,Male,West,Salaried,1725000,Affluent,Savings,3,Auto Loan,645142,538100,302000,No,49496.23,3642.91,11673.82,962.77,2000.28,582.07,1469.38,2561.67,65775.73,6613.39,59162.34,89.95,Highly Profitable
C02536,32,Female,South,Salaried,1006000,Affluent,Current,4,No Loan,0,1612600,929700,Yes,9304.61,10721.96,0.0,2095.88,3025.42,608.22,1603.55,1197.7,22122.44,6434.89,15687.56,70.91,Profitable
C02537,37,Male,West,Business Owner,1090000,Affluent,Savings,4,No Loan,0,908800,448400,Yes,3125.99,10238.1,0.0,1168.36,4536.94,1143.67,845.39,646.79,14532.45,7172.79,7359.66,50.64,Low Profitability
C02538,36,Male,South,Business Owner,640000,Mass,Savings,2,Education Loan,502219,471700,361700,No,33922.58,3929.26,12086.56,1888.92,2069.27,2080.86,1570.7,974.11,51827.32,6694.93,45132.39,87.08,Highly Profitable
C02539,32,Female,West,Retired,566000,Mass,Savings,1,No Loan,0,911800,529700,No,3549.95,1332.77,0.0,806.51,1333.39,864.65,1486.23,1181.13,5689.23,4865.4,823.83,14.48,Low Profitability
C02540,28,Female,South,Salaried,861000,Mass,Savings,4,No Loan,0,1057500,1117000,Yes,5217.64,4571.87,0.0,1757.96,3516.12,477.83,856.93,1259.19,11547.48,6110.06,5437.42,47.09,Low Profitability
C02541,40,Male,West,Retired,1152000,Affluent,Savings,2,Personal Loan,987211,1184400,1194100,No,114881.61,4891.96,15252.22,2202.66,1650.99,1148.4,292.92,1600.53,137228.45,4692.84,132535.6,96.58,Highly Profitable
C02542,23,Male,West,Business Owner,770000,Mass,Savings,1,No Loan,0,531100,239700,Yes,2590.94,4524.78,0.0,1251.12,2097.04,570.33,1641.22,699.28,8366.85,5007.87,3358.98,40.15,Low Profitability
C02543,36,Male,North,Self-Employed,494000,Mass,Salary,3,Education Loan,653558,312500,185400,No,43606.44,3096.52,6802.36,1968.44,2005.91,699.29,572.12,2120.67,55473.76,5398.0,50075.76,90.27,Highly Profitable
C02544,50,Male,West,Professional,346000,Mass,Current,3,No Loan,0,382700,302100,No,1808.72,5214.4,0.0,1436.43,2242.44,2032.07,1602.55,1597.9,8459.54,7474.95,984.58,11.64,Low Profitability
C02545,65,Male,West,Business Owner,293000,Mass,Current,3,Auto Loan,751256,286300,75500,No,57411.38,5516.15,8036.39,2137.89,2009.18,1521.13,1327.29,931.58,73101.81,5789.18,67312.63,92.08,Highly Profitable
C02546,43,Male,East,Salaried,717000,Mass,Salary,4,No Loan,0,434100,192400,Yes,2581.8,7278.81,0.0,669.12,2609.14,1288.62,1783.89,1470.47,10529.73,7152.11,3377.62,32.08,Low Profitability
C02547,48,Male,East,Professional,1096000,Affluent,Current,2,No Loan,0,497200,244800,No,2976.17,3203.99,0.0,156.15,1997.51,726.84,532.01,1185.19,6336.31,4441.55,1894.76,29.9,Low Profitability
C02548,60,Female,South,Business Owner,197000,Mass,Savings,1,Home Loan,2179639,295400,174900,No,98969.71,1728.18,34266.46,1708.54,1274.99,477.52,662.55,4162.14,136672.9,6577.2,130095.7,95.19,Highly Profitable
C02549,25,Female,West,Business Owner,501000,Mass,Salary,2,Auto Loan,654176,643700,647500,Yes,51595.07,6449.9,7855.11,1965.02,2438.87,2090.31,348.05,1324.39,67865.1,6201.62,61663.48,90.86,Highly Profitable
C02550,40,Male,West,Professional,458000,Mass,Salary,1,No Loan,0,819300,271900,No,3527.96,2179.87,0.0,288.49,1023.06,1317.84,1782.51,1068.68,5996.32,5192.09,804.23,13.41,Low Profitability
C02551,60,Female,South,Self-Employed,862000,Mass,Savings,3,Personal Loan,876520,862900,264000,Yes,100339.04,8073.94,20713.38,1680.76,2474.36,547.12,1191.37,2607.84,130807.12,6820.69,123986.44,94.79,Highly Profitable
C02552,64,Male,West,Business Owner,485000,Mass,Savings,2,No Loan,0,868500,707600,Yes,3244.45,3896.86,0.0,604.95,2487.65,1177.38,630.32,666.56,7746.25,4961.9,2784.35,35.94,Low Profitability
C02553,21,Female,East,Professional,356000,Mass,Current,4,Auto Loan,310672,324100,181400,Yes,24628.29,6202.34,6048.07,2475.52,4103.92,1467.92,974.09,2272.3,39354.22,8818.23,30535.99,77.59,Highly Profitable
C02554,50,Male,West,Self-Employed,501000,Mass,Savings,4,Auto Loan,650695,517400,207500,Yes,50984.03,8252.2,9616.71,1978.83,3450.3,1606.32,1753.86,860.82,70831.78,7671.3,63160.47,89.17,Highly Profitable
C02555,41,Male,East,Salaried,459000,Mass,Savings,2,Home Loan,802480,227200,192300,Yes,36918.57,4883.39,8672.34,471.05,2263.46,473.28,755.88,1437.68,50945.35,4930.3,46015.05,90.32,Highly Profitable
C02556,40,Male,North,Professional,705000,Mass,Savings,2,Home Loan,2906190,279700,127700,Yes,131696.46,4624.01,58535.41,1240.05,2729.27,1641.78,1493.36,3554.66,196095.92,9419.07,186676.86,95.2,Highly Profitable
C02557,26,Male,South,Salaried,622000,Mass,Salary,2,No Loan,0,1058200,773300,No,4802.62,4948.49,0.0,1990.38,1969.55,1774.76,408.74,505.63,11741.48,4658.67,7082.81,60.32,Low Profitability
C02558,42,Male,West,Business Owner,893000,Mass,Savings,3,No Loan,0,1579700,943800,Yes,5952.56,7273.07,0.0,1352.22,3395.66,998.46,1363.34,1791.77,14577.85,7549.23,7028.62,48.21,Low Profitability
C02559,38,Female,East,Retired,698000,Mass,Savings,2,No Loan,0,735300,409600,No,4329.89,3276.65,0.0,2448.85,1843.21,1571.83,811.05,538.74,10055.39,4764.83,5290.56,52.61,Low Profitability
C02560,28,Female,West,Salaried,1223000,Affluent,Savings,4,No Loan,0,732800,632400,Yes,2566.82,9045.91,0.0,1138.3,2725.39,487.5,510.19,1319.98,12751.03,5043.06,7707.97,60.45,Low Profitability
C02561,59,Male,South,Salaried,547000,Mass,Salary,2,Home Loan,4673126,940700,725700,No,212908.99,3140.4,50196.01,2228.52,1354.44,2188.61,1609.16,9385.57,268473.91,14537.79,253936.12,94.59,Highly Profitable
C02562,52,Male,South,Salaried,985000,Affluent,Salary,5,Personal Loan,605581,1442700,990800,Yes,71961.35,7825.74,11990.43,321.65,2580.7,437.1,1079.83,1209.46,92099.16,5307.08,86792.08,94.24,Highly Profitable
C02563,53,Male,West,Self-Employed,834000,Mass,Savings,3,No Loan,0,372500,133700,No,1723.82,3212.78,0.0,1417.64,2758.91,685.65,800.67,1622.13,6354.24,5867.36,486.87,7.66,Low Profitability
C02564,36,Female,North,Retired,595000,Mass,Savings,4,Auto Loan,797641,382100,285700,Yes,61262.53,6231.34,12025.81,2488.66,3091.65,1741.74,846.77,2644.72,82008.35,8324.89,73683.46,89.85,Highly Profitable
C02565,32,Female,North,Self-Employed,1022000,Affluent,Savings,3,Education Loan,284601,160400,134500,No,19003.16,6968.22,3967.78,1728.61,1718.52,2123.81,316.71,1856.87,31667.77,6015.92,25651.86,81.0,Profitable
C02566,58,Female,West,Salaried,450000,Mass,Salary,3,Personal Loan,665294,499600,470900,Yes,75171.21,5244.07,14831.1,469.18,2270.31,784.12,988.49,2475.61,95715.57,6518.52,89197.04,93.19,Highly Profitable
C02567,54,Female,North,Business Owner,1384000,Affluent,Current,3,Personal Loan,682899,1409700,711200,Yes,80458.82,8631.45,12006.13,1685.48,2538.24,487.17,1360.62,1951.91,102781.89,6337.94,96443.95,93.83,Highly Profitable
C02568,34,Male,West,Business Owner,457000,Mass,Current,4,No Loan,0,192100,91200,Yes,1109.68,9579.63,0.0,1120.85,2989.3,568.51,1516.92,827.92,11810.16,5902.65,5907.51,50.02,Low Profitability
C02569,56,Male,North,Salaried,335000,Mass,Savings,3,No Loan,0,237800,210800,Yes,493.57,7849.79,0.0,1790.0,3162.47,1598.15,1530.49,905.81,10133.36,7196.92,2936.44,28.98,Low Profitability
C02570,53,Male,South,Business Owner,321000,Mass,Savings,4,No Loan,0,545600,353200,Yes,1953.15,10342.06,0.0,943.44,4574.76,1269.23,1550.0,1573.27,13238.64,8967.27,4271.37,32.26,Low Profitability
C02571,43,Female,South,Salaried,736000,Mass,Savings,2,Education Loan,110685,898500,534600,Yes,10217.04,4168.22,2662.78,1286.53,2519.17,1978.06,1556.93,1714.45,18334.57,7768.6,10565.97,57.63,Profitable
C02572,70,Male,West,Professional,513000,Mass,Salary,2,Home Loan,1545254,807400,312100,No,71872.87,1859.16,29498.11,621.19,1486.62,491.6,950.26,1610.71,103851.33,4539.18,99312.15,95.63,Highly Profitable
C02573,65,Male,East,Salaried,773000,Mass,Current,2,Auto Loan,494821,1185200,733700,Yes,42071.61,6438.42,9417.08,486.34,2023.14,1252.71,892.93,1600.43,58413.46,5769.21,52644.25,90.12,Highly Profitable
C02574,22,Female,East,Salaried,382000,Mass,Current,4,No Loan,0,637600,552900,No,2841.3,9356.83,0.0,816.54,2217.36,1463.82,377.57,1479.32,13014.67,5538.06,7476.61,57.45,Low Profitability
C02575,61,Male,North,Professional,915000,Affluent,Salary,1,Personal Loan,483497,200000,126600,No,53592.84,1451.26,4002.52,1961.97,1228.57,1938.94,666.46,1372.41,61008.58,5206.38,55802.2,91.47,Highly Profitable
C02576,41,Male,North,Self-Employed,775000,Mass,Salary,4,No Loan,0,451900,448200,No,2126.03,3231.65,0.0,2004.12,3401.46,1352.09,560.79,1297.47,7361.81,6611.81,749.99,10.19,Low Profitability
C02577,22,Female,North,Salaried,544000,Mass,Savings,2,Auto Loan,470339,454600,115300,No,36880.47,4205.53,5748.65,1404.49,1642.01,646.82,1176.7,1533.49,48239.13,4999.01,43240.12,89.64,Highly Profitable
C02578,47,Male,South,Retired,987000,Affluent,Savings,1,No Loan,0,1190500,479700,No,6776.45,1420.4,0.0,548.27,1012.92,1988.75,718.07,783.12,8745.12,4502.85,4242.27,48.51,Low Profitability
C02579,29,Male,South,Business Owner,960000,Affluent,Salary,2,Personal Loan,406107,1107300,855300,No,50179.54,3591.11,4306.63,2041.9,2051.57,1944.95,1052.64,1889.77,60119.19,6938.93,53180.27,88.46,Highly Profitable
C02580,21,Female,West,Salaried,736000,Mass,Salary,2,No Loan,0,409300,336100,No,1659.81,2311.95,0.0,2180.66,2066.58,1959.12,804.47,889.56,6152.42,5719.73,432.68,7.03,Low Profitability
C02581,31,Female,South,Business Owner,1140000,Affluent,Savings,3,Home Loan,2340225,533700,258500,No,108408.8,5874.73,26520.4,345.62,2658.47,1415.14,1624.23,5081.89,141149.56,10779.73,130369.83,92.36,Highly Profitable
C02582,23,Female,West,Professional,1289000,Affluent,Salary,3,Personal Loan,844571,1123700,1180600,Yes,98239.95,7610.2,20633.64,1094.21,3564.2,2130.31,879.65,1767.22,127578.01,8341.39,119236.62,93.46,Highly Profitable
C02583,43,Male,West,Business Owner,454000,Mass,Savings,2,Personal Loan,489306,255800,135800,Yes,55162.07,2327.0,5443.87,1422.31,3029.16,1355.62,1540.93,1925.93,64355.25,7851.65,56503.6,87.8,Highly Profitable
C02584,46,Male,South,Salaried,1305000,Affluent,Savings,4,No Loan,0,2273900,1363200,Yes,13246.52,4988.02,0.0,2034.19,2568.69,582.47,265.91,1062.14,20268.73,4479.21,15789.52,77.9,Profitable
C02585,24,Female,South,Business Owner,427000,Mass,Savings,2,Personal Loan,365197,744300,803800,No,44310.99,3088.29,6479.33,1617.13,1494.5,1059.0,252.48,2128.71,55495.73,4934.68,50561.05,91.11,Highly Profitable
C02586,38,Male,North,Business Owner,1070000,Affluent,Salary,3,Personal Loan,607938,360600,237000,No,67696.32,3236.07,6735.96,1088.92,2468.1,1867.3,1368.84,2241.84,78757.27,7946.09,70811.18,89.91,Highly Profitable
C02587,26,Male,North,Professional,1179000,Affluent,Current,4,Education Loan,449130,1548500,1193800,Yes,33592.54,10567.17,8672.45,1212.66,4000.58,2158.93,1335.46,1874.51,54044.82,9369.48,44675.34,82.66,Highly Profitable
C02588,55,Female,East,Salaried,636000,Mass,Current,1,No Loan,0,334900,237500,No,1513.18,977.41,0.0,1129.65,1052.35,1878.74,237.44,774.79,3620.24,3943.32,-323.08,-8.92,Low Profitability
C02589,42,Male,North,Business Owner,680000,Mass,Savings,2,Education Loan,301468,907000,363600,Yes,21993.23,5038.38,4645.09,404.49,2649.87,990.15,980.37,2006.87,32081.19,6627.25,25453.94,79.34,Profitable
C02590,63,Male,South,Salaried,594000,Mass,Savings,2,Personal Loan,643626,840900,918900,Yes,74043.88,3357.12,8977.17,1986.54,2337.28,318.6,279.2,1682.96,88364.71,4618.04,83746.67,94.77,Highly Profitable
C02591,35,Male,West,Business Owner,445000,Mass,Salary,3,No Loan,0,102100,30700,No,400.3,7168.36,0.0,253.93,2605.49,638.58,466.66,903.82,7822.59,4614.54,3208.05,41.01,Low Profitability
C02592,42,Male,West,Retired,493000,Mass,Savings,1,Home Loan,4220710,639600,694600,No,192395.92,1025.98,91573.48,1746.53,1106.35,370.26,1740.48,4868.91,286741.91,8086.01,278655.91,97.18,Highly Profitable
C02593,57,Male,West,Salaried,920000,Affluent,Current,1,Personal Loan,971643,1499300,971200,No,114812.04,2122.13,12775.71,467.41,1038.47,1861.47,744.26,2763.43,130177.28,6407.62,123769.66,95.08,Highly Profitable
C02594,62,Male,North,Salaried,1121000,Affluent,Salary,2,No Loan,0,568200,233600,No,2248.81,4861.37,0.0,1106.14,1953.88,882.38,950.95,1636.51,8216.32,5423.72,2792.6,33.99,Low Profitability
C02595,32,Female,South,Self-Employed,694000,Mass,Current,1,Home Loan,3366413,236400,92600,No,152782.83,2426.86,70809.62,390.71,1026.74,1620.66,1292.22,5063.11,226410.02,9002.72,217407.3,96.02,Highly Profitable
C02596,67,Female,West,Business Owner,402000,Mass,Salary,2,Personal Loan,387949,436300,352200,Yes,44897.04,4019.75,6288.3,1519.1,2630.33,1076.3,1672.54,1157.99,56724.2,6537.15,50187.05,88.48,Highly Profitable
C02597,69,Male,North,Salaried,373000,Mass,Savings,2,Home Loan,1892487,374400,319800,Yes,86872.85,4468.94,29875.18,2263.14,1808.08,818.37,438.12,3554.78,123480.1,6619.36,116860.75,94.64,Highly Profitable
C02598,62,Male,West,Business Owner,660000,Mass,Current,3,Home Loan,1643118,1063600,1078400,No,78526.55,3162.37,16068.21,1561.12,2050.74,1296.68,562.97,2924.75,99318.26,6835.15,92483.11,93.12,Highly Profitable
C02599,58,Male,West,Professional,524000,Mass,Savings,1,Personal Loan,741992,468600,211400,Yes,82991.62,2487.66,7041.89,1043.37,2033.49,1229.52,1095.4,2359.09,93564.55,6717.51,86847.04,92.82,Highly Profitable
C02600,38,Male,East,Business Owner,1344000,Affluent,Savings,3,No Loan,0,1118700,691600,No,5674.32,5878.68,0.0,2351.03,2386.38,1863.81,1257.48,1116.07,13904.03,6623.74,7280.3,52.36,Low Profitability
C02601,65,Female,South,Business Owner,476000,Mass,Savings,4,No Loan,0,632200,679900,No,3298.68,3273.14,0.0,811.6,3471.85,1622.83,896.17,929.4,7383.42,6920.25,463.17,6.27,Low Profitability
C02602,55,Female,West,Salaried,972000,Affluent,Savings,3,Personal Loan,710341,270000,165700,Yes,79206.05,7312.84,11589.59,714.36,3202.0,889.81,1245.21,1707.28,98822.83,7044.3,91778.52,92.87,Highly Profitable
C02603,50,Female,South,Retired,498000,Mass,Salary,4,No Loan,0,121600,77900,No,350.39,3321.22,0.0,1816.7,3300.58,1831.62,218.28,1583.59,5488.32,6934.07,-1445.75,-26.34,Low Profitability
C02604,44,Male,South,Salaried,599000,Mass,Current,3,No Loan,0,588900,291700,Yes,2968.3,7070.1,0.0,2396.48,3875.76,1436.38,516.18,1489.88,12434.88,7318.19,5116.69,41.15,Low Profitability
C02605,62,Male,South,Salaried,770000,Mass,Savings,3,No Loan,0,228600,226400,No,1188.84,6686.19,0.0,1968.15,1572.11,945.2,1539.23,798.31,9843.18,4854.85,4988.33,50.68,Low Profitability
C02606,50,Male,West,Salaried,932000,Affluent,Savings,2,No Loan,0,1584000,888300,No,6761.29,2824.55,0.0,1026.15,2081.13,1839.93,1409.44,1434.44,10611.98,6764.95,3847.04,36.25,Low Profitability
C02607,34,Male,North,Business Owner,883000,Mass,Savings,2,Personal Loan,383393,1085600,857900,No,47371.77,2982.52,5582.76,760.64,2002.98,1003.27,1217.14,2079.47,56697.69,6302.87,50394.82,88.88,Highly Profitable
C02608,26,Female,West,Professional,514000,Mass,Current,2,Personal Loan,739448,716300,290300,Yes,84988.6,5661.05,14715.64,1212.44,2309.02,400.42,1078.0,1793.57,106577.73,5581.01,100996.72,94.76,Highly Profitable
C02609,23,Female,South,Salaried,740000,Mass,Salary,1,Auto Loan,550121,390500,302000,Yes,42495.52,3328.84,6813.34,1877.79,2091.02,1969.87,520.28,2115.99,54515.5,6697.16,47818.34,87.72,Highly Profitable
C02610,36,Male,South,Professional,570000,Mass,Savings,5,No Loan,0,550100,574200,No,1722.3,12497.0,0.0,773.15,2816.65,1144.85,634.81,578.2,14992.45,5174.51,9817.94,65.49,Low Profitability
C02611,27,Female,North,Professional,319000,Mass,Savings,4,No Loan,0,118300,107700,No,571.62,6876.14,0.0,2114.29,2755.29,912.88,1742.76,506.09,9562.05,5917.03,3645.03,38.12,Low Profitability
C02612,34,Male,West,Self-Employed,794000,Mass,Savings,1,Home Loan,3456623,385200,118500,No,157107.95,2252.79,29461.91,1627.39,1281.48,2035.77,202.96,5030.26,190450.05,8550.46,181899.58,95.51,Highly Profitable
C02613,29,Male,West,Professional,1402000,Affluent,Savings,3,Education Loan,445526,1524700,1202800,No,35133.12,2686.19,11083.25,1259.38,2406.58,778.51,905.89,2056.99,50161.94,6147.97,44013.98,87.74,Highly Profitable
C02614,35,Female,West,Salaried,1637000,Affluent,Current,3,Auto Loan,377135,1001600,726000,No,34129.34,2946.13,5464.01,316.81,1855.42,2143.32,216.45,1262.56,42856.3,5477.74,37378.56,87.22,Highly Profitable
C02615,41,Male,East,Salaried,834000,Mass,Savings,3,Personal Loan,344313,1387200,746000,Yes,45084.23,7839.83,8415.68,1109.13,2993.73,354.23,747.78,1713.03,62448.87,5808.78,56640.09,90.7,Highly Profitable
C02616,55,Male,West,Professional,804000,Mass,Savings,3,Home Loan,3358228,1440900,1392300,No,155477.74,4330.01,63851.93,675.04,1456.28,1572.45,720.06,7041.48,224334.7,10790.27,213544.44,95.19,Highly Profitable
C02617,22,Female,West,Self-Employed,180000,Mass,Savings,1,Personal Loan,561660,28200,26000,No,61884.84,1184.3,13365.21,1321.8,1026.43,413.4,385.35,1841.12,77756.14,3666.3,74089.85,95.28,Highly Profitable
C02618,47,Female,East,Salaried,3137000,Premium,Savings,3,Personal Loan,160230,4399700,3525500,No,41032.11,4466.7,1429.75,1669.39,1655.02,472.68,311.09,1202.62,48597.96,3641.4,44956.55,92.51,Highly Profitable
C02619,22,Male,North,Business Owner,1538000,Affluent,Savings,3,Personal Loan,237404,523400,461900,No,27314.53,5080.65,5776.84,863.44,2450.38,2125.46,1563.45,1847.76,39035.47,7987.05,31048.42,79.54,Highly Profitable
C02620,55,Male,South,Professional,1063000,Affluent,Salary,3,No Loan,0,1167300,483500,No,3833.62,4052.96,0.0,2050.92,2660.92,2048.66,718.71,1490.82,9937.5,6919.11,3018.39,30.37,Low Profitability
C02621,38,Female,West,Business Owner,728000,Mass,Current,2,No Loan,0,383700,396100,No,1288.79,2272.02,0.0,2181.42,1277.71,1903.24,1095.5,1288.1,5742.24,5564.55,177.68,3.09,Low Profitability
C02622,34,Female,North,Salaried,205000,Mass,Current,5,Home Loan,2870979,357100,292000,Yes,130465.69,5377.08,55725.3,666.29,4641.79,1590.03,1411.06,2712.89,192234.36,10355.77,181878.58,94.61,Highly Profitable
C02623,40,Female,North,Self-Employed,774000,Mass,Savings,4,Auto Loan,361157,1234600,799600,Yes,30835.7,9916.72,7571.46,166.8,3366.22,1186.81,1062.02,1385.4,48490.68,7000.44,41490.24,85.56,Highly Profitable
C02624,38,Male,South,Professional,712000,Mass,Savings,3,No Loan,0,806300,333900,Yes,3682.85,8186.87,0.0,511.57,3347.0,1588.41,899.81,1062.12,12381.29,6897.34,5483.95,44.29,Low Profitability
C02625,30,Female,West,Salaried,322000,Mass,Savings,1,Home Loan,4398669,141800,117700,No,198447.78,829.26,75574.46,1188.59,1023.77,1358.87,982.62,8745.62,276040.08,12110.88,263929.2,95.61,Highly Profitable
C02626,45,Male,North,Salaried,896000,Mass,Savings,2,Personal Loan,479289,1291500,429000,Yes,58106.08,4182.5,10486.19,1714.23,2535.74,1919.17,1536.71,1812.8,74489.0,7804.41,66684.58,89.52,Highly Profitable
C02627,22,Female,South,Self-Employed,1382000,Affluent,Savings,3,No Loan,0,1393700,727200,No,4307.05,6952.59,0.0,1531.96,2073.64,1712.62,1049.25,1163.92,12791.6,5999.43,6792.17,53.1,Low Profitability
C02628,45,Male,North,Business Owner,844000,Mass,Savings,1,Home Loan,1232688,978300,721700,Yes,60798.05,2492.45,22823.46,1498.59,1707.89,1593.88,494.35,1904.38,87612.55,5700.49,81912.05,93.49,Highly Profitable
C02629,53,Female,North,Salaried,843000,Mass,Savings,2,Education Loan,242097,1125100,899200,Yes,18912.56,4803.49,3240.82,654.88,2996.53,667.16,497.29,1643.88,27611.74,5804.86,21806.88,78.98,Profitable
C02630,56,Male,West,Salaried,873000,Mass,Savings,2,No Loan,0,730700,193400,No,4025.62,2427.21,0.0,485.09,1725.22,1552.0,1002.29,1219.81,6937.92,5499.32,1438.6,20.74,Low Profitability
C02631,51,Male,West,Salaried,586000,Mass,Salary,2,Home Loan,2259796,95400,24600,Yes,101949.96,4742.41,44656.39,185.56,2409.26,1224.29,522.8,3352.52,151534.32,7508.86,144025.46,95.04,Highly Profitable
C02632,34,Male,South,Salaried,1062000,Affluent,Savings,1,No Loan,0,797400,274900,Yes,2775.37,3331.06,0.0,1134.22,1905.9,1778.18,1465.8,1723.59,7240.64,6873.48,367.16,5.07,Low Profitability
C02633,21,Male,South,Salaried,1618000,Affluent,Savings,1,Auto Loan,299430,1347000,1216400,Yes,29349.37,4440.31,5480.83,823.11,2163.47,1163.87,1598.02,2124.82,40093.63,7050.17,33043.46,82.42,Highly Profitable
C02634,66,Female,East,Self-Employed,716000,Mass,Savings,3,Home Loan,4618609,540900,396000,No,209985.11,3963.78,99750.57,1415.9,1591.56,1245.83,458.06,3891.01,315115.36,7186.46,307928.89,97.72,Highly Profitable
C02635,36,Female,South,Self-Employed,462000,Mass,Current,4,Home Loan,3563265,702800,539200,Yes,162419.33,6729.26,82081.34,1545.5,3669.82,1088.72,902.34,5852.34,252775.43,11513.23,241262.21,95.45,Highly Profitable
C02636,66,Female,North,Self-Employed,327000,Mass,Current,3,Education Loan,208917,228400,174200,Yes,14642.51,6925.37,3595.01,791.21,3353.81,2169.94,1400.23,1158.18,25954.1,8082.17,17871.92,68.86,Profitable
C02637,23,Male,East,Salaried,922000,Affluent,Savings,3,No Loan,0,771700,217100,Yes,1937.5,8672.45,0.0,1427.6,3387.32,1428.06,333.88,1336.33,12037.55,6485.59,5551.96,46.12,Low Profitability
C02638,55,Female,West,Salaried,981000,Affluent,Salary,4,No Loan,0,246900,97900,No,706.43,3474.86,0.0,1560.7,2983.1,2031.65,1150.84,1306.88,5741.99,7472.47,-1730.48,-30.14,Low Profitability
C02639,61,Female,North,Salaried,855000,Mass,Savings,2,Home Loan,2141805,1139600,990000,Yes,99830.72,3987.84,43372.49,2211.99,2350.68,1956.45,1080.21,3587.63,149403.04,8974.98,140428.06,93.99,Highly Profitable
C02640,26,Male,West,Salaried,615000,Mass,Current,1,Personal Loan,981838,310800,248300,Yes,109350.37,4596.2,16581.88,451.35,1777.2,1730.26,1443.4,2547.94,130979.81,7498.8,123481.01,94.27,Highly Profitable
C02641,45,Male,West,Salaried,815000,Mass,Current,2,Auto Loan,674090,438300,275500,Yes,52401.53,4608.11,14560.77,1021.61,2392.35,1258.56,1724.39,2196.84,72592.02,7572.15,65019.88,89.57,Highly Profitable
C02642,33,Female,South,Salaried,521000,Mass,Salary,4,No Loan,0,582600,155800,No,2375.94,6089.38,0.0,862.78,2714.73,1323.07,978.88,1554.18,9328.1,6570.86,2757.24,29.56,Low Profitability
C02643,54,Female,North,Retired,473000,Mass,Current,3,Home Loan,3958695,838600,506800,No,180145.22,4917.66,34799.73,711.59,2636.92,2075.14,651.03,6144.08,220574.19,11507.16,209067.03,94.78,Highly Profitable
C02644,28,Female,North,Salaried,405000,Mass,Savings,1,Home Loan,4070209,334800,154300,No,184873.73,1234.87,46652.3,1120.89,1226.64,738.32,276.24,3496.68,233881.79,5737.88,228143.91,97.55,Highly Profitable
C02645,41,Male,North,Retired,407000,Mass,Savings,3,No Loan,0,280800,236600,Yes,709.62,9784.91,0.0,2362.04,2566.04,1789.2,1513.46,1365.16,12856.57,7233.86,5622.71,43.73,Low Profitability
C02646,54,Male,North,Salaried,937000,Affluent,Savings,5,Personal Loan,435163,196500,186900,No,48998.79,6915.76,5866.47,2123.56,2520.54,865.1,483.81,1661.71,63904.58,5531.15,58373.42,91.34,Highly Profitable
C02647,24,Male,West,Self-Employed,604000,Mass,Salary,1,No Loan,0,875300,593700,Yes,1978.93,3529.85,0.0,1353.69,1891.4,410.82,1565.87,1059.2,6862.48,4927.28,1935.2,28.2,Low Profitability
C02648,45,Female,South,Professional,481000,Mass,Savings,3,Auto Loan,587800,279500,165700,Yes,45627.8,5849.78,12047.26,1058.21,3614.96,1050.29,1185.98,1903.93,64583.05,7755.17,56827.88,87.99,Highly Profitable
C02649,35,Female,North,Salaried,331000,Mass,Savings,2,No Loan,0,469600,226400,Yes,1498.54,4533.53,0.0,1136.51,1952.84,1292.55,472.18,1060.91,7168.58,4778.49,2390.09,33.34,Low Profitability
C02650,24,Male,South,Salaried,1012000,Affluent,Savings,3,No Loan,0,623100,204800,No,2990.45,3402.08,0.0,706.3,1619.17,550.55,966.33,901.7,7098.84,4037.75,3061.09,43.12,Low Profitability
C02651,65,Female,West,Retired,1261000,Affluent,Savings,3,No Loan,0,251300,142200,No,837.55,5463.27,0.0,1678.5,1727.23,1719.62,1216.73,1531.9,7979.32,6195.48,1783.83,22.36,Low Profitability
C02652,32,Male,West,Self-Employed,399000,Mass,Current,4,No Loan,0,387800,320400,Yes,1892.49,9743.31,0.0,734.0,2653.96,1710.29,1173.61,1542.79,12369.8,7080.65,5289.15,42.76,Low Profitability
C02653,52,Female,South,Salaried,654000,Mass,Savings,3,Personal Loan,433412,1075800,878000,No,51897.4,6236.07,8310.37,367.02,2320.86,1688.28,230.73,2166.2,66810.86,6406.07,60404.79,90.41,Highly Profitable
C02654,52,Male,South,Salaried,419000,Mass,Savings,3,Auto Loan,686676,208400,125200,Yes,52356.62,7200.15,15388.65,870.27,3193.38,909.87,1141.66,1041.08,75815.68,6285.99,69529.69,91.71,Highly Profitable
C02655,48,Male,North,Retired,647000,Mass,Savings,2,Personal Loan,224446,261400,280000,Yes,25960.96,5127.05,4561.5,1269.01,2503.0,1245.81,1656.33,1464.04,36918.53,6869.18,30049.35,81.39,Highly Profitable
C02656,33,Male,South,Professional,978000,Affluent,Current,1,No Loan,0,444900,466700,Yes,1127.5,3484.28,0.0,1848.06,1449.61,630.4,1210.22,1550.56,6459.84,4840.78,1619.06,25.06,Low Profitability
C02657,51,Male,East,Self-Employed,1705000,Affluent,Savings,3,No Loan,0,2197700,2185200,No,6736.79,6862.13,0.0,1269.55,2383.92,1132.15,1109.5,508.69,14868.47,5134.26,9734.22,65.47,Low Profitability
C02658,34,Male,East,Salaried,547000,Mass,Savings,1,No Loan,0,413600,256600,Yes,2218.13,3153.89,0.0,183.48,1376.28,2115.09,1410.01,809.55,5555.5,5710.92,-155.43,-2.8,Low Profitability
C02659,40,Male,South,Professional,1029000,Affluent,Current,2,Personal Loan,333988,589100,521100,No,39777.99,2019.2,4274.5,1790.5,1397.32,874.74,1037.48,1793.58,47862.19,5103.11,42759.08,89.34,Highly Profitable
C02660,38,Female,South,Salaried,1043000,Affluent,Savings,2,Personal Loan,252278,737600,766800,No,32147.55,3080.68,2035.27,1957.78,1466.15,392.97,1388.1,1187.11,39221.29,4434.33,34786.96,88.69,Highly Profitable
C02661,49,Female,West,Salaried,644000,Mass,Savings,2,Home Loan,1449873,425000,372700,Yes,66133.31,5593.08,26625.85,347.47,1998.92,893.53,477.99,3922.72,98699.71,7293.16,91406.55,92.61,Highly Profitable
C02662,26,Male,South,Business Owner,1325000,Affluent,Salary,2,No Loan,0,1387600,719300,Yes,3564.39,6400.69,0.0,1830.88,2287.04,1886.72,1672.29,1220.97,11795.95,7067.03,4728.93,40.09,Low Profitability
C02663,52,Male,North,Salaried,585000,Mass,Savings,3,Home Loan,4465784,216500,66600,No,201685.4,5406.39,69796.66,1676.29,2418.11,2022.93,895.96,6537.08,278564.73,11874.09,266690.64,95.74,Highly Profitable
C02664,49,Male,East,Business Owner,889000,Mass,Savings,2,Personal Loan,268204,879600,936200,No,33701.29,1811.61,4396.52,1036.59,1566.63,318.13,812.16,966.44,40946.01,3663.36,37282.65,91.05,Highly Profitable
C02665,63,Female,West,Professional,511000,Mass,Savings,3,No Loan,0,339500,371300,No,1107.51,6084.01,0.0,2011.24,1674.94,1212.58,1391.89,677.8,9202.76,4957.21,4245.55,46.13,Low Profitability
C02666,22,Male,North,Professional,938000,Affluent,Savings,3,Auto Loan,856872,1584100,1330000,Yes,69625.78,6816.37,10341.55,1805.36,2392.37,2101.42,1138.82,1689.18,88589.06,7321.79,81267.27,91.74,Highly Profitable
C02667,43,Female,North,Salaried,887000,Mass,Savings,4,No Loan,0,750400,388700,No,2183.47,6271.48,0.0,1466.11,2538.59,538.81,587.54,1571.03,9921.07,5235.98,4685.08,47.22,Low Profitability
C02668,39,Female,North,Salaried,1345000,Affluent,Salary,2,Personal Loan,223600,423700,417500,No,26984.98,2154.2,3705.47,1930.32,1991.78,418.99,633.68,777.59,34774.97,3822.03,30952.94,89.01,Highly Profitable
C02669,51,Male,West,Salaried,1921000,Premium,Salary,4,Education Loan,572630,3247400,3443700,Yes,50828.26,9548.57,11299.38,1146.36,3390.92,1740.35,1219.71,940.71,72822.58,7291.69,65530.89,89.99,Highly Profitable
C02670,25,Male,North,Salaried,1158000,Affluent,Savings,1,No Loan,0,1965000,1337100,No,5185.12,1619.91,0.0,1561.16,975.76,1516.06,825.12,1342.19,8366.19,4659.12,3707.07,44.31,Low Profitability
C02671,39,Male,South,Self-Employed,1012000,Affluent,Savings,3,No Loan,0,444800,229000,Yes,1925.47,4906.91,0.0,198.06,3941.81,1670.26,858.75,1092.83,7030.44,7563.65,-533.21,-7.58,Low Profitability
C02672,54,Male,South,Salaried,565000,Mass,Savings,1,Personal Loan,921387,845900,503700,Yes,103584.08,2233.47,16519.01,1182.78,1570.51,816.47,1280.05,2517.17,123519.34,6184.2,117335.14,94.99,Highly Profitable
C02673,30,Female,West,Salaried,201000,Mass,Current,3,No Loan,0,316000,98800,Yes,975.62,8073.33,0.0,1552.17,3095.91,1066.34,1188.59,691.05,10601.11,6041.9,4559.21,43.01,Low Profitability
C02674,45,Female,South,Salaried,1430000,Affluent,Savings,2,Personal Loan,440111,1053500,769900,No,53452.59,2999.03,8887.27,109.31,1507.23,1389.89,469.86,1600.49,65448.19,4967.47,60480.72,92.41,Highly Profitable
C02675,22,Male,West,Salaried,1943000,Premium,Savings,2,Auto Loan,791077,802800,459200,No,63371.04,3060.01,15726.35,1052.61,1828.35,1746.17,1610.09,2117.28,83210.0,7301.89,75908.12,91.22,Highly Profitable
C02676,31,Female,West,Self-Employed,831000,Mass,Salary,2,Personal Loan,362924,1219400,1221700,Yes,44472.86,5219.67,5950.66,1382.03,1791.66,905.5,725.3,898.09,57025.22,4320.56,52704.65,92.42,Highly Profitable
C02677,70,Female,South,Self-Employed,403000,Mass,Savings,4,Home Loan,2195854,79300,38400,No,99025.06,5220.46,17825.33,989.19,2622.4,1070.4,1272.04,2794.63,123060.03,7759.47,115300.56,93.69,Highly Profitable
C02678,51,Female,South,Self-Employed,1494000,Affluent,Savings,1,Home Loan,989306,1751000,450200,Yes,49502.34,2986.31,22692.13,969.68,1606.73,1319.22,1677.46,3579.11,76150.47,8182.52,67967.94,89.25,Highly Profitable
C02679,35,Male,North,Business Owner,1285000,Affluent,Savings,3,Auto Loan,713925,917800,804500,No,57360.98,5466.45,8637.98,2160.25,2328.92,311.93,903.74,2868.07,73625.65,6412.66,67212.99,91.29,Highly Profitable
C02680,29,Male,North,Business Owner,228000,Mass,Current,5,Home Loan,2327152,258400,66200,Yes,105847.37,9939.31,37372.92,2414.69,3662.85,1909.23,986.51,5780.98,155574.29,12339.57,143234.72,92.07,Highly Profitable
C02681,43,Male,West,Self-Employed,756000,Mass,Savings,1,Education Loan,270635,1097400,783600,No,23599.04,1961.51,3052.48,331.81,1006.67,1485.58,1280.1,1300.07,28944.84,5072.42,23872.42,82.48,Profitable
C02682,39,Female,North,Salaried,800000,Mass,Savings,5,Personal Loan,105664,1213900,490500,Yes,15352.81,9400.0,2307.42,2285.7,4222.34,456.53,725.88,1311.47,29345.94,6716.22,22629.71,77.11,Profitable
C02683,29,Male,West,Self-Employed,290000,Mass,Savings,1,No Loan,0,521300,400800,Yes,2318.73,3225.04,0.0,1008.92,1608.3,971.52,765.39,855.93,6552.69,4201.13,2351.56,35.89,Low Profitability
C02684,55,Male,East,Salaried,387000,Mass,Salary,4,No Loan,0,466900,195300,Yes,938.75,7445.03,0.0,670.82,2500.01,640.29,1146.23,696.54,9054.6,4983.08,4071.52,44.97,Low Profitability
C02685,41,Female,South,Salaried,1276000,Affluent,Savings,5,Auto Loan,522207,661900,447800,Yes,41736.99,6430.13,4609.12,459.16,3869.92,375.5,702.55,1117.78,53235.4,6065.75,47169.65,88.61,Highly Profitable
C02686,29,Female,South,Retired,727000,Mass,Savings,5,No Loan,0,440200,235400,No,1581.38,5318.8,0.0,1894.04,2781.0,891.03,700.96,608.62,8794.22,4981.62,3812.6,43.35,Low Profitability
C02687,48,Female,North,Salaried,415000,Mass,Salary,3,Home Loan,4978021,360900,146200,Yes,224906.19,7505.95,44474.46,1836.43,3184.66,1958.77,1482.09,9336.71,278723.03,15962.23,262760.8,94.27,Highly Profitable
C02688,66,Male,South,Business Owner,484000,Mass,Savings,4,Personal Loan,701142,750200,574300,Yes,81300.45,10574.16,16214.9,327.32,4007.03,427.99,253.92,1903.23,108416.82,6592.18,101824.64,93.92,Highly Profitable
C02689,27,Male,North,Self-Employed,362000,Mass,Savings,1,Auto Loan,608496,273400,87500,No,46302.17,1420.71,7475.66,2402.76,1342.21,1966.89,241.19,2124.09,57601.3,5674.38,51926.92,90.15,Highly Profitable
C02690,36,Female,West,Salaried,730000,Mass,Savings,2,Home Loan,4438381,938500,985400,No,202600.65,4753.35,84790.78,273.98,1221.65,714.55,671.5,5018.06,292418.76,7625.76,284793.0,97.39,Highly Profitable
C02691,36,Male,West,Salaried,1059000,Affluent,Savings,2,Home Loan,958037,237600,216600,No,44284.45,3760.6,18037.74,1292.64,1661.76,2115.12,1303.8,1716.32,67375.43,6796.99,60578.44,89.91,Highly Profitable
C02692,53,Male,South,Business Owner,1337000,Affluent,Savings,2,Auto Loan,344682,1149300,1182000,No,28980.62,2553.58,7748.11,1648.76,1266.03,717.39,689.04,1154.9,40931.07,3827.35,37103.71,90.65,Highly Profitable
C02693,24,Male,East,Salaried,485000,Mass,Salary,3,Auto Loan,767254,206400,59100,Yes,58020.23,7430.23,11392.35,2231.71,2293.82,1926.39,1206.74,3058.22,79074.53,8485.17,70589.36,89.27,Highly Profitable
C02694,24,Male,West,Salaried,576000,Mass,Savings,1,No Loan,0,978300,246400,Yes,5749.87,4549.6,0.0,747.03,1923.4,2043.54,658.04,1456.47,11046.5,6081.44,4965.06,44.95,Low Profitability
C02695,59,Male,West,Retired,922000,Affluent,Salary,5,Education Loan,637553,1342300,744000,Yes,45701.6,12003.44,9276.9,742.13,4665.57,2052.0,249.05,2491.8,67724.08,9458.41,58265.67,86.03,Highly Profitable
C02696,60,Female,North,Self-Employed,1182000,Affluent,Current,3,No Loan,0,447900,346800,No,1004.54,6914.02,0.0,1975.05,2706.69,535.13,1363.74,1159.35,9893.6,5764.91,4128.69,41.73,Low Profitability
C02697,37,Female,South,Salaried,858000,Mass,Salary,4,Home Loan,2438316,697600,319300,No,111512.98,8552.85,32383.57,1086.37,2983.87,1575.06,1069.28,5335.86,153535.77,10964.07,142571.7,92.86,Highly Profitable
C02698,57,Female,West,Salaried,1406000,Affluent,Savings,4,No Loan,0,397900,285300,Yes,1149.86,8870.14,0.0,593.71,3276.8,1864.43,1230.78,1059.01,10613.71,7431.01,3182.7,29.99,Low Profitability
C02699,59,Male,West,Self-Employed,1901000,Premium,Savings,4,Personal Loan,818215,2626800,2009800,No,105327.25,5809.17,17024.05,151.2,2080.5,1698.28,483.66,1594.76,128311.66,5857.21,122454.45,95.44,Highly Profitable
C02700,49,Male,South,Salaried,286000,Mass,Current,1,Auto Loan,458598,133200,50500,No,34669.83,1105.55,4681.77,1889.98,1027.11,1199.62,1187.92,1560.88,42347.13,4975.53,37371.6,88.25,Highly Profitable
C02701,56,Male,North,Salaried,1614000,Affluent,Salary,3,Home Loan,4752297,2384100,2154100,No,226181.96,2974.55,68695.41,136.05,1478.9,2088.58,1494.56,4757.25,297987.97,9819.29,288168.68,96.7,Highly Profitable
C02702,58,Female,West,Self-Employed,1430000,Affluent,Salary,2,Personal Loan,959428,389200,407100,No,107531.21,4363.08,8246.78,1630.16,1596.32,641.66,424.62,2734.4,121771.23,5397.01,116374.23,95.57,Highly Profitable
C02703,59,Male,West,Salaried,367000,Mass,Savings,1,No Loan,0,402000,319200,Yes,1607.41,3300.85,0.0,1129.27,1994.14,1967.42,652.83,1376.63,6037.53,5991.01,46.52,0.77,Low Profitability
C02704,70,Female,South,Business Owner,903000,Affluent,Savings,2,Education Loan,394959,1041600,1099600,No,31642.37,4641.09,3480.98,1622.73,1734.84,758.09,1466.79,2031.57,41387.16,5991.28,35395.89,85.52,Highly Profitable
C02705,57,Female,North,Business Owner,993000,Affluent,Salary,3,No Loan,0,696700,319900,Yes,1430.84,4970.07,0.0,1924.21,3333.9,1156.03,1230.04,1715.35,8325.12,7435.32,889.8,10.69,Low Profitability
C02706,55,Male,East,Salaried,384000,Mass,Salary,2,No Loan,0,161600,45400,Yes,643.3,4821.7,0.0,1654.33,2447.74,1178.83,501.16,1143.93,7119.34,5271.66,1847.67,25.95,Low Profitability
C02707,27,Male,South,Salaried,677000,Mass,Savings,2,Personal Loan,460401,463300,213300,No,52040.42,4049.59,8469.75,1217.72,1680.32,849.89,635.0,1752.23,65777.49,4917.43,60860.05,92.52,Highly Profitable
C02708,47,Female,West,Salaried,763000,Mass,Current,2,Personal Loan,658517,738300,591300,No,76163.6,3002.69,9067.6,2277.99,2063.45,839.82,1648.38,2226.46,90511.88,6778.11,83733.77,92.51,Highly Profitable
C02709,48,Female,North,Self-Employed,386000,Mass,Current,1,Personal Loan,866702,675100,511700,No,97155.25,1703.42,18313.51,108.62,1204.04,1009.76,804.54,2294.9,117280.8,5313.24,111967.56,95.47,Highly Profitable
C02710,42,Male,North,Salaried,581000,Mass,Savings,3,No Loan,0,515600,246100,No,2835.96,4932.44,0.0,214.54,2629.73,324.59,348.62,1424.09,7982.93,4727.03,3255.91,40.79,Low Profitability
C02711,34,Male,West,Salaried,1513000,Affluent,Salary,3,No Loan,0,699700,417600,No,2534.25,4618.21,0.0,1267.63,1618.1,759.72,1261.33,1514.81,8420.09,5153.96,3266.13,38.79,Low Profitability
C02712,27,Female,East,Retired,1767000,Affluent,Savings,5,Education Loan,374281,340500,191500,Yes,25194.32,8900.48,8697.03,693.39,4530.07,2107.34,842.54,1449.51,43485.2,8929.46,34555.74,79.47,Highly Profitable
C02713,57,Male,South,Salaried,381000,Mass,Current,2,Education Loan,156284,62300,65900,Yes,10291.72,6063.42,1585.02,1132.97,2593.94,1666.34,1370.26,1751.96,19073.13,7382.49,11690.64,61.29,Profitable
C02714,42,Male,West,Retired,180000,Mass,Salary,2,Auto Loan,723549,150800,78000,No,54983.65,4603.46,17800.05,789.23,1205.21,1144.88,380.36,2333.74,78176.39,5064.19,73112.21,93.52,Highly Profitable
C02715,25,Male,West,Salaried,1382000,Affluent,Savings,2,Home Loan,2474543,883000,365700,Yes,116399.74,6687.32,35023.07,654.99,1971.87,301.86,691.85,3669.61,158765.13,6635.19,152129.94,95.82,Highly Profitable
C02716,22,Male,West,Salaried,1907000,Premium,Salary,5,No Loan,0,648200,473700,Yes,3811.08,11676.45,0.0,2315.28,3299.73,1645.38,828.36,1679.87,17802.81,7453.33,10349.48,58.13,Profitable
C02717,47,Male,West,Self-Employed,1134000,Affluent,Current,2,Personal Loan,665110,492300,175300,No,75868.43,4446.96,16168.3,619.95,1557.58,1236.55,1119.47,1318.35,97103.65,5231.95,91871.7,94.61,Highly Profitable
C02718,41,Male,North,Salaried,598000,Mass,Salary,2,Home Loan,3960670,435000,296500,Yes,179777.94,2653.35,71644.21,319.53,2445.26,1546.96,496.03,5973.25,254395.04,10461.49,243933.55,95.89,Highly Profitable
C02719,58,Male,North,Salaried,386000,Mass,Savings,2,No Loan,0,495200,412900,Yes,2784.73,4934.67,0.0,641.74,2331.9,1049.22,714.99,565.34,8361.13,4661.45,3699.68,44.25,Low Profitability
C02720,35,Male,East,Salaried,983000,Affluent,Savings,1,No Loan,0,1136200,1195000,No,5197.79,1600.2,0.0,1125.33,1145.55,301.48,1425.36,1701.25,7923.31,4573.64,3349.67,42.28,Low Profitability
C02721,41,Female,West,Retired,1250000,Affluent,Current,1,Personal Loan,278075,352400,355400,No,31382.3,1137.86,2494.2,635.96,1322.17,1408.92,501.99,1325.86,35650.31,4558.94,31091.38,87.21,Highly Profitable
C02722,30,Female,North,Salaried,487000,Mass,Savings,3,Personal Loan,461448,188000,181400,No,51263.77,3732.18,8747.69,334.54,1518.2,1797.85,808.01,2273.03,64078.17,6397.08,57681.1,90.02,Highly Profitable
C02723,43,Female,East,Self-Employed,814000,Mass,Savings,3,No Loan,0,1342200,784900,Yes,4751.84,5243.96,0.0,744.8,3418.77,711.59,826.45,614.52,10740.6,5571.33,5169.26,48.13,Low Profitability
C02724,59,Female,North,Business Owner,551000,Mass,Savings,2,No Loan,0,147300,148800,Yes,475.03,4831.76,0.0,2275.51,2874.26,1559.13,532.44,1552.1,7582.3,6517.94,1064.36,14.04,Low Profitability
C02725,25,Male,West,Professional,1060000,Affluent,Savings,3,Auto Loan,207769,506800,435400,Yes,17277.31,5079.69,4407.14,1906.49,2148.58,967.88,1596.2,1314.43,28670.63,6027.08,22643.55,78.98,Profitable
C02726,21,Male,West,Business Owner,226000,Mass,Current,2,No Loan,0,152500,95400,No,753.33,2322.61,0.0,659.92,1529.54,1883.01,1023.83,1658.4,3735.87,6094.78,-2358.91,-63.14,Low Profitability
C02727,33,Female,West,Salaried,871000,Mass,Current,4,Personal Loan,319779,461400,336600,No,36207.16,6931.25,5620.63,1557.18,2872.04,1131.94,817.7,1378.72,50316.22,6200.41,44115.82,87.68,Highly Profitable
C02728,41,Male,East,Salaried,572000,Mass,Salary,4,Personal Loan,513537,360300,223600,Yes,58082.73,5541.12,8168.7,2154.62,4569.06,419.11,1444.9,2285.32,73947.17,8718.39,65228.79,88.21,Highly Profitable
C02729,46,Male,East,Salaried,1917000,Premium,Current,4,Auto Loan,701405,2589400,1080500,No,61270.97,7209.38,6705.72,2430.32,3259.11,1305.53,258.79,1559.45,77616.39,6382.88,71233.51,91.78,Highly Profitable
C02730,70,Female,East,Salaried,831000,Mass,Salary,1,Home Loan,1610950,254900,161600,No,73902.25,1064.42,31509.42,278.26,1283.42,1454.52,1797.15,3298.18,106754.35,7833.27,98921.08,92.66,Highly Profitable
C02731,65,Male,South,Salaried,1033000,Affluent,Savings,3,No Loan,0,755300,707200,Yes,1683.32,8297.97,0.0,589.11,3164.86,907.34,1737.54,1161.57,10570.4,6971.32,3599.08,34.05,Low Profitability
C02732,41,Male,North,Salaried,417000,Mass,Salary,5,No Loan,0,483500,230400,Yes,2846.21,7647.94,0.0,2364.31,4691.67,447.46,340.17,1065.2,12858.46,6544.5,6313.96,49.1,Low Profitability
C02733,38,Female,East,Retired,620000,Mass,Savings,3,Personal Loan,290294,143000,113600,No,32264.63,6293.32,4977.98,2223.55,2662.47,1730.97,1621.04,1838.86,45759.48,7853.34,37906.14,82.84,Highly Profitable
C02734,57,Female,East,Retired,870000,Mass,Savings,2,No Loan,0,194100,139800,Yes,725.53,5174.49,0.0,817.78,2518.45,1327.68,697.09,966.15,6717.79,5509.37,1208.42,17.99,Low Profitability
C02735,65,Male,North,Salaried,574000,Mass,Savings,3,No Loan,0,558300,576200,Yes,3030.61,9795.76,0.0,574.48,2846.79,698.49,367.24,1463.81,13400.85,5376.33,8024.52,59.88,Low Profitability
C02736,52,Female,West,Salaried,613000,Mass,Savings,3,No Loan,0,1002100,886100,No,3294.5,2484.34,0.0,2056.95,1989.01,656.04,1112.29,1077.16,7835.78,4834.49,3001.29,38.3,Low Profitability
C02737,56,Female,North,Salaried,809000,Mass,Savings,2,No Loan,0,715000,398400,Yes,3861.25,5800.19,0.0,352.53,2445.65,1337.31,1589.63,742.82,10013.96,6115.41,3898.55,38.93,Low Profitability
C02738,37,Female,West,Salaried,273000,Mass,Savings,1,No Loan,0,224100,163000,No,1311.58,1619.21,0.0,1587.63,974.99,888.3,455.47,1768.59,4518.43,4087.35,431.08,9.54,Low Profitability
C02739,55,Male,West,Salaried,525000,Mass,Savings,3,No Loan,0,87500,89600,No,217.96,3025.92,0.0,2278.28,2569.2,1613.33,1752.32,855.19,5522.16,6790.04,-1267.88,-22.96,Low Profitability
C02740,69,Male,East,Retired,1080000,Affluent,Savings,4,No Loan,0,1467700,649500,Yes,5737.16,10777.61,0.0,532.12,3043.27,962.66,666.15,967.8,17046.89,5639.88,11407.01,66.92,Profitable
C02741,31,Female,East,Salaried,564000,Mass,Savings,5,Auto Loan,545347,237300,155000,No,41594.69,4559.38,12716.05,400.41,3684.07,1193.89,1111.24,1744.34,59270.53,7733.54,51536.99,86.95,Highly Profitable
C02742,41,Female,West,Salaried,2531000,Premium,Savings,2,Education Loan,104227,3296700,1445400,Yes,23482.86,6267.55,1969.33,1643.9,2244.17,413.47,1264.47,1659.55,33363.65,5581.66,27781.99,83.27,Profitable
C02743,46,Female,North,Salaried,736000,Mass,Savings,3,No Loan,0,533600,323200,Yes,1297.69,8036.78,0.0,1574.07,2268.15,1175.82,761.14,1093.49,10908.55,5298.6,5609.95,51.43,Low Profitability
C02744,24,Male,South,Retired,253000,Mass,Savings,1,No Loan,0,56700,17000,No,289.11,1120.76,0.0,261.47,1242.52,319.25,1604.7,813.08,1671.34,3979.54,-2308.2,-138.11,Low Profitability
C02745,54,Male,South,Retired,894000,Mass,Salary,5,Education Loan,437769,617800,614400,Yes,31359.68,11319.94,7432.87,966.97,3919.07,985.29,1787.87,1860.11,51079.46,8552.35,42527.11,83.26,Highly Profitable
C02746,68,Female,North,Business Owner,392000,Mass,Current,1,Home Loan,4874271,485400,525000,No,221538.81,1084.41,91124.35,2324.57,1331.06,889.45,853.44,7912.64,316072.14,10986.59,305085.55,96.52,Highly Profitable
C02747,38,Male,South,Self-Employed,844000,Mass,Salary,2,Auto Loan,248186,1196600,876700,No,23085.94,3522.41,3761.7,651.52,2021.59,1736.83,432.23,1705.43,31021.57,5896.08,25125.49,80.99,Profitable
C02748,60,Male,East,Salaried,513000,Mass,Current,1,No Loan,0,614900,443300,Yes,2463.48,3283.8,0.0,1369.01,1807.09,1760.67,1615.26,1198.1,7116.29,6381.12,735.17,10.33,Low Profitability
C02749,55,Male,East,Salaried,532000,Mass,Salary,3,Personal Loan,545792,704000,748000,Yes,61727.87,8958.36,13257.85,946.05,3153.2,1095.63,1041.51,2200.01,84890.14,7490.35,77399.79,91.18,Highly Profitable
C02750,61,Male,North,Self-Employed,1237000,Affluent,Savings,2,Education Loan,446546,667100,389800,No,31079.86,1817.53,5141.5,2270.75,1451.64,2154.16,1384.25,1460.34,40309.64,6450.39,33859.25,84.0,Highly Profitable
C02751,49,Female,West,Professional,293000,Mass,Savings,4,Personal Loan,334798,510600,397200,Yes,39714.49,9134.51,8200.5,1349.61,2819.09,775.15,773.15,1089.41,58399.11,5456.8,52942.31,90.66,Highly Profitable
C02752,49,Female,East,Salaried,536000,Mass,Savings,3,Home Loan,4753367,281100,270300,Yes,214960.67,8218.03,39058.55,1181.02,3184.47,614.94,381.32,5052.44,263418.27,9233.17,254185.11,96.49,Highly Profitable
C02753,58,Male,West,Salaried,504000,Mass,Savings,2,Home Loan,3844785,217100,147600,No,173799.37,3815.32,64728.36,2239.73,1330.91,1847.2,1574.85,4195.32,244582.77,8948.28,235634.49,96.34,Highly Profitable
C02754,62,Male,South,Self-Employed,1460000,Affluent,Current,2,Auto Loan,212571,820800,359700,Yes,17739.84,3771.73,2961.36,1646.07,2489.86,1269.21,972.91,1210.96,26119.0,5942.94,20176.06,77.25,Profitable
C02755,41,Female,West,Salaried,578000,Mass,Salary,1,Education Loan,386560,1013700,953700,Yes,30739.52,3109.94,4919.65,957.16,2093.86,671.11,374.5,1557.16,39726.28,4696.63,35029.64,88.18,Highly Profitable
C02756,62,Male,North,Self-Employed,417000,Mass,Salary,2,No Loan,0,107200,51500,Yes,537.46,4425.26,0.0,2483.5,2636.08,932.57,499.77,1681.39,7446.22,5749.82,1696.4,22.78,Low Profitability
C02757,33,Male,North,Salaried,795000,Mass,Savings,3,No Loan,0,1133800,1096600,Yes,2683.25,7463.82,0.0,2297.94,2724.97,479.84,1386.44,1530.84,12445.01,6122.09,6322.92,50.81,Low Profitability
C02758,69,Female,West,Salaried,428000,Mass,Salary,3,No Loan,0,138600,145900,Yes,360.46,6736.64,0.0,735.03,3008.74,1622.82,1601.32,1496.35,7832.13,7729.22,102.91,1.31,Low Profitability
C02759,61,Male,East,Salaried,464000,Mass,Salary,1,Auto Loan,693034,661600,472500,No,53628.01,1361.77,7655.15,181.31,1148.77,1243.9,643.48,2577.15,62826.23,5613.31,57212.93,91.07,Highly Profitable
C02760,37,Female,West,Retired,1023000,Affluent,Savings,3,No Loan,0,621100,181300,No,2865.0,3594.2,0.0,389.98,2289.17,1372.1,648.62,796.28,6849.18,5106.16,1743.02,25.45,Low Profitability
C02761,29,Male,East,Salaried,180000,Mass,Salary,1,No Loan,0,242800,257900,Yes,639.93,2680.85,0.0,471.16,2135.29,441.25,362.71,576.66,3791.93,3515.91,276.03,7.28,Low Profitability
C02762,61,Male,East,Salaried,412000,Mass,Savings,3,Auto Loan,281119,95100,91000,No,21652.66,4363.06,6929.57,1863.78,2521.24,1628.7,870.19,1281.0,34809.07,6301.13,28507.93,81.9,Profitable
C02763,21,Male,West,Salaried,482000,Mass,Savings,5,Personal Loan,283134,338400,118400,Yes,32598.05,11339.04,6219.09,1002.61,4058.72,858.27,1626.27,1145.03,51158.79,7688.29,43470.5,84.97,Highly Profitable
C02764,22,Female,South,Business Owner,1637000,Affluent,Savings,2,Auto Loan,358513,1500500,1177900,No,35112.03,2520.28,3966.9,914.09,1206.78,604.03,462.94,1659.04,42513.3,3932.79,38580.51,90.75,Highly Profitable
C02765,68,Male,West,Professional,894000,Mass,Salary,3,Personal Loan,280827,164600,85300,Yes,31700.84,7941.78,3206.52,1441.09,2367.1,1106.89,1446.66,1645.05,44290.24,6565.69,37724.54,85.18,Highly Profitable
C02766,49,Male,South,Salaried,688000,Mass,Savings,4,No Loan,0,308500,163700,No,647.21,9863.09,0.0,425.28,1942.97,1923.67,550.23,1472.8,10935.59,5889.68,5045.91,46.14,Low Profitability
C02767,53,Female,North,Salaried,661000,Mass,Savings,2,No Loan,0,283200,210500,Yes,1043.46,4849.06,0.0,762.08,2505.22,1005.91,524.18,1535.33,6654.59,5570.64,1083.95,16.29,Low Profitability
C02768,30,Male,West,Retired,749000,Mass,Savings,3,Personal Loan,275335,707300,604800,Yes,32724.55,6064.24,2996.87,1263.87,2682.22,507.15,223.91,1571.45,43049.52,4984.73,38064.79,88.42,Highly Profitable
C02769,70,Male,North,Professional,801000,Mass,Savings,3,No Loan,0,296200,76900,No,1720.55,3273.8,0.0,1224.43,1967.52,2090.14,1271.57,770.2,6218.79,6099.43,119.36,1.92,Low Profitability
C02770,60,Male,South,Self-Employed,750000,Mass,Savings,2,Personal Loan,943181,1321700,501900,Yes,108182.12,5936.95,14786.23,1567.95,2477.48,1514.49,819.01,2721.44,130473.24,7532.42,122940.82,94.23,Highly Profitable
C02771,41,Female,East,Salaried,2042000,Premium,Savings,4,Personal Loan,477893,3294600,3351900,Yes,68216.71,6495.91,4195.3,843.77,2691.15,873.01,1758.0,1623.1,79751.69,6945.26,72806.43,91.29,Highly Profitable
C02772,48,Male,West,Salaried,550000,Mass,Savings,3,No Loan,0,286100,191900,Yes,1246.8,7117.08,0.0,1017.52,3313.81,1407.59,282.66,1495.0,9381.4,6499.07,2882.33,30.72,Low Profitability
C02773,31,Male,North,Business Owner,770000,Mass,Savings,4,Personal Loan,635950,413100,276000,No,71997.92,6209.02,6281.42,252.1,2640.33,471.61,305.5,1953.63,84740.46,5371.07,79369.4,93.66,Highly Profitable
C02774,54,Female,West,Self-Employed,715000,Mass,Savings,3,Auto Loan,351480,1225000,1181200,Yes,29111.24,3991.35,6737.06,1657.68,2475.36,1372.11,655.13,1744.65,41497.33,6247.24,35250.09,84.95,Highly Profitable
C02775,28,Male,South,Self-Employed,1173000,Affluent,Salary,2,Education Loan,240656,755700,272000,No,19967.63,4254.78,4715.88,1298.35,1794.11,1856.72,1060.44,987.32,30236.64,5698.6,24538.04,81.15,Profitable
C02776,42,Female,West,Salaried,478000,Mass,Salary,3,Personal Loan,348715,405500,347400,Yes,40780.31,5260.66,3085.8,200.34,2669.69,562.91,1397.49,1808.15,49327.11,6438.24,42888.87,86.95,Highly Profitable
C02777,28,Female,South,Self-Employed,572000,Mass,Savings,3,No Loan,0,747900,508800,Yes,3154.24,5341.21,0.0,1311.41,2216.97,1885.78,684.83,1585.12,9806.86,6372.7,3434.17,35.02,Low Profitability
C02778,69,Female,West,Professional,305000,Mass,Savings,3,Auto Loan,564475,218900,192700,Yes,42917.31,4348.18,8225.55,726.89,2390.67,1350.51,733.67,2104.08,56217.93,6578.93,49639.0,88.3,Highly Profitable
C02779,35,Female,North,Retired,1205000,Affluent,Salary,4,Home Loan,3956310,1975100,1634200,No,188853.05,6937.16,53318.04,452.11,1867.56,665.5,1350.95,3485.09,249560.37,7369.1,242191.26,97.05,Highly Profitable
C02780,37,Female,South,Salaried,303000,Mass,Savings,5,Education Loan,433731,339900,277500,Yes,29752.41,12253.83,8307.54,112.24,3637.47,701.46,791.65,1283.68,50426.02,6414.26,44011.76,87.28,Highly Profitable
C02781,43,Male,South,Business Owner,942000,Affluent,Current,2,Personal Loan,248765,1023000,1000100,No,31963.3,4628.71,5947.51,2455.64,1735.67,1977.95,1244.1,1348.22,44995.15,6305.93,38689.23,85.99,Highly Profitable
C02782,44,Female,South,Self-Employed,1765000,Affluent,Savings,2,No Loan,0,1879000,1349400,Yes,10409.0,4815.63,0.0,2375.05,2384.49,1203.94,702.71,820.43,17599.69,5111.57,12488.11,70.96,Profitable
C02783,65,Male,North,Professional,2019000,Premium,Savings,3,Education Loan,365156,676100,403400,No,27065.54,3632.29,8083.85,2079.74,1769.59,837.41,1786.64,1604.02,40861.42,5997.66,34863.76,85.32,Highly Profitable
C02784,39,Male,East,Professional,592000,Mass,Current,3,Personal Loan,641684,860900,360500,Yes,75474.35,5721.47,13525.06,618.7,3612.83,779.7,1666.62,1851.88,95339.57,7911.04,87428.54,91.7,Highly Profitable
C02785,25,Female,North,Retired,579000,Mass,Current,3,No Loan,0,633400,343500,No,3692.94,5912.69,0.0,2185.21,1573.05,1060.24,1138.66,721.99,11790.83,4493.94,7296.9,61.89,Low Profitability
C02786,52,Male,East,Retired,672000,Mass,Savings,2,Personal Loan,912862,160100,158400,Yes,100955.88,4446.1,15675.33,2253.27,3102.96,1777.65,1737.48,2086.18,123330.58,8704.27,114626.31,92.94,Highly Profitable
C02787,64,Female,North,Salaried,1149000,Affluent,Savings,2,No Loan,0,1784500,958000,Yes,4981.71,3911.64,0.0,295.88,2416.27,350.8,1098.86,1436.84,9189.23,5302.76,3886.46,42.29,Low Profitability
C02788,21,Male,North,Business Owner,651000,Mass,Salary,1,Home Loan,4550681,881200,958400,No,207901.69,1273.07,112468.7,1351.6,1145.38,504.61,1561.83,9275.48,322995.06,12487.31,310507.76,96.13,Highly Profitable
C02789,43,Female,West,Self-Employed,602000,Mass,Savings,3,Personal Loan,298231,377300,289300,No,35020.17,3019.71,2556.75,356.55,1501.99,1144.89,1724.2,1974.02,40953.18,6345.1,34608.08,84.51,Highly Profitable
C02790,57,Male,North,Salaried,1263000,Affluent,Current,1,No Loan,0,785500,740500,Yes,2172.39,2530.04,0.0,1379.46,2051.47,2024.69,1761.35,1162.36,6081.9,6999.88,-917.98,-15.09,Low Profitability
C02791,28,Female,West,Salaried,717000,Mass,Savings,3,Auto Loan,679134,704700,471600,No,54010.66,2621.9,7872.64,2126.36,2700.86,1978.84,1755.01,2897.89,66631.57,9332.6,57298.97,85.99,Highly Profitable
C02792,33,Female,East,Salaried,643000,Mass,Savings,5,Personal Loan,501470,104100,83900,Yes,55404.98,5209.76,9185.16,1603.96,3438.01,1784.34,1596.83,1743.88,71403.85,8563.06,62840.8,88.01,Highly Profitable
C02793,28,Female,South,Professional,432000,Mass,Savings,2,No Loan,0,641900,700400,No,3421.29,4518.69,0.0,251.07,2015.68,2159.8,831.89,1748.26,8191.06,6755.63,1435.43,17.52,Low Profitability
C02794,43,Male,East,Salaried,1231000,Affluent,Current,1,No Loan,0,2098100,1416700,Yes,9804.05,2915.93,0.0,123.6,1790.71,504.37,1787.34,1058.44,12843.58,5140.87,7702.71,59.97,Low Profitability
C02795,63,Male,West,Professional,802000,Mass,Savings,1,Auto Loan,350943,711300,337100,No,29228.83,2234.44,4881.18,326.29,998.58,1978.53,1447.25,1985.09,36670.74,6409.46,30261.29,82.52,Highly Profitable
C02796,21,Male,West,Business Owner,696000,Mass,Savings,2,No Loan,0,720600,578200,Yes,3257.09,5654.86,0.0,2280.96,2295.01,338.02,1562.05,955.35,11192.91,5150.43,6042.48,53.98,Low Profitability
C02797,65,Female,East,Business Owner,251000,Mass,Savings,2,Auto Loan,442889,373000,384800,No,34137.31,2927.63,9000.86,2464.61,1593.49,1088.62,1479.18,1185.44,48530.41,5346.73,43183.67,88.98,Highly Profitable
C02798,44,Female,North,Salaried,1183000,Affluent,Salary,3,No Loan,0,719300,190300,No,3917.14,4683.7,0.0,1260.18,2097.2,728.5,1116.71,1622.1,9861.02,5564.51,4296.51,43.57,Low Profitability
C02799,55,Male,North,Self-Employed,375000,Mass,Salary,3,No Loan,0,360500,394300,Yes,1211.48,4869.06,0.0,956.99,3244.61,989.44,1065.91,1408.44,7037.54,6708.4,329.14,4.68,Low Profitability
C02800,44,Female,East,Salaried,898000,Mass,Salary,2,Home Loan,4915135,299200,213300,Yes,221981.88,4090.42,77886.68,926.36,2440.2,2150.54,862.42,5678.99,304885.34,11132.14,293753.19,96.35,Highly Profitable
C02801,37,Female,North,Salaried,456000,Mass,Salary,4,Home Loan,3136703,596500,554500,Yes,142379.94,9702.65,74961.96,1119.95,3013.74,925.16,400.47,3396.7,228164.49,7736.08,220428.41,96.61,Highly Profitable
C02802,25,Male,West,Professional,388000,Mass,Savings,4,No Loan,0,565800,198300,Yes,1268.98,11250.23,0.0,1048.67,3834.19,1496.14,1207.05,1525.14,13567.87,8062.53,5505.34,40.58,Low Profitability
C02803,40,Female,East,Business Owner,1166000,Affluent,Salary,2,Education Loan,552529,303600,151100,No,37337.23,3875.92,9978.0,1941.37,1344.78,1607.88,714.37,1611.4,53132.52,5278.44,47854.09,90.07,Highly Profitable
C02804,41,Female,West,Salaried,740000,Mass,Savings,4,No Loan,0,1188400,1284200,No,5792.11,3943.53,0.0,1367.8,1786.34,1344.15,507.11,555.88,11103.43,4193.49,6909.94,62.23,Low Profitability
C02805,60,Male,East,Professional,716000,Mass,Savings,1,Auto Loan,341696,549900,272000,No,27054.47,1831.37,3285.66,307.36,971.25,472.88,618.92,1627.76,32478.85,3690.81,28788.04,88.64,Profitable
C02806,51,Male,West,Salaried,2046000,Premium,Savings,2,Home Loan,4485188,3420200,2053400,Yes,216960.56,5643.22,54497.35,310.9,2423.14,1926.43,819.51,7286.24,277412.03,12455.31,264956.71,95.51,Highly Profitable
C02807,66,Male,South,Salaried,2029000,Premium,Salary,3,No Loan,0,3318000,1621200,No,13046.58,5917.72,0.0,366.69,2160.37,1795.88,212.52,566.54,19330.98,4735.3,14595.68,75.5,Profitable
C02808,56,Female,West,Self-Employed,611000,Mass,Current,2,Personal Loan,321141,889000,576200,No,40436.15,1836.22,6655.45,1034.03,1551.2,1724.08,758.7,1204.22,49961.85,5238.2,44723.66,89.52,Highly Profitable
C02809,31,Female,South,Salaried,341000,Mass,Savings,1,Education Loan,352607,518200,199600,Yes,25334.69,3516.26,5886.68,746.07,1805.13,2029.89,1219.75,1424.65,35483.7,6479.42,29004.28,81.74,Profitable
C02810,35,Female,West,Business Owner,1523000,Affluent,Salary,2,Personal Loan,115218,955600,652200,No,16574.09,3655.8,1916.31,988.47,1202.79,960.01,520.6,1248.12,23134.66,3931.52,19203.14,83.01,Profitable
C02811,39,Male,South,Business Owner,334000,Mass,Current,4,Personal Loan,766011,252500,127200,Yes,85052.82,10071.65,14519.9,324.8,3435.52,1394.53,540.03,1984.27,109969.18,7354.35,102614.83,93.31,Highly Profitable
C02812,27,Male,North,Business Owner,909000,Affluent,Current,1,No Loan,0,496400,468000,No,1909.74,1080.75,0.0,2276.36,1118.37,1788.23,451.43,1497.98,5266.85,4856.0,410.85,7.8,Low Profitability
C02813,48,Male,West,Salaried,604000,Mass,Savings,4,Auto Loan,220072,443900,258000,No,17831.95,3622.52,2430.85,2087.8,2547.24,1144.44,581.68,1341.0,25973.12,5614.37,20358.75,78.38,Profitable
C02814,63,Male,South,Salaried,730000,Mass,Salary,3,Auto Loan,494531,786300,726400,Yes,40796.09,8033.87,12020.71,1442.64,2810.17,2129.78,242.17,1495.51,62293.31,6677.62,55615.69,89.28,Highly Profitable
C02815,25,Female,North,Salaried,1374000,Affluent,Salary,1,Home Loan,4326036,2164900,1722200,Yes,204145.95,2145.09,105404.74,1470.78,2299.28,1912.5,1765.56,5927.86,313166.56,11905.21,301261.35,96.2,Highly Profitable
C02816,25,Female,West,Retired,454000,Mass,Salary,2,Home Loan,3579765,478000,491300,No,162611.91,2892.47,75866.94,1309.91,1982.93,1308.19,309.64,6949.42,242681.24,10550.17,232131.06,95.65,Highly Profitable
C02817,50,Female,West,Salaried,501000,Mass,Savings,2,No Loan,0,651100,611400,No,1333.64,4554.33,0.0,647.83,1231.76,579.92,1365.2,1687.14,6535.79,4864.02,1671.77,25.58,Low Profitability
C02818,52,Female,North,Self-Employed,1062000,Affluent,Savings,1,Auto Loan,509398,397200,403500,Yes,40560.7,3753.58,4881.77,1670.47,1580.53,1256.99,631.67,1530.26,50866.52,4999.45,45867.07,90.17,Highly Profitable
C02819,28,Male,West,Professional,1872000,Premium,Savings,1,No Loan,0,3182900,2217800,Yes,7040.46,2750.49,0.0,320.1,1616.63,693.2,995.35,572.63,10111.05,3877.82,6233.22,61.65,Low Profitability
C02820,30,Male,West,Professional,2730000,Premium,Savings,2,Home Loan,911590,3036400,3116600,No,53738.14,3688.25,14333.95,1502.76,1970.53,1072.5,731.19,1642.5,73263.11,5416.72,67846.39,92.61,Highly Profitable
C02821,58,Male,West,Professional,315000,Mass,Savings,1,No Loan,0,450500,171900,No,2436.34,1886.55,0.0,1156.42,1307.84,804.52,1753.05,1567.61,5479.3,5433.02,46.28,0.84,Low Profitability
C02822,67,Female,South,Retired,556000,Mass,Current,1,Personal Loan,686404,999500,321600,No,79986.5,1809.96,5775.48,238.71,1196.89,1844.58,773.88,1788.62,87810.65,5603.97,82206.69,93.62,Highly Profitable
C02823,52,Female,North,Salaried,397000,Mass,Salary,3,Home Loan,3416632,622700,434100,No,156455.77,2709.31,40193.95,1138.01,1693.07,792.86,916.46,4873.38,200497.04,8275.77,192221.26,95.87,Highly Profitable
C02824,68,Male,West,Salaried,1115000,Affluent,Salary,2,Home Loan,1318514,1095200,1042800,Yes,64656.24,4794.84,32212.59,1519.21,2584.22,1423.79,1781.9,2904.34,103182.88,8694.25,94488.63,91.57,Highly Profitable
C02825,48,Male,East,Salaried,724000,Mass,Savings,4,Auto Loan,493075,1145600,493000,Yes,40683.78,10226.72,11712.71,291.03,3402.97,399.12,358.65,1960.45,62914.24,6121.2,56793.04,90.27,Highly Profitable
C02826,37,Male,East,Salaried,1134000,Affluent,Savings,2,No Loan,0,1403000,1505900,Yes,4992.66,3828.17,0.0,816.2,3019.77,1732.48,673.04,1322.46,9637.03,6747.75,2889.28,29.98,Low Profitability
C02827,51,Male,West,Self-Employed,563000,Mass,Savings,3,No Loan,0,762600,310700,Yes,1783.03,6833.67,0.0,585.93,2728.54,1152.89,816.67,1514.68,9202.64,6212.78,2989.85,32.49,Low Profitability
C02828,28,Male,West,Salaried,1028000,Affluent,Savings,4,Education Loan,640726,1235200,1052900,No,44140.8,6626.5,8833.75,157.07,3131.66,1090.31,919.54,2696.23,59758.11,7837.74,51920.37,86.88,Highly Profitable
C02829,60,Male,East,Business Owner,634000,Mass,Savings,1,No Loan,0,396000,407000,Yes,1211.06,2870.63,0.0,296.2,2175.6,1126.97,1731.78,856.72,4377.89,5891.06,-1513.16,-34.56,Low Profitability
C02830,45,Male,North,Salaried,757000,Mass,Savings,3,Home Loan,2652542,531300,568800,No,122157.4,5940.34,38247.13,553.78,1494.94,1654.29,810.86,3730.94,166898.65,7691.03,159207.63,95.39,Highly Profitable
C02831,29,Female,West,Salaried,510000,Mass,Salary,3,Education Loan,184127,546300,443700,No,14397.33,4750.13,1621.75,1539.76,1787.73,1119.21,650.47,1855.12,22308.97,5412.53,16896.44,75.74,Profitable
C02832,22,Female,North,Business Owner,1479000,Affluent,Savings,5,Auto Loan,756467,2354900,1738100,No,62758.08,5076.64,18467.0,2363.75,2243.88,1701.17,702.84,1201.13,88665.47,5849.01,82816.46,93.4,Highly Profitable
C02833,35,Male,South,Salaried,350000,Mass,Savings,3,Personal Loan,974025,313800,102700,No,108305.65,3296.81,12284.37,1676.55,2082.28,837.6,402.09,3066.76,125563.38,6388.74,119174.64,94.91,Highly Profitable
C02834,70,Male,West,Business Owner,658000,Mass,Current,2,Home Loan,2216567,685600,182900,No,101170.27,4176.42,19742.86,2453.06,1913.07,2125.06,425.18,3617.8,127542.61,8081.12,119461.5,93.66,Highly Profitable
C02835,23,Male,South,Retired,1864000,Premium,Current,3,Personal Loan,503739,1414800,1539200,Yes,62781.05,8415.41,12537.47,2422.68,3186.79,1269.9,587.35,2094.48,86156.6,7138.53,79018.08,91.71,Highly Profitable
C02836,69,Male,South,Professional,1412000,Affluent,Savings,3,No Loan,0,254100,122800,No,976.82,3236.34,0.0,1349.4,1891.09,1408.81,475.29,504.99,5562.55,4280.19,1282.37,23.05,Low Profitability
C02837,56,Male,North,Salaried,440000,Mass,Salary,2,No Loan,0,533200,166000,No,1656.95,2968.05,0.0,632.61,1854.11,1620.54,740.3,618.96,5257.62,4833.91,423.71,8.06,Low Profitability
C02838,24,Male,East,Retired,453000,Mass,Current,4,Auto Loan,775509,491000,347500,No,60653.79,5373.83,17076.38,2291.38,2816.18,1410.85,424.26,2423.92,85395.38,7075.2,78320.18,91.71,Highly Profitable
C02839,34,Female,West,Salaried,929000,Affluent,Salary,3,No Loan,0,1638900,845200,No,9639.03,5392.56,0.0,1384.86,1543.86,1371.79,1104.98,736.46,16416.46,4757.1,11659.36,71.02,Profitable
C02840,61,Female,North,Business Owner,1001000,Affluent,Savings,1,Personal Loan,993109,989100,547900,Yes,112815.46,3483.61,15158.0,464.46,1740.61,304.6,1721.04,1928.13,131921.54,5694.38,126227.15,95.68,Highly Profitable
C02841,61,Male,North,Salaried,1347000,Affluent,Savings,4,Personal Loan,187610,1391000,766000,No,27678.0,7137.37,1973.76,1008.56,1882.31,1173.19,996.96,1060.62,37797.69,5113.09,32684.61,86.47,Highly Profitable
C02842,45,Female,North,Salaried,322000,Mass,Salary,2,No Loan,0,198300,91500,Yes,651.43,5723.08,0.0,901.2,1942.97,1946.9,914.42,510.25,7275.71,5314.54,1961.17,26.96,Low Profitability
C02843,70,Male,West,Retired,1443000,Affluent,Savings,3,No Loan,0,453600,486500,No,2282.57,5669.7,0.0,964.43,2231.62,2055.28,497.21,649.42,8916.71,5433.52,3483.18,39.06,Low Profitability
C02844,30,Male,North,Salaried,426000,Mass,Current,2,Auto Loan,753236,561300,266900,Yes,59782.16,3017.21,12632.57,338.32,2541.76,847.66,555.81,1610.96,75770.26,5556.19,70214.08,92.67,Highly Profitable
C02845,41,Male,West,Professional,1458000,Affluent,Current,4,Personal Loan,837487,2163500,1565300,Yes,102078.71,9352.75,14658.18,1207.62,3451.98,1645.74,1195.08,2514.8,127297.26,8807.61,118489.65,93.08,Highly Profitable
C02846,56,Female,West,Salaried,288000,Mass,Savings,3,Home Loan,2979338,456500,206700,No,135419.52,4747.01,66654.18,1362.51,2406.6,1931.16,388.5,5120.18,208183.22,9846.44,198336.78,95.27,Highly Profitable
C02847,32,Female,West,Professional,379000,Mass,Savings,3,No Loan,0,309700,278000,No,1474.33,2975.93,0.0,2203.49,1580.86,1136.61,483.17,1774.76,6653.76,4975.4,1678.36,25.22,Low Profitability
C02848,47,Female,South,Retired,1804000,Premium,Salary,5,No Loan,0,2364800,1051500,Yes,12718.93,7653.63,0.0,254.23,2700.47,1435.94,1136.66,541.8,20626.79,5814.88,14811.91,71.81,Profitable
C02849,60,Female,West,Self-Employed,1859000,Premium,Salary,2,No Loan,0,1084600,837800,No,3920.67,2420.95,0.0,2045.84,1324.46,1515.84,1376.21,1396.32,8387.46,5612.83,2774.64,33.08,Low Profitability
C02850,22,Female,South,Self-Employed,740000,Mass,Current,1,No Loan,0,419700,402400,No,1883.62,2233.85,0.0,1608.1,1212.21,2103.12,1707.01,1340.18,5725.57,6362.51,-636.94,-11.12,Low Profitability
C02851,33,Female,West,Business Owner,584000,Mass,Salary,3,No Loan,0,1047100,503500,No,3151.97,3557.41,0.0,2419.91,2453.37,1215.85,482.96,1388.56,9129.28,5540.75,3588.54,39.31,Low Profitability
C02852,52,Male,West,Retired,694000,Mass,Salary,2,Home Loan,1237834,1076800,1004400,No,59814.03,3340.48,27431.07,2088.08,1912.21,1778.74,1348.27,2976.92,92673.66,8016.14,84657.52,91.35,Highly Profitable
C02853,51,Male,West,Salaried,879000,Mass,Current,3,No Loan,0,503400,165400,No,1340.73,5726.78,0.0,1182.15,1734.19,655.16,589.05,994.34,8249.66,3972.75,4276.92,51.84,Low Profitability
C02854,36,Female,West,Business Owner,924000,Affluent,Savings,3,No Loan,0,799400,278900,No,4270.52,2687.22,0.0,1970.3,2425.41,1412.93,456.47,1628.91,8928.03,5923.71,3004.32,33.65,Low Profitability
C02855,52,Female,North,Salaried,595000,Mass,Savings,3,No Loan,0,643900,380200,No,1536.89,3118.77,0.0,2314.48,1886.0,1165.88,1513.56,704.85,6970.13,5270.31,1699.82,24.39,Low Profitability
C02856,52,Male,North,Salaried,241000,Mass,Savings,2,Home Loan,3358541,41300,24600,Yes,151226.17,5511.45,29387.04,1290.33,2140.39,736.47,676.79,5960.89,187414.98,9514.54,177900.44,94.92,Highly Profitable
C02857,54,Female,East,Salaried,519000,Mass,Savings,4,Personal Loan,617525,899300,619600,Yes,71648.68,6977.87,14062.68,738.96,3122.47,325.85,730.71,1655.01,93428.2,5834.04,87594.16,93.76,Highly Profitable
C02858,31,Male,East,Business Owner,298000,Mass,Savings,3,No Loan,0,98200,26500,No,425.2,5980.29,0.0,1071.17,1548.57,1423.15,833.35,666.2,7476.66,4471.28,3005.37,40.2,Low Profitability
C02859,30,Male,North,Professional,1067000,Affluent,Salary,4,Home Loan,3185317,1598800,558900,No,152409.36,8363.02,53582.52,1114.87,3213.68,1837.43,273.71,4436.56,215469.77,9761.38,205708.39,95.47,Highly Profitable
C02860,35,Male,South,Salaried,857000,Mass,Current,5,Personal Loan,198872,1508600,390300,No,26119.81,9462.8,3410.06,1543.76,3602.68,1833.6,1604.12,1887.82,40536.43,8928.22,31608.2,77.97,Highly Profitable
C02861,37,Female,West,Self-Employed,658000,Mass,Salary,1,No Loan,0,863300,916300,No,4413.2,1788.92,0.0,1122.98,1254.6,1040.12,1753.78,1681.63,7325.09,5730.13,1594.97,21.77,Low Profitability
C02862,60,Female,North,Business Owner,610000,Mass,Current,3,Auto Loan,514134,1064500,549700,Yes,43431.5,6128.86,5835.42,1540.42,3008.99,643.57,528.6,1920.08,56936.19,6101.24,50834.95,89.28,Highly Profitable
C02863,38,Male,South,Salaried,2064000,Premium,Savings,2,No Loan,0,376700,314500,No,1870.95,2936.05,0.0,179.58,2092.67,2092.32,321.5,1148.13,4986.58,5654.62,-668.04,-13.4,Low Profitability
C02864,29,Male,West,Retired,1315000,Affluent,Savings,4,No Loan,0,966500,741500,Yes,2541.71,6541.57,0.0,1003.96,2913.44,1025.26,984.05,1252.49,10087.24,6175.24,3912.0,38.78,Low Profitability
C02865,45,Male,West,Salaried,784000,Mass,Salary,4,Auto Loan,776091,733900,635600,No,60985.25,9815.51,15574.97,1703.78,2244.31,960.79,1253.45,2058.47,88079.51,6517.01,81562.49,92.6,Highly Profitable
C02866,60,Female,West,Salaried,521000,Mass,Savings,2,No Loan,0,751200,751500,Yes,2572.35,4786.77,0.0,367.2,2405.14,1468.19,989.41,1149.22,7726.32,6011.96,1714.35,22.19,Low Profitability
C02867,34,Male,North,Salaried,1423000,Affluent,Current,5,No Loan,0,1750300,784400,Yes,8398.32,6932.18,0.0,615.82,3342.26,1136.15,1244.11,1187.61,15946.32,6910.14,9036.18,56.67,Low Profitability
C02868,45,Male,North,Professional,744000,Mass,Savings,3,Auto Loan,387193,1015100,621100,Yes,33479.66,8080.7,6968.14,1854.24,3055.3,953.32,1721.81,2146.46,50382.74,7876.89,42505.85,84.37,Highly Profitable
C02869,70,Male,North,Retired,490000,Mass,Savings,5,Personal Loan,424999,190500,100800,No,47868.15,10990.73,7338.73,1686.7,3328.93,917.41,730.32,2350.32,67884.32,7327.0,60557.32,89.21,Highly Profitable
C02870,42,Male,North,Salaried,506000,Mass,Savings,2,No Loan,0,781200,250100,Yes,1995.93,4737.41,0.0,929.77,1799.47,1045.27,1621.29,1178.43,7663.12,5644.46,2018.67,26.34,Low Profitability
C02871,50,Male,North,Salaried,1007000,Affluent,Savings,4,Auto Loan,484287,1517200,420500,Yes,42229.96,4622.89,9786.77,2481.71,3264.77,1602.13,1071.41,2207.14,59121.33,8145.45,50975.87,86.22,Highly Profitable
C02872,40,Female,South,Self-Employed,1182000,Affluent,Salary,3,No Loan,0,1676900,1509300,Yes,8007.87,3930.23,0.0,845.9,3032.62,321.87,1340.98,726.08,12783.99,5421.55,7362.44,57.59,Low Profitability
C02873,41,Male,West,Business Owner,993000,Affluent,Current,3,No Loan,0,1489100,535800,Yes,5174.82,8348.34,0.0,693.24,3252.7,685.53,1531.43,986.58,14216.4,6456.23,7760.17,54.59,Low Profitability
C02874,64,Female,South,Business Owner,1005000,Affluent,Current,4,No Loan,0,504900,132800,No,2874.28,4590.62,0.0,918.65,2075.56,785.71,626.17,1206.11,8383.56,4693.56,3690.0,44.01,Low Profitability
C02875,52,Male,South,Retired,592000,Mass,Salary,3,Home Loan,3681095,225800,140600,No,166870.91,6687.78,54664.9,1902.23,2654.44,2199.17,768.34,4283.01,230125.82,9904.96,220220.86,95.7,Highly Profitable
C02876,66,Male,South,Professional,519000,Mass,Current,3,No Loan,0,844300,442400,No,4636.65,5830.91,0.0,321.71,2625.92,1979.73,264.09,1498.66,10789.27,6368.41,4420.86,40.97,Low Profitability
C02877,69,Male,South,Professional,760000,Mass,Salary,2,Home Loan,3090763,1314100,402400,Yes,144913.91,3509.54,38925.71,790.32,2355.72,1100.27,1446.77,3960.62,188139.49,8863.38,179276.1,95.29,Highly Profitable
C02878,41,Female,North,Self-Employed,669000,Mass,Savings,4,No Loan,0,568700,167100,Yes,2210.39,8275.04,0.0,1559.03,3404.25,1632.33,313.27,797.1,12044.45,6146.95,5897.5,48.96,Low Profitability
C02879,55,Female,West,Salaried,404000,Mass,Salary,3,Personal Loan,106041,358600,368000,Yes,12909.43,5847.42,1548.33,2175.65,2933.38,747.88,872.5,1869.02,22480.84,6422.78,16058.06,71.43,Profitable
C02880,52,Female,North,Business Owner,688000,Mass,Current,4,No Loan,0,944400,990400,Yes,2340.96,7428.46,0.0,1147.17,4248.31,2084.26,1509.93,647.78,10916.59,8490.29,2426.3,22.23,Low Profitability
C02881,50,Female,East,Self-Employed,1023000,Affluent,Savings,2,No Loan,0,989000,652700,Yes,5729.22,3616.98,0.0,1013.29,2195.73,2063.27,365.03,809.87,10359.5,5433.91,4925.59,47.55,Low Profitability
C02882,59,Male,North,Salaried,565000,Mass,Savings,2,Auto Loan,875099,377100,366200,Yes,66784.28,5849.88,8039.54,941.91,1861.35,607.71,1789.47,2244.99,81615.61,6503.53,75112.08,92.03,Highly Profitable
C02883,69,Female,West,Salaried,1676000,Affluent,Savings,1,Personal Loan,142273,777100,722800,Yes,19697.41,3504.68,1982.53,227.29,1639.5,2063.95,1103.16,1418.27,25411.91,6224.88,19187.03,75.5,Profitable
C02884,32,Female,West,Self-Employed,352000,Mass,Savings,4,Personal Loan,707521,66000,49000,Yes,77962.45,6537.18,12874.86,2351.66,3044.42,1079.84,399.99,1717.93,99726.15,6242.17,93483.98,93.74,Highly Profitable
C02885,61,Male,East,Self-Employed,445000,Mass,Salary,2,No Loan,0,498300,442600,Yes,1757.0,2666.92,0.0,206.18,2520.69,1235.37,222.78,1339.1,4630.1,5317.95,-687.85,-14.86,Low Profitability
C02886,67,Female,West,Self-Employed,511000,Mass,Current,2,Auto Loan,303753,196500,204500,Yes,23623.36,5184.51,3414.47,1448.54,3045.86,1615.69,738.11,1256.57,33670.88,6656.23,27014.65,80.23,Profitable
C02887,38,Male,West,Salaried,1100000,Affluent,Salary,3,No Loan,0,1722900,1260100,No,5612.38,5227.69,0.0,2004.37,2426.22,1209.41,552.87,748.4,12844.43,4936.9,7907.53,61.56,Low Profitability
C02888,41,Male,North,Self-Employed,787000,Mass,Savings,2,Home Loan,1731370,1394400,955100,Yes,81781.93,6202.08,19369.56,2156.1,2760.77,1388.55,941.67,3269.76,109509.67,8360.75,101148.92,92.37,Highly Profitable
C02889,33,Male,East,Salaried,430000,Mass,Current,4,Home Loan,1428644,389300,98500,No,65178.84,4100.31,13931.21,543.17,3413.97,1150.37,945.76,3802.41,83753.53,9312.51,74441.02,88.88,Highly Profitable
C02890,41,Male,West,Business Owner,250000,Mass,Savings,3,No Loan,0,85200,60600,No,507.49,4645.15,0.0,178.12,1543.21,427.69,449.42,1673.99,5330.76,4094.3,1236.46,23.19,Low Profitability
C02891,28,Male,North,Self-Employed,364000,Mass,Current,5,No Loan,0,404800,382500,Yes,2244.87,6638.78,0.0,1944.15,4275.48,1345.9,1254.28,1160.74,10827.81,8036.4,2791.41,25.78,Low Profitability
C02892,66,Male,South,Professional,267000,Mass,Current,1,Home Loan,3425830,292900,263000,No,155114.1,918.55,73020.74,247.36,1169.36,393.56,859.89,7090.66,229300.74,9513.47,219787.28,95.85,Highly Profitable
C02893,60,Male,West,Professional,1132000,Affluent,Salary,2,No Loan,0,418900,334700,Yes,864.26,5396.29,0.0,1148.91,1887.75,490.91,1212.66,1759.57,7409.47,5350.89,2058.58,27.78,Low Profitability
C02894,66,Male,East,Business Owner,391000,Mass,Savings,2,Auto Loan,738525,476000,128900,No,57370.63,1952.92,17082.04,951.87,1727.97,1605.72,1581.95,1449.89,77357.46,6365.53,70991.93,91.77,Highly Profitable
C02895,27,Female,North,Business Owner,1018000,Affluent,Current,4,No Loan,0,683600,708600,Yes,2246.28,9639.66,0.0,422.16,4045.39,1192.11,471.07,1721.85,12308.11,7430.42,4877.68,39.63,Low Profitability
C02896,43,Female,North,Self-Employed,944000,Affluent,Savings,2,Personal Loan,590248,1458500,896600,No,68519.58,3481.94,8427.37,1374.91,1705.24,1325.71,892.8,1357.91,81803.8,5281.67,76522.13,93.54,Highly Profitable
C02897,64,Male,East,Salaried,1348000,Affluent,Current,2,No Loan,0,1509800,1110900,Yes,7792.42,3672.82,0.0,462.75,2091.06,619.76,1546.15,612.31,11927.99,4869.29,7058.7,59.18,Low Profitability
C02898,52,Male,East,Business Owner,472000,Mass,Salary,5,No Loan,0,408000,239900,No,1367.9,10753.19,0.0,1694.34,3218.36,1601.86,1355.62,1327.17,13815.43,7503.02,6312.42,45.69,Low Profitability
C02899,31,Male,North,Self-Employed,875000,Mass,Savings,1,No Loan,0,1522000,831800,Yes,8966.72,2655.78,0.0,2012.36,2021.08,436.65,688.62,1719.1,13634.86,4865.45,8769.41,64.32,Low Profitability
C02900,42,Female,West,Self-Employed,748000,Mass,Savings,4,No Loan,0,718500,491500,No,3466.57,7458.75,0.0,654.98,1972.01,781.31,1410.02,1411.72,11580.3,5575.07,6005.23,51.86,Low Profitability
C02901,42,Male,South,Salaried,750000,Mass,Savings,3,No Loan,0,1210500,811600,No,6486.92,3490.66,0.0,1876.33,2188.18,2015.68,811.16,553.11,11853.92,5568.13,6285.78,53.03,Low Profitability
C02902,63,Male,North,Retired,693000,Mass,Savings,1,Personal Loan,993916,406200,224600,No,111153.43,2001.09,15784.67,1651.5,997.73,348.77,1754.19,1752.4,130590.69,4853.1,125737.59,96.28,Highly Profitable
C02903,45,Male,East,Salaried,1112000,Affluent,Current,3,No Loan,0,977400,912200,No,4150.84,5157.19,0.0,747.42,1957.84,1717.19,607.72,1243.35,10055.45,5526.11,4529.34,45.04,Low Profitability
C02904,42,Female,East,Salaried,1047000,Affluent,Savings,3,No Loan,0,302000,88500,Yes,1121.07,7573.53,0.0,568.36,2838.45,601.3,485.08,507.41,9262.96,4432.23,4830.72,52.15,Low Profitability
C02905,48,Male,West,Retired,699000,Mass,Salary,2,No Loan,0,592400,207000,Yes,1381.75,3485.66,0.0,2198.75,2307.84,1883.1,1605.83,1196.9,7066.17,6993.68,72.49,1.03,Low Profitability
C02906,49,Male,East,Professional,544000,Mass,Savings,2,No Loan,0,884500,283200,No,4377.94,2059.46,0.0,583.59,1635.39,1454.81,994.86,1541.59,7020.98,5626.64,1394.34,19.86,Low Profitability
C02907,33,Male,North,Salaried,510000,Mass,Savings,4,Home Loan,4867640,774500,565600,Yes,221645.63,4851.92,77777.51,288.58,3114.56,364.18,1390.57,4299.42,304563.64,9168.73,295394.91,96.99,Highly Profitable
C02908,38,Male,South,Retired,714000,Mass,Salary,2,Personal Loan,339764,1256600,754800,Yes,40875.84,4630.4,4387.09,863.47,1891.77,316.15,1720.29,1485.1,50756.81,5413.3,45343.51,89.33,Highly Profitable
C02909,22,Female,West,Salaried,791000,Mass,Current,3,Education Loan,516197,1097200,695900,No,36249.34,4916.37,7449.45,2270.9,1746.85,1393.27,515.67,2297.22,50886.07,5953.0,44933.07,88.3,Highly Profitable
C02910,49,Female,East,Business Owner,666000,Mass,Salary,3,No Loan,0,398200,294800,No,921.19,4230.84,0.0,1506.07,2159.28,1808.27,360.23,699.98,6658.1,5027.76,1630.34,24.49,Low Profitability
C02911,41,Female,South,Self-Employed,344000,Mass,Savings,1,No Loan,0,142900,75100,No,557.55,2011.92,0.0,1823.75,1349.48,1656.77,546.42,652.78,4393.22,4205.44,187.78,4.27,Low Profitability
C02912,35,Female,South,Self-Employed,592000,Mass,Savings,5,No Loan,0,264200,107200,Yes,1412.93,9219.96,0.0,625.17,4758.81,861.49,383.6,1335.9,11258.06,7339.79,3918.27,34.8,Low Profitability
C02913,47,Male,East,Business Owner,524000,Mass,Savings,2,No Loan,0,650400,332200,No,1635.66,1917.02,0.0,1285.29,1919.87,1675.54,1739.21,708.19,4837.97,6042.81,-1204.84,-24.9,Low Profitability
C02914,70,Female,North,Salaried,706000,Mass,Savings,2,Education Loan,468935,551200,603500,Yes,32718.06,5601.0,7276.76,1998.41,2286.18,828.05,1341.48,1958.75,47594.23,6414.46,41179.78,86.52,Highly Profitable
C02915,51,Female,North,Salaried,2824000,Premium,Salary,3,Personal Loan,874866,2352800,2493500,No,104508.71,3339.18,19706.18,987.55,2086.21,1240.61,1249.32,2735.3,128541.62,7311.45,121230.17,94.31,Highly Profitable
C02916,35,Male,East,Business Owner,887000,Mass,Savings,1,Personal Loan,834573,1392500,1480400,No,97595.37,1335.54,17455.32,1818.85,1126.24,720.25,1722.58,1810.47,118205.09,5379.54,112825.54,95.45,Highly Profitable
C02917,43,Female,South,Salaried,1402000,Affluent,Salary,3,No Loan,0,1891300,517200,No,4221.65,4953.16,0.0,1499.76,2161.23,519.7,1765.52,1368.8,10674.57,5815.24,4859.33,45.52,Low Profitability
C02918,44,Male,East,Retired,481000,Mass,Salary,5,Auto Loan,769950,238200,77700,Yes,58732.53,10256.65,15579.28,904.81,4128.49,2124.45,1660.82,1414.86,85473.27,9328.62,76144.65,89.09,Highly Profitable
C02919,64,Male,East,Self-Employed,708000,Mass,Current,2,Home Loan,3775874,306100,88400,Yes,171199.91,5093.59,90363.56,1092.69,2506.79,1531.69,1255.61,3401.99,267749.74,8696.07,259053.67,96.75,Highly Profitable
C02920,33,Female,North,Salaried,1376000,Affluent,Salary,2,Personal Loan,289234,2072500,1954700,No,43173.73,3166.42,4961.03,1867.15,1261.45,725.87,994.77,1819.99,53168.33,4802.08,48366.25,90.97,Highly Profitable
C02921,42,Female,North,Business Owner,293000,Mass,Savings,2,Auto Loan,623779,505000,551800,No,48196.43,1826.79,6570.59,1897.0,1381.11,533.95,270.28,1834.11,58490.81,4019.45,54471.36,93.13,Highly Profitable
C02922,63,Female,West,Salaried,616000,Mass,Savings,4,Auto Loan,508648,280600,199700,No,39624.27,4288.54,8983.1,2239.48,2376.43,789.14,1603.15,1648.85,55135.39,6417.58,48717.81,88.36,Highly Profitable
C02923,57,Male,South,Salaried,985000,Affluent,Current,1,No Loan,0,1694600,1433100,Yes,8482.62,2988.58,0.0,1393.41,1954.04,1005.52,360.2,981.23,12864.61,4300.99,8563.62,66.57,Low Profitability
C02924,53,Female,North,Self-Employed,673000,Mass,Savings,2,No Loan,0,578200,317700,Yes,3271.37,2228.0,0.0,1165.19,2388.18,1944.39,337.81,1302.51,6664.56,5972.89,691.67,10.38,Low Profitability
C02925,23,Male,South,Retired,512000,Mass,Salary,3,No Loan,0,841900,758200,No,4758.19,3338.18,0.0,1974.41,2667.56,1596.55,1249.88,1125.7,10070.79,6639.69,3431.09,34.07,Low Profitability
C02926,39,Male,West,Salaried,528000,Mass,Salary,2,Personal Loan,169794,733300,592300,Yes,22391.18,4319.54,3221.58,1026.27,2926.73,984.23,1530.2,775.99,30958.58,6217.15,24741.43,79.92,Profitable
C02927,43,Female,West,Salaried,833000,Mass,Salary,1,No Loan,0,1369000,1274300,No,7804.69,1194.83,0.0,1523.68,1379.07,919.5,1296.8,1136.53,10523.21,4731.91,5791.3,55.03,Low Profitability
C02928,49,Female,West,Self-Employed,295000,Mass,Salary,5,Auto Loan,340922,358300,241900,No,26656.88,10952.38,5710.25,1924.83,2196.47,751.65,783.99,1343.66,45244.35,5075.77,40168.57,88.78,Highly Profitable
C02929,50,Male,West,Salaried,750000,Mass,Current,2,Personal Loan,895794,306800,127300,Yes,99341.93,4656.14,20746.26,2319.95,2597.52,514.04,1527.1,1355.61,127064.28,5994.27,121070.0,95.28,Highly Profitable
C02930,59,Female,South,Salaried,1043000,Affluent,Current,2,Auto Loan,179466,260300,170300,Yes,14272.47,6291.33,2837.39,2233.05,2986.18,1936.45,208.65,820.38,25634.24,5951.66,19682.58,76.78,Profitable
C02931,64,Male,West,Professional,574000,Mass,Savings,1,Personal Loan,457199,680000,350400,Yes,53936.34,3196.17,11409.24,1685.57,1734.61,1196.2,463.47,1944.96,70227.32,5339.24,64888.08,92.4,Highly Profitable
C02932,67,Male,West,Retired,297000,Mass,Salary,4,Auto Loan,777685,73100,61400,Yes,58564.25,7122.67,8026.3,149.28,4296.61,2097.78,1001.65,3056.69,73862.51,10452.73,63409.78,85.85,Highly Profitable
C02933,45,Male,West,Salaried,528000,Mass,Savings,2,No Loan,0,284800,104300,Yes,1502.21,5282.67,0.0,1872.39,2284.73,1781.68,1604.79,1119.05,8657.27,6790.26,1867.01,21.57,Low Profitability
C02934,57,Female,South,Self-Employed,654000,Mass,Salary,1,Education Loan,147613,320600,170600,No,10713.06,2233.78,2092.8,894.93,1153.54,1617.08,366.03,856.38,15934.58,3993.02,11941.55,74.94,Profitable
C02935,67,Male,South,Retired,387000,Mass,Salary,2,Home Loan,2090199,330800,84500,No,95778.46,2437.53,44982.2,2100.36,1432.13,957.69,1003.62,4541.34,145298.55,7934.77,137363.78,94.54,Highly Profitable
C02936,28,Female,West,Salaried,712000,Mass,Savings,5,Personal Loan,750508,808600,762700,No,86913.18,11524.38,12367.57,164.31,3988.07,1194.62,529.28,2805.43,110969.44,8517.4,102452.05,92.32,Highly Profitable
C02937,62,Male,South,Salaried,769000,Mass,Savings,1,No Loan,0,1271500,757300,No,5990.66,2262.52,0.0,371.83,1238.05,750.93,545.54,1690.33,8625.01,4224.84,4400.17,51.02,Low Profitability
C02938,36,Female,North,Retired,1356000,Affluent,Savings,1,Education Loan,318192,2298000,2090600,Yes,34282.76,1919.4,5428.44,1755.5,1840.6,1819.14,1546.43,2059.83,43386.1,7266.0,36120.1,83.25,Highly Profitable
C02939,28,Male,West,Business Owner,639000,Mass,Salary,3,No Loan,0,1131600,376800,Yes,5568.92,6411.2,0.0,738.05,3167.22,1185.94,468.64,1600.28,12718.17,6422.08,6296.09,49.5,Low Profitability
C02940,21,Female,South,Salaried,744000,Mass,Salary,2,Auto Loan,478751,1049300,435200,No,39033.82,1977.91,4264.39,862.85,1913.59,1799.36,308.95,2274.06,46138.97,6295.96,39843.01,86.35,Highly Profitable
C02941,64,Male,West,Salaried,517000,Mass,Current,4,Personal Loan,737207,863500,840100,No,86219.93,9225.85,14085.44,1060.6,2616.95,456.05,336.83,2269.65,110591.82,5679.49,104912.33,94.86,Highly Profitable
C02942,25,Female,South,Salaried,538000,Mass,Salary,4,Home Loan,3116769,782500,591700,No,143959.94,4829.52,26294.44,556.35,3261.95,897.84,760.28,4910.23,175640.25,9830.3,165809.95,94.4,Highly Profitable
C02943,23,Female,West,Self-Employed,1031000,Affluent,Savings,2,Auto Loan,795574,1703700,434500,No,66044.92,2861.32,16190.14,2162.72,1237.37,466.89,1065.89,1869.51,87259.1,4639.66,82619.45,94.68,Highly Profitable
C02944,21,Female,East,Professional,615000,Mass,Current,3,Personal Loan,422069,198000,201800,No,47213.2,7183.66,5698.97,311.86,2528.41,1421.06,218.36,2427.65,60407.68,6595.48,53812.2,89.08,Highly Profitable
C02945,24,Male,West,Self-Employed,1103000,Affluent,Current,1,Personal Loan,636114,1915500,2080200,Yes,79673.57,3257.64,9371.77,508.31,1374.42,1675.06,1790.01,1432.67,92811.3,6272.15,86539.15,93.24,Highly Profitable
C02946,60,Female,North,Business Owner,682000,Mass,Savings,2,No Loan,0,366300,297400,No,1836.24,4752.05,0.0,1015.22,1497.01,1791.09,1702.33,653.65,7603.51,5644.08,1959.43,25.77,Low Profitability
C02947,55,Male,East,Salaried,373000,Mass,Savings,3,No Loan,0,405800,352500,No,2176.88,4754.09,0.0,1001.95,2060.86,1003.75,944.51,1113.52,7932.93,5122.64,2810.29,35.43,Low Profitability
C02948,52,Female,West,Salaried,478000,Mass,Salary,2,Home Loan,4130289,479300,174300,Yes,187283.11,5448.55,78649.06,224.49,2615.06,559.96,434.06,5961.62,271605.21,9570.69,262034.52,96.48,Highly Profitable
C02949,62,Female,North,Salaried,2647000,Premium,Salary,1,No Loan,0,2862400,2579900,Yes,16579.76,4738.04,0.0,912.28,2114.61,2140.06,458.13,1351.18,22230.09,6063.98,16166.1,72.72,Profitable
C02950,54,Male,North,Professional,662000,Mass,Current,1,No Loan,0,866100,289400,Yes,2638.17,2471.05,0.0,1934.42,2226.74,660.92,823.45,1560.92,7043.65,5272.03,1771.62,25.15,Low Profitability
C02951,63,Male,North,Business Owner,288000,Mass,Salary,4,No Loan,0,299600,301500,No,1175.01,5961.91,0.0,2237.29,3178.37,913.56,1660.19,781.68,9374.21,6533.8,2840.41,30.3,Low Profitability
C02952,45,Male,West,Salaried,374000,Mass,Savings,4,No Loan,0,481100,326700,Yes,1368.97,11568.85,0.0,397.42,4325.75,878.99,860.38,590.65,13335.24,6655.77,6679.47,50.09,Low Profitability
C02953,30,Male,West,Salaried,473000,Mass,Salary,2,Home Loan,3968653,488000,180600,Yes,180413.11,6283.18,49589.94,1663.63,2297.1,1762.97,819.71,8462.07,237949.86,13341.84,224608.02,94.39,Highly Profitable
C02954,41,Female,South,Professional,428000,Mass,Savings,1,No Loan,0,72700,23700,Yes,334.39,3490.06,0.0,2323.82,1797.48,1889.35,1668.92,1357.02,6148.27,6712.77,-564.5,-9.18,Low Profitability
C02955,66,Male,North,Self-Employed,382000,Mass,Savings,5,Home Loan,2833712,452700,282500,Yes,129313.07,13555.69,51121.07,819.8,2862.69,842.33,1789.96,4054.42,194809.62,9549.41,185260.22,95.1,Highly Profitable
C02956,59,Male,South,Salaried,1565000,Affluent,Savings,3,No Loan,0,1668400,424700,No,4995.31,3428.07,0.0,2203.72,1881.32,838.29,814.17,1398.47,10627.11,4932.25,5694.86,53.59,Low Profitability
C02957,47,Male,West,Salaried,1009000,Affluent,Salary,3,No Loan,0,1126700,1202200,No,3997.63,7174.54,0.0,475.58,1887.25,1610.57,1740.06,574.92,11647.75,5812.81,5834.95,50.1,Low Profitability
C02958,47,Male,West,Salaried,627000,Mass,Savings,4,No Loan,0,95700,37800,No,418.97,3764.71,0.0,2166.34,2170.3,1932.01,407.57,1389.92,6350.02,5899.79,450.23,7.09,Low Profitability
C02959,22,Male,North,Professional,507000,Mass,Savings,1,No Loan,0,468200,284000,Yes,2617.73,3952.5,0.0,1124.18,2337.29,587.53,519.58,1161.81,7694.41,4606.21,3088.2,40.14,Low Profitability
C02960,61,Female,North,Self-Employed,640000,Mass,Savings,3,Personal Loan,968308,1020000,781000,No,110282.63,2819.89,18436.09,2080.87,2725.21,2169.23,895.59,2636.07,133619.48,8426.1,125193.39,93.69,Highly Profitable
C02961,68,Male,North,Business Owner,1864000,Premium,Savings,4,No Loan,0,1302400,1072600,Yes,5599.63,5335.04,0.0,605.32,3336.51,1598.06,812.09,1072.75,11539.99,6819.41,4720.58,40.91,Low Profitability
C02962,33,Female,West,Professional,435000,Mass,Savings,1,Personal Loan,895781,384600,280800,No,100706.36,1762.48,15741.34,265.45,1117.13,873.06,567.87,1285.08,118475.64,3843.14,114632.5,96.76,Highly Profitable
C02963,29,Male,West,Retired,294000,Mass,Current,3,No Loan,0,103500,41600,No,555.2,3358.97,0.0,1529.97,2107.95,1754.45,961.25,531.46,5444.14,5355.11,89.03,1.64,Low Profitability
C02964,56,Male,West,Salaried,1010000,Affluent,Savings,3,No Loan,0,901800,587100,No,2472.18,4385.14,0.0,739.25,2027.17,389.29,1374.21,755.56,7596.58,4546.23,3050.34,40.15,Low Profitability
C02965,42,Female,West,Salaried,1219000,Affluent,Savings,5,Home Loan,822617,978900,513100,Yes,40392.0,7793.2,19076.5,2035.8,3797.71,2029.03,450.84,1955.6,69297.5,8233.17,61064.32,88.12,Highly Profitable
C02966,62,Male,West,Self-Employed,1555000,Affluent,Savings,2,Home Loan,2693060,2498900,814600,Yes,134069.5,4407.4,26480.61,2079.47,2397.59,1206.29,782.12,4263.63,167036.98,8649.64,158387.35,94.82,Highly Profitable
C02967,46,Male,South,Salaried,577000,Mass,Savings,4,No Loan,0,120300,69700,No,592.37,7354.31,0.0,1836.23,3375.11,703.86,249.07,1745.1,9782.91,6073.14,3709.77,37.92,Low Profitability
C02968,32,Male,North,Professional,580000,Mass,Savings,2,No Loan,0,997300,765400,Yes,5055.22,4144.81,0.0,1294.48,2445.84,1584.61,1728.27,1671.11,10494.51,7429.83,3064.68,29.2,Low Profitability
C02969,37,Male,North,Professional,2117000,Premium,Current,2,Personal Loan,881563,2331000,784900,No,103120.86,2591.32,15726.68,2315.57,1557.93,476.84,1417.39,2382.93,123754.43,5835.09,117919.33,95.28,Highly Profitable
C02970,34,Male,West,Business Owner,971000,Affluent,Savings,2,Auto Loan,698212,994200,388000,No,56183.98,4109.59,15491.71,1505.21,1822.35,1202.17,721.29,1754.73,77290.49,5500.54,71789.95,92.88,Highly Profitable
C02971,34,Male,West,Salaried,668000,Mass,Savings,4,Home Loan,4499286,1077000,348200,Yes,207616.78,5864.09,50173.02,532.16,4130.87,2083.91,478.24,7329.21,264186.05,14022.23,250163.82,94.69,Highly Profitable
C02972,54,Male,North,Salaried,923000,Affluent,Current,2,No Loan,0,429300,107700,No,1555.58,3139.87,0.0,1496.73,1838.7,1513.25,1048.71,1019.07,6192.18,5419.73,772.45,12.47,Low Profitability
C02973,40,Male,East,Salaried,551000,Mass,Savings,4,Personal Loan,486291,272700,285200,No,54653.15,5172.53,7848.75,1482.16,2678.64,479.52,559.0,2491.53,69156.59,6208.7,62947.89,91.02,Highly Profitable
C02974,31,Male,South,Professional,826000,Mass,Savings,3,Education Loan,402465,1315700,1266400,No,32789.6,4502.95,5586.13,1636.29,2075.82,1965.0,1068.18,1067.11,44514.97,6176.12,38338.85,86.13,Highly Profitable
C02975,36,Male,South,Salaried,819000,Mass,Savings,4,No Loan,0,1378900,616100,Yes,5535.65,11110.12,0.0,338.32,3970.16,1875.92,851.26,1281.61,16984.09,7978.95,9005.14,53.02,Low Profitability
C02976,51,Male,South,Salaried,1108000,Affluent,Savings,2,Personal Loan,834574,1697900,1258100,No,99343.36,4928.93,11366.7,1752.85,1817.78,1705.29,1088.79,1984.94,117391.84,6596.8,110795.04,94.38,Highly Profitable
C02977,26,Male,North,Salaried,407000,Mass,Savings,1,No Loan,0,88800,82700,No,299.48,1106.67,0.0,1067.93,1396.79,610.45,1060.01,666.41,2474.07,3733.67,-1259.59,-50.91,Low Profitability
C02978,39,Female,West,Retired,851000,Mass,Savings,3,Personal Loan,472855,1043300,585900,Yes,55624.16,5153.66,7843.11,1565.08,3112.66,1473.72,208.5,2078.56,70186.0,6873.44,63312.56,90.21,Highly Profitable
C02979,57,Male,South,Business Owner,369000,Mass,Savings,3,No Loan,0,330000,289800,Yes,907.69,4895.41,0.0,2309.91,2447.25,1792.53,1320.98,1392.65,8113.01,6953.41,1159.6,14.29,Low Profitability
C02980,24,Female,West,Retired,1964000,Premium,Savings,2,No Loan,0,2912400,2878500,No,17379.13,4566.7,0.0,912.73,1582.67,1655.68,1139.9,587.67,22858.56,4965.92,17892.64,78.28,Profitable
C02981,67,Male,North,Professional,556000,Mass,Current,3,Home Loan,1448147,228500,154000,No,66178.45,6885.25,18824.4,1424.32,1782.41,933.84,1168.08,1966.19,93312.42,5850.52,87461.9,93.73,Highly Profitable
C02982,24,Female,South,Self-Employed,282000,Mass,Salary,1,No Loan,0,470500,472800,Yes,1306.9,2835.4,0.0,1948.83,1570.85,2104.91,636.24,895.65,6091.13,5207.66,883.48,14.5,Low Profitability
C02983,40,Male,South,Salaried,3225000,Premium,Current,3,Education Loan,303901,2268500,972000,Yes,25782.24,4725.25,4004.83,390.88,3500.13,678.73,1725.9,2322.73,34903.21,8227.49,26675.72,76.43,Profitable
C02984,30,Female,West,Salaried,526000,Mass,Current,2,No Loan,0,359400,365200,Yes,1047.38,5834.38,0.0,950.24,2333.17,1132.35,798.04,1586.94,7831.99,5850.51,1981.49,25.3,Low Profitability
C02985,44,Female,North,Self-Employed,738000,Mass,Savings,1,Personal Loan,642118,328000,306600,Yes,72230.73,2159.01,14826.11,426.52,2017.5,1079.09,590.57,2145.05,89642.36,5832.21,83810.15,93.49,Highly Profitable
C02986,55,Male,South,Professional,276000,Mass,Savings,4,No Loan,0,44600,43000,Yes,178.19,10533.68,0.0,2115.34,3379.89,2003.17,251.28,828.21,12827.2,6462.56,6364.64,49.62,Low Profitability
C02987,46,Female,South,Salaried,680000,Mass,Savings,3,Personal Loan,838812,452900,115000,No,94145.33,6485.42,9239.87,1952.66,1700.27,696.48,1152.54,2406.76,111823.27,5956.05,105867.22,94.67,Highly Profitable
C02988,57,Male,South,Salaried,1756000,Affluent,Savings,4,Auto Loan,708965,693200,564300,Yes,56488.81,6688.43,13778.84,860.05,3337.43,1765.08,1534.75,2266.81,77816.13,8904.07,68912.06,88.56,Highly Profitable
C02989,58,Male,East,Self-Employed,1032000,Affluent,Current,1,No Loan,0,1411700,833700,No,6939.74,2452.89,0.0,170.29,1320.99,1311.17,506.61,1786.53,9562.92,4925.3,4637.62,48.5,Low Profitability
C02990,41,Female,West,Salaried,275000,Mass,Salary,1,Auto Loan,630969,384600,293800,Yes,49240.5,4196.82,8465.49,1083.01,1756.85,1455.03,1290.23,1861.24,62985.82,6363.35,56622.47,89.9,Highly Profitable
C02991,60,Female,North,Business Owner,460000,Mass,Savings,3,Personal Loan,442476,697400,223900,No,50289.63,6262.23,7023.6,141.68,1943.91,335.4,206.83,2493.74,63717.14,4979.87,58737.26,92.18,Highly Profitable
C02992,59,Male,West,Salaried,1160000,Affluent,Savings,2,Home Loan,1180569,184400,83200,No,54108.39,4865.18,22212.02,801.19,1374.77,1583.04,1151.83,1855.84,81986.78,5965.48,76021.3,92.72,Highly Profitable
C02993,41,Male,West,Salaried,993000,Affluent,Savings,1,No Loan,0,724800,397600,No,1955.15,1532.14,0.0,604.62,1178.13,727.21,313.1,1567.16,4091.91,3785.6,306.31,7.49,Low Profitability
C02994,30,Female,East,Salaried,536000,Mass,Savings,2,Home Loan,2838089,85500,73600,No,128102.12,1740.81,50858.86,660.27,1309.59,1162.21,1634.99,6366.83,181362.06,10473.61,170888.44,94.23,Highly Profitable
C02995,58,Female,East,Self-Employed,871000,Mass,Savings,2,No Loan,0,860300,619400,Yes,2496.53,6816.15,0.0,1755.15,2637.11,1203.89,657.16,1109.68,11067.84,5607.83,5460.0,49.33,Low Profitability
C02996,66,Female,West,Self-Employed,362000,Mass,Savings,2,Education Loan,419989,597300,156800,Yes,30467.76,6807.72,10226.38,1800.91,2268.43,2127.84,984.37,1280.35,49302.77,6660.98,42641.79,86.49,Highly Profitable
C02997,24,Female,West,Salaried,341000,Mass,Savings,4,Auto Loan,718889,280600,150000,No,55336.66,9769.93,16821.05,1795.14,3301.5,1184.4,826.17,1284.92,83722.78,6596.98,77125.8,92.12,Highly Profitable
C02998,65,Male,West,Professional,180000,Mass,Current,2,Personal Loan,555907,286500,300500,Yes,61923.59,4255.67,9234.35,2068.37,1955.14,1093.34,1125.77,1484.83,77481.98,5659.07,71822.9,92.7,Highly Profitable
C02999,40,Female,South,Salaried,1164000,Affluent,Savings,3,Education Loan,330261,1994500,803500,Yes,29846.06,5684.05,6812.46,2004.15,3653.43,1744.64,701.76,1097.45,44346.71,7197.28,37149.43,83.77,Highly Profitable
C03000,37,Male,West,Salaried,661000,Mass,Savings,1,No Loan,0,358600,161800,Yes,1752.4,3151.84,0.0,1605.25,1674.64,1098.58,1680.33,811.51,6509.49,5265.05,1244.44,19.12,Low Profitability
C03001,27,Male,West,Business Owner,702000,Mass,Salary,4,Education Loan,437836,117100,59900,Yes,28772.82,8813.83,10693.12,644.69,4315.21,1963.59,720.29,2259.24,48924.46,9258.33,39666.13,81.08,Highly Profitable
C03002,24,Male,West,Salaried,180000,Mass,Salary,2,Home Loan,2787360,246700,117900,Yes,126069.04,4614.17,25980.5,948.68,1801.6,1305.6,1037.43,5904.15,157612.4,10048.79,147563.61,93.62,Highly Profitable
C03003,49,Male,North,Self-Employed,681000,Mass,Salary,2,No Loan,0,752800,266100,Yes,2637.06,4797.25,0.0,1088.18,3145.92,1955.96,841.87,553.65,8522.49,6497.39,2025.1,23.76,Low Profitability
C03004,34,Male,East,Retired,948000,Affluent,Savings,1,Personal Loan,773997,685200,353400,Yes,89027.73,3603.6,9593.81,1796.67,1768.47,1565.31,569.08,2211.77,104021.81,6114.63,97907.18,94.12,Highly Profitable
C03005,23,Female,West,Business Owner,222000,Mass,Savings,2,Home Loan,4922496,168000,119000,Yes,221893.87,5554.34,62974.06,1387.36,2440.64,1536.96,1784.78,3958.12,291809.63,9720.5,282089.12,96.67,Highly Profitable
C03006,44,Male,North,Business Owner,717000,Mass,Savings,4,Personal Loan,977479,203400,167600,No,108221.47,7604.46,12383.89,1881.71,2476.16,1374.1,1278.91,2454.67,130091.52,7583.84,122507.68,94.17,Highly Profitable
C03007,57,Male,West,Self-Employed,675000,Mass,Savings,2,Personal Loan,903938,1071400,853300,Yes,105031.64,5080.39,16522.44,481.3,2231.06,1242.91,1019.49,1616.62,127115.77,6110.07,121005.7,95.19,Highly Profitable
C03008,36,Female,North,Salaried,542000,Mass,Savings,4,No Loan,0,297800,115600,Yes,1005.66,8489.72,0.0,657.6,2736.94,990.73,1237.01,1235.66,10152.98,6200.35,3952.64,38.93,Low Profitability
C03009,24,Male,South,Self-Employed,1437000,Affluent,Savings,4,No Loan,0,445800,344300,No,989.85,8583.95,0.0,237.36,2818.9,1821.77,1015.42,727.76,9811.16,6383.85,3427.31,34.93,Low Profitability
C03010,44,Male,West,Salaried,1259000,Affluent,Current,1,Education Loan,116467,1808200,1002800,Yes,15762.25,3861.41,2579.14,1504.32,2184.29,1515.64,1409.92,1979.12,23707.13,7088.97,16618.16,70.1,Profitable
C03011,54,Male,West,Retired,4341000,Premium,Savings,2,No Loan,0,4125600,3913400,Yes,24058.73,3827.62,0.0,2416.45,1789.91,481.56,544.33,747.62,30302.81,3563.43,26739.38,88.24,Profitable
C03012,50,Female,South,Salaried,359000,Mass,Savings,5,Education Loan,666419,505800,282300,Yes,45501.59,11791.75,12007.72,1404.31,4623.18,1586.31,1780.63,1984.0,70705.38,9974.12,60731.25,85.89,Highly Profitable
C03013,38,Male,West,Self-Employed,886000,Mass,Current,1,No Loan,0,1451400,1567600,No,7631.01,1883.9,0.0,629.09,1167.35,392.15,672.98,1528.22,10144.0,3760.7,6383.3,62.93,Low Profitability
C03014,39,Male,South,Retired,1597000,Affluent,Current,4,No Loan,0,1246500,963000,Yes,2563.75,4941.77,0.0,1579.32,3107.0,2154.4,839.7,1746.4,9084.85,7847.5,1237.35,13.62,Low Profitability
C03015,51,Male,North,Professional,478000,Mass,Current,4,No Loan,0,114700,70500,No,532.45,6579.38,0.0,1731.99,3038.7,909.96,1750.86,1721.66,8843.83,7421.17,1422.65,16.09,Low Profitability
C03016,39,Male,West,Retired,1774000,Affluent,Savings,4,Auto Loan,611463,1007400,682700,No,48482.95,4962.03,9921.97,1486.85,2477.26,523.8,609.21,2184.01,64853.8,5794.28,59059.52,91.07,Highly Profitable
C03017,69,Male,South,Business Owner,856000,Mass,Savings,4,No Loan,0,200500,80100,Yes,961.24,10410.34,0.0,992.98,3376.14,740.45,470.58,1792.55,12364.56,6379.73,5984.82,48.4,Low Profitability
C03018,66,Male,South,Salaried,268000,Mass,Savings,4,No Loan,0,106200,87900,Yes,454.58,8733.36,0.0,2091.39,3773.82,2105.77,1200.42,1679.79,11279.32,8759.8,2519.53,22.34,Low Profitability
C03019,39,Male,North,Professional,345000,Mass,Salary,3,Auto Loan,522798,535000,571700,No,40754.2,6309.63,5975.07,1279.81,1610.3,1238.29,1743.69,1507.92,54318.7,6100.21,48218.49,88.77,Highly Profitable
C03020,42,Female,West,Salaried,509000,Mass,Savings,2,Auto Loan,257359,867000,596200,No,23064.8,1750.03,3360.27,2473.86,1584.93,2156.45,1788.15,1431.49,30648.97,6961.03,23687.94,77.29,Profitable
C03021,44,Male,North,Salaried,667000,Mass,Savings,1,Auto Loan,872452,845000,924000,No,69409.33,1448.74,17161.91,684.06,1326.26,919.15,581.43,3002.13,88704.03,5828.97,82875.06,93.43,Highly Profitable
C03022,65,Male,North,Business Owner,1383000,Affluent,Savings,4,Auto Loan,308208,1877400,709500,No,33645.09,4279.78,4479.26,635.8,1753.99,382.04,683.99,1483.42,43039.94,4303.44,38736.5,90.0,Highly Profitable
C03023,32,Male,North,Business Owner,666000,Mass,Salary,4,Auto Loan,529134,903700,715800,Yes,44705.45,7609.92,8635.0,280.48,2634.59,2045.92,1460.06,2434.91,61230.85,8575.48,52655.37,85.99,Highly Profitable
C03024,50,Male,South,Professional,1354000,Affluent,Savings,3,Home Loan,2645261,478700,395500,Yes,121787.21,7037.89,48071.03,1057.42,3282.02,2044.1,447.3,2848.25,177953.55,8621.68,169331.87,95.16,Highly Profitable
C03025,58,Female,West,Retired,743000,Mass,Savings,3,Personal Loan,466547,169200,87100,No,52227.9,7127.26,4003.3,696.29,2557.21,970.76,720.75,2602.51,64054.75,6851.23,57203.52,89.3,Highly Profitable
C03026,51,Male,North,Professional,705000,Mass,Savings,2,Personal Loan,308250,918200,503900,No,37730.27,4715.25,4289.02,2099.75,1203.18,1554.54,1085.38,2310.6,48834.28,6153.7,42680.58,87.4,Highly Profitable
C03027,56,Male,North,Salaried,596000,Mass,Salary,4,No Loan,0,126200,133000,Yes,681.05,4931.78,0.0,1347.89,3790.89,788.69,587.11,1789.5,6960.72,6956.18,4.53,0.07,Low Profitability
C03028,39,Female,West,Business Owner,1201000,Affluent,Current,1,Home Loan,3387056,1788800,1377600,Yes,161162.78,2039.72,42163.54,244.28,1832.07,1487.54,240.7,3130.06,205610.33,6690.37,198919.96,96.75,Highly Profitable
C03029,68,Male,South,Professional,752000,Mass,Savings,3,No Loan,0,846300,773800,No,4190.61,5767.92,0.0,957.89,2058.15,422.09,231.05,529.5,10916.42,3240.79,7675.62,70.31,Low Profitability
C03030,65,Male,West,Retired,468000,Mass,Savings,4,Auto Loan,405366,157900,136900,Yes,30815.85,5499.97,6641.63,1769.47,3050.51,957.87,1754.35,1751.61,44726.92,7514.34,37212.59,83.2,Highly Profitable
C03031,56,Male,West,Salaried,840000,Mass,Savings,1,Personal Loan,463340,1039800,800000,No,53794.13,887.42,8341.48,1266.06,1029.59,1036.36,976.6,2307.21,64289.09,5349.76,58939.33,91.68,Highly Profitable
C03032,50,Male,East,Salaried,544000,Mass,Savings,5,Education Loan,252516,625800,181900,No,18116.44,12106.31,3267.29,944.29,2226.3,891.58,1755.28,895.48,34434.32,5768.65,28665.67,83.25,Profitable
C03033,69,Male,West,Professional,528000,Mass,Savings,5,No Loan,0,407000,331000,No,1154.53,6800.74,0.0,472.45,3517.95,1232.04,806.71,869.51,8427.72,6426.22,2001.5,23.75,Low Profitability
C03034,53,Male,West,Salaried,1341000,Affluent,Salary,5,Home Loan,2934176,2010500,1092100,Yes,139420.7,9343.47,66394.89,1697.32,2643.37,1550.35,1510.4,3323.0,216856.38,9027.13,207829.25,95.84,Highly Profitable
C03035,38,Male,North,Self-Employed,641000,Mass,Savings,3,Personal Loan,322745,418300,271300,No,36866.28,3789.61,3313.5,526.62,1975.01,1249.98,423.72,2260.62,44496.01,5909.32,38586.69,86.72,Highly Profitable
C03036,69,Female,East,Salaried,2264000,Premium,Current,2,Education Loan,635256,1751300,1705300,No,45138.17,2705.68,8216.16,2188.62,1609.02,1149.37,288.39,1567.56,58248.63,4614.35,53634.29,92.08,Highly Profitable
C03037,48,Male,East,Salaried,1049000,Affluent,Current,3,No Loan,0,1363100,1463200,Yes,6674.03,8822.48,0.0,2474.39,2600.95,1558.31,761.72,1730.37,17970.91,6651.36,11319.55,62.99,Profitable
C03038,67,Male,North,Business Owner,459000,Mass,Current,2,No Loan,0,638400,536300,Yes,2306.5,3174.26,0.0,1426.46,2262.57,1907.16,264.54,977.66,6907.23,5411.93,1495.3,21.65,Low Profitability
C03039,31,Male,West,Salaried,442000,Mass,Savings,1,Personal Loan,440309,265800,118900,Yes,49048.47,2820.39,8098.5,381.09,2141.56,1144.03,978.46,1767.17,60348.45,6031.23,54317.22,90.01,Highly Profitable
C03040,65,Male,East,Business Owner,354000,Mass,Savings,4,Personal Loan,365088,62900,32700,No,40484.01,7539.35,4228.34,1745.3,3190.9,1198.69,1222.21,1602.12,53997.0,7213.91,46783.08,86.64,Highly Profitable
C03041,53,Male,North,Salaried,977000,Affluent,Savings,3,No Loan,0,430800,158300,Yes,895.29,5419.18,0.0,418.95,3146.41,1951.39,388.14,1588.25,6733.41,7074.19,-340.78,-5.06,Low Profitability
C03042,37,Female,North,Salaried,437000,Mass,Savings,2,Education Loan,496547,255300,189800,Yes,33357.88,5784.83,5136.94,2264.55,2481.16,315.51,876.63,1743.28,46544.21,5416.59,41127.62,88.36,Highly Profitable
C03043,26,Female,South,Salaried,201000,Mass,Salary,1,No Loan,0,330300,343700,No,1660.99,1960.21,0.0,1506.32,1279.02,1083.38,1657.74,1396.86,5127.52,5417.01,-289.49,-5.65,Low Profitability
C03044,24,Female,North,Professional,282000,Mass,Salary,3,Personal Loan,911549,458100,430300,No,101869.32,7269.22,17479.41,2020.84,2674.92,342.24,1105.24,2038.63,128638.79,6161.03,122477.76,95.21,Highly Profitable
C03045,40,Female,West,Salaried,381000,Mass,Savings,4,No Loan,0,472500,336500,No,2030.0,6330.49,0.0,1599.76,3020.43,1015.43,992.05,1795.8,9960.25,6823.72,3136.53,31.49,Low Profitability
C03046,68,Male,South,Business Owner,842000,Mass,Savings,2,No Loan,0,1111800,1167600,No,2449.02,2907.97,0.0,1362.4,1443.82,792.42,1230.79,1128.93,6719.39,4595.96,2123.43,31.6,Low Profitability
C03047,67,Male,North,Business Owner,669000,Mass,Salary,1,Education Loan,535845,786100,795700,No,37147.5,1413.85,5740.52,1360.54,1035.43,1358.16,1618.56,1105.95,45662.42,5118.1,40544.32,88.79,Highly Profitable
C03048,47,Male,West,Business Owner,1176000,Affluent,Savings,3,Personal Loan,887585,1688300,940200,No,105492.28,4258.03,7535.76,1874.6,2675.94,1184.21,1487.16,1911.03,119160.66,7258.34,111902.32,93.91,Highly Profitable
C03049,35,Male,West,Business Owner,425000,Mass,Savings,2,Auto Loan,223958,310000,222400,No,18396.9,1727.99,5382.65,2266.16,1889.95,494.95,605.98,806.08,27773.69,3796.96,23976.74,86.33,Profitable
C03050,26,Female,North,Salaried,586000,Mass,Savings,1,Auto Loan,573753,616500,309200,Yes,44546.45,3451.2,4939.55,625.43,1633.61,1311.77,254.02,1838.77,53562.63,5038.17,48524.46,90.59,Highly Profitable
C03051,67,Male,West,Salaried,1830000,Premium,Current,3,Auto Loan,206572,2299600,592000,Yes,28980.02,5264.26,3674.86,373.3,3171.27,1617.94,674.28,1392.86,38292.44,6856.36,31436.08,82.09,Highly Profitable
C03052,34,Female,West,Self-Employed,580000,Mass,Salary,3,Personal Loan,707380,535300,339100,No,79727.14,6891.09,15441.52,235.33,2358.69,406.44,1641.46,2035.16,102295.08,6441.76,95853.33,93.7,Highly Profitable
C03053,31,Male,South,Salaried,792000,Mass,Salary,3,Auto Loan,605267,1128500,1001600,Yes,51825.62,3743.79,4895.05,2180.16,2718.74,361.88,905.26,1637.58,62644.61,5623.47,57021.15,91.02,Highly Profitable
C03054,59,Female,East,Professional,488000,Mass,Savings,4,No Loan,0,824100,650300,Yes,3427.26,7968.33,0.0,393.73,3927.23,1980.73,1399.22,877.2,11789.32,8184.38,3604.94,30.58,Low Profitability
C03055,29,Female,North,Professional,618000,Mass,Current,3,Personal Loan,251188,769600,798700,No,31152.53,3519.03,3310.67,1608.89,2514.13,1376.96,1439.47,1987.81,39591.11,7318.36,32272.75,81.52,Highly Profitable
C03056,46,Female,South,Salaried,909000,Affluent,Savings,4,No Loan,0,248300,206800,No,671.33,7590.03,0.0,851.81,2233.2,506.54,1188.65,1352.03,9113.17,5280.41,3832.75,42.06,Low Profitability
C03057,36,Female,South,Self-Employed,1005000,Affluent,Savings,4,Personal Loan,186424,1162700,430300,Yes,26946.76,6801.01,2015.47,1451.87,3173.11,1664.68,499.85,1157.96,37215.11,6495.61,30719.51,82.55,Highly Profitable
C03058,25,Male,South,Retired,747000,Mass,Savings,3,Education Loan,358006,970300,462600,Yes,25550.47,4756.54,5158.01,303.86,2976.12,1927.63,1029.62,1160.54,35768.88,7093.91,28674.96,80.17,Profitable
C03059,30,Female,West,Salaried,607000,Mass,Salary,1,Personal Loan,351515,374700,133600,Yes,40896.01,3335.65,3672.75,1492.76,2205.87,2137.39,954.78,1655.14,49397.17,6953.17,42444.0,85.92,Highly Profitable
C03060,70,Female,East,Professional,752000,Mass,Savings,4,Auto Loan,422602,512000,473900,Yes,33521.9,8690.11,4783.05,2207.07,3771.9,1876.96,1223.88,1455.15,49202.13,8327.89,40874.23,83.07,Highly Profitable
C03061,23,Female,North,Salaried,467000,Mass,Savings,4,No Loan,0,528800,559500,Yes,1405.33,4525.19,0.0,738.26,4049.71,1725.25,1539.54,1473.79,6668.78,8788.3,-2119.52,-31.78,Low Profitability
C03062,33,Female,West,Self-Employed,622000,Mass,Savings,2,Education Loan,670020,819000,362300,No,47173.7,3910.9,8089.91,872.18,1438.26,1968.89,252.3,2643.71,60046.69,6303.17,53743.52,89.5,Highly Profitable
C03063,63,Female,West,Professional,840000,Mass,Salary,3,No Loan,0,1333800,1201300,Yes,7286.28,4639.9,0.0,623.47,2300.92,1226.28,721.76,1309.02,12549.65,5557.98,6991.67,55.71,Low Profitability
C03064,69,Female,South,Self-Employed,1205000,Affluent,Current,2,Education Loan,232782,1696800,1054500,No,21219.6,4876.31,5284.91,411.61,2094.03,1224.02,1402.81,1784.72,31792.42,6505.59,25286.83,79.54,Profitable
C03065,50,Male,West,Business Owner,424000,Mass,Current,1,Auto Loan,231575,157300,86800,Yes,17688.13,3648.4,3558.69,273.75,1684.02,1584.3,1516.79,1164.07,25168.97,5949.19,19219.79,76.36,Profitable
C03066,65,Female,West,Retired,635000,Mass,Savings,3,No Loan,0,460000,500900,No,2524.97,3538.26,0.0,1708.59,1488.45,1963.29,488.53,1757.58,7771.82,5697.84,2073.97,26.69,Low Profitability
C03067,26,Male,South,Business Owner,403000,Mass,Current,1,Personal Loan,380339,159400,86700,Yes,42526.74,2681.25,3377.38,931.51,2099.8,696.6,768.2,1933.05,49516.88,5497.65,44019.23,88.9,Highly Profitable
C03068,37,Male,East,Business Owner,548000,Mass,Current,2,Auto Loan,190975,766600,622400,No,16141.09,1799.67,3595.74,1199.39,1878.59,1119.57,1001.2,1669.59,22735.9,5668.94,17066.96,75.07,Profitable
C03069,65,Male,South,Self-Employed,1214000,Affluent,Salary,3,Personal Loan,859494,715800,612600,Yes,98570.1,3638.92,18835.61,872.14,2938.66,1734.3,1129.71,1506.71,121916.78,7309.37,114607.41,94.0,Highly Profitable
C03070,39,Male,West,Business Owner,521000,Mass,Savings,4,No Loan,0,184300,167200,No,938.61,3414.13,0.0,1886.39,3202.68,837.05,832.7,1557.85,6239.13,6430.28,-191.15,-3.06,Low Profitability
C03071,62,Male,West,Professional,664000,Mass,Savings,4,Auto Loan,225298,205000,201500,No,17744.12,6929.67,5031.6,1738.47,2884.82,405.66,1340.55,1067.53,31443.85,5698.56,25745.29,81.88,Profitable
C03072,55,Male,South,Retired,355000,Mass,Salary,5,Personal Loan,312992,120300,88000,No,34884.71,11196.19,3101.09,1697.74,3317.28,1082.66,926.12,1015.59,50879.72,6341.65,44538.06,87.54,Highly Profitable
C03073,66,Male,West,Professional,514000,Mass,Salary,3,No Loan,0,286700,219000,No,1382.93,4164.87,0.0,1938.16,2416.71,2147.87,731.1,1373.17,7485.96,6668.85,817.11,10.92,Low Profitability
C03074,46,Male,South,Business Owner,299000,Mass,Savings,3,No Loan,0,430800,368100,No,1485.67,4178.57,0.0,1499.13,2666.5,1527.55,879.39,1505.72,7163.37,6579.17,584.2,8.16,Low Profitability
C03075,25,Male,West,Salaried,816000,Mass,Savings,4,Home Loan,4732694,442500,166600,No,215015.32,3907.57,88917.5,333.4,2997.55,1777.73,470.98,10505.94,308173.78,15752.21,292421.57,94.89,Highly Profitable
C03076,49,Female,East,Professional,857000,Mass,Salary,3,No Loan,0,526400,221100,No,1370.55,2406.04,0.0,1114.75,1594.71,492.28,431.28,655.69,4891.34,3173.96,1717.38,35.11,Low Profitability
C03077,57,Female,North,Business Owner,842000,Mass,Savings,2,Auto Loan,421380,1349800,1214400,Yes,35072.12,5570.05,6344.81,860.29,2571.51,1304.97,1196.49,1549.18,47847.27,6622.15,41225.12,86.16,Highly Profitable
C03078,40,Female,West,Professional,873000,Mass,Savings,2,Home Loan,2350114,768100,280100,No,108247.03,3156.18,55299.83,921.83,2084.74,1965.79,856.82,4438.34,167624.88,9345.69,158279.19,94.42,Highly Profitable
C03079,69,Female,East,Salaried,843000,Mass,Savings,5,No Loan,0,834200,696700,No,4624.16,10267.81,0.0,570.4,1956.32,1971.72,1706.83,788.21,15462.37,6423.08,9039.3,58.46,Low Profitability
C03080,41,Female,West,Retired,302000,Mass,Savings,1,Personal Loan,989700,46700,13000,Yes,109119.24,2862.24,21578.46,486.43,2152.57,2161.14,742.9,2403.41,134046.37,7460.01,126586.36,94.43,Highly Profitable
C03081,30,Male,West,Salaried,454000,Mass,Current,2,Home Loan,4444724,129600,69600,No,200526.89,1980.68,71811.02,1219.26,1232.7,1866.96,1228.23,7596.73,275537.85,11924.62,263613.23,95.67,Highly Profitable
C03082,25,Female,South,Salaried,204000,Mass,Savings,2,Education Loan,529133,279900,227500,No,35608.94,2492.92,7095.33,2430.99,2059.64,1960.66,1320.19,1296.08,47628.18,6636.57,40991.61,86.07,Highly Profitable
C03083,56,Female,West,Business Owner,542000,Mass,Savings,5,Personal Loan,438649,379500,322800,Yes,49963.08,9370.69,3926.86,153.5,5017.43,690.04,1461.49,1675.06,63414.13,8844.02,54570.11,86.05,Highly Profitable
C03084,26,Male,North,Business Owner,434000,Mass,Savings,1,Education Loan,494936,172200,135300,Yes,32772.3,2744.39,7989.58,778.01,2356.22,349.55,785.24,1549.28,44284.27,5040.28,39243.99,88.62,Highly Profitable
C03085,46,Male,West,Salaried,685000,Mass,Salary,3,No Loan,0,587400,367300,No,2822.63,2671.68,0.0,2417.61,2133.61,1545.51,976.22,754.35,7911.92,5409.7,2502.23,31.63,Low Profitability
C03086,24,Female,West,Business Owner,2708000,Premium,Salary,1,Personal Loan,911916,607700,283500,Yes,103004.45,2955.61,14752.64,955.9,2048.23,1610.69,1451.8,1297.69,121668.6,6408.41,115260.19,94.73,Highly Profitable
C03087,59,Male,West,Salaried,1076000,Affluent,Salary,3,No Loan,0,1420800,1095900,No,4855.49,3674.19,0.0,1670.87,2754.67,2043.04,1590.12,592.8,10200.56,6980.64,3219.92,31.57,Low Profitability
C03088,59,Female,South,Salaried,1624000,Affluent,Current,3,Personal Loan,134754,458500,186700,Yes,16260.56,3295.49,2900.17,742.21,3386.94,1358.63,655.74,1116.29,23198.43,6517.59,16680.84,71.91,Profitable
C03089,70,Male,South,Salaried,1100000,Affluent,Savings,1,Personal Loan,880077,264600,79700,No,98375.7,1517.97,8970.86,1400.96,1284.45,1105.76,587.42,1863.67,110265.49,4841.31,105424.19,95.61,Highly Profitable
C03090,55,Male,West,Professional,663000,Mass,Salary,5,Auto Loan,178283,558600,149000,Yes,15123.65,11621.24,1924.95,516.47,2615.31,2075.31,744.14,1808.15,29186.32,7242.9,21943.42,75.18,Profitable
C03091,21,Male,West,Salaried,696000,Mass,Salary,4,Education Loan,309920,778600,371800,Yes,22244.07,6634.01,3711.03,1392.85,3802.97,678.01,1144.66,1934.34,33981.96,7559.99,26421.98,77.75,Profitable
C03092,44,Male,East,Salaried,1126000,Affluent,Salary,2,Education Loan,590915,1588100,437500,No,46887.38,3085.44,6679.28,1250.23,1705.76,1190.48,1532.0,1763.66,57902.33,6191.89,51710.43,89.31,Highly Profitable
C03093,56,Male,East,Business Owner,802000,Mass,Savings,1,No Loan,0,214200,98900,No,1123.12,1115.39,0.0,2103.58,1387.21,382.63,1230.75,1530.43,4342.09,4531.02,-188.93,-4.35,Low Profitability
C03094,26,Female,North,Self-Employed,597000,Mass,Savings,2,No Loan,0,419400,208000,No,1239.34,4381.6,0.0,2029.69,1813.88,1809.78,523.58,848.01,7650.62,4995.24,2655.38,34.71,Low Profitability
C03095,61,Female,South,Professional,1534000,Affluent,Current,4,No Loan,0,909900,494300,Yes,4908.71,7328.77,0.0,537.64,4401.66,1485.03,282.83,1147.43,12775.12,7316.95,5458.17,42.72,Low Profitability
C03096,66,Female,South,Professional,894000,Mass,Savings,1,No Loan,0,1231200,1054500,No,6952.15,1783.24,0.0,2356.67,996.89,851.09,1089.85,611.72,11092.05,3549.56,7542.5,68.0,Low Profitability
C03097,64,Male,West,Professional,320000,Mass,Savings,2,No Loan,0,243100,152000,Yes,808.79,4752.25,0.0,1034.64,2741.88,1324.36,1420.15,1017.76,6595.68,6504.15,91.53,1.39,Low Profitability
C03098,51,Female,West,Salaried,634000,Mass,Current,3,Personal Loan,364199,751900,817700,Yes,42553.89,8651.75,5839.84,221.42,3605.31,1605.64,1008.52,1146.48,57266.9,7365.95,49900.95,87.14,Highly Profitable
C03099,40,Male,West,Self-Employed,720000,Mass,Savings,1,Auto Loan,892431,689400,727500,No,68672.22,979.86,12436.12,283.7,1236.18,1803.58,786.43,1119.25,82371.89,4945.44,77426.45,94.0,Highly Profitable
C03100,44,Male,South,Business Owner,560000,Mass,Salary,2,Personal Loan,503285,610400,661900,No,58073.54,4474.88,5939.07,1104.78,1687.14,496.06,516.51,2072.46,69592.27,4772.17,64820.1,93.14,Highly Profitable
C03101,45,Male,South,Salaried,566000,Mass,Savings,3,Auto Loan,286088,426400,256000,No,23493.06,4818.57,4977.51,2229.85,2496.35,665.88,1119.26,2033.8,35518.99,6315.3,29203.69,82.22,Profitable
C03102,56,Male,South,Salaried,556000,Mass,Current,2,Education Loan,667764,302900,87100,Yes,44099.38,4615.28,11112.01,475.16,2942.93,1293.24,1178.52,1123.4,60301.83,6538.09,53763.74,89.16,Highly Profitable
C03103,41,Male,West,Self-Employed,262000,Mass,Savings,4,No Loan,0,65100,63900,Yes,184.6,10108.11,0.0,1253.61,3757.0,1649.55,1535.15,869.06,11546.32,7810.75,3735.57,32.35,Low Profitability
C03104,50,Male,South,Salaried,238000,Mass,Salary,5,Auto Loan,284137,103800,64300,No,21630.15,6776.54,4513.09,1393.17,3603.86,1972.01,1382.86,1054.18,34312.96,8012.9,26300.06,76.65,Profitable
C03105,44,Female,South,Retired,489000,Mass,Savings,2,No Loan,0,212600,169000,No,804.53,4556.4,0.0,2238.95,1559.91,1334.83,1024.64,695.88,7599.89,4615.27,2984.62,39.27,Low Profitability
C03106,64,Female,East,Professional,562000,Mass,Salary,3,Personal Loan,470036,951200,919700,Yes,56740.34,6366.09,11305.53,129.78,2523.24,878.86,1495.28,2149.56,74541.73,7046.95,67494.79,90.55,Highly Profitable
C03107,62,Male,West,Salaried,335000,Mass,Savings,3,No Loan,0,568400,435500,Yes,1646.63,5673.65,0.0,2236.58,2434.05,1929.84,381.38,1249.21,9556.86,5994.48,3562.38,37.28,Low Profitability
C03108,50,Male,South,Salaried,399000,Mass,Savings,3,No Loan,0,228300,200100,Yes,1194.09,7763.1,0.0,748.22,3223.5,2125.56,582.21,1232.87,9705.41,7164.15,2541.26,26.18,Low Profitability
C03109,42,Male,West,Retired,609000,Mass,Savings,1,Personal Loan,554838,197500,91100,No,62130.15,898.32,13324.98,2191.57,1318.03,773.21,1405.27,1405.05,78545.02,4901.58,73643.45,93.76,Highly Profitable
C03110,48,Male,South,Salaried,1234000,Affluent,Salary,1,Personal Loan,173012,758700,315500,Yes,21157.31,2825.71,3083.56,1117.65,2106.88,1444.12,874.57,1686.34,28184.23,6111.9,22072.33,78.31,Profitable
C03111,27,Female,South,Professional,1190000,Affluent,Savings,4,Auto Loan,175919,1742300,1257900,Yes,23598.1,4033.96,1981.41,885.71,3561.81,910.82,1118.08,685.44,30499.18,6276.16,24223.02,79.42,Profitable
C03112,55,Male,West,Self-Employed,1212000,Affluent,Savings,2,Auto Loan,473801,1923200,1523700,No,43356.76,1877.7,5849.52,2475.89,2088.51,1933.16,1580.94,2256.71,53559.86,7859.31,45700.55,85.33,Highly Profitable
C03113,48,Female,South,Professional,402000,Mass,Savings,3,Home Loan,2639169,392700,389200,Yes,120414.8,3963.02,22025.77,1977.94,2462.08,1076.41,1685.51,5975.16,148381.53,11199.15,137182.38,92.45,Highly Profitable
C03114,34,Female,West,Business Owner,619000,Mass,Savings,3,Home Loan,1447053,644500,611100,No,67994.63,6960.75,19498.65,1264.45,1868.35,2036.42,1685.6,3018.95,95718.48,8609.32,87109.16,91.01,Highly Profitable
C03115,30,Male,South,Salaried,1381000,Affluent,Salary,1,No Loan,0,1252400,1366000,No,6526.52,1749.79,0.0,996.64,1385.68,1202.33,768.2,1534.78,9272.95,4890.98,4381.97,47.26,Low Profitability
C03116,36,Female,West,Salaried,265000,Mass,Savings,4,Personal Loan,208387,119700,128200,Yes,23474.75,7023.46,2771.46,866.66,2910.78,1690.92,1190.09,1253.3,34136.33,7045.09,27091.24,79.36,Profitable
C03117,36,Male,South,Self-Employed,544000,Mass,Current,4,No Loan,0,126300,98500,No,623.85,5856.32,0.0,1759.99,2816.27,954.89,1194.61,754.63,8240.17,5720.4,2519.76,30.58,Low Profitability
C03118,51,Male,East,Retired,791000,Mass,Savings,2,No Loan,0,929700,630300,No,3494.58,4449.36,0.0,1100.03,1415.72,1300.97,657.66,1139.6,9043.98,4513.95,4530.03,50.09,Low Profitability
C03119,62,Male,West,Salaried,274000,Mass,Savings,4,No Loan,0,402200,360600,Yes,1753.53,8867.93,0.0,1659.68,3911.88,1611.79,932.3,1534.13,12281.14,7990.09,4291.04,34.94,Low Profitability
C03120,45,Male,North,Business Owner,886000,Mass,Savings,1,Home Loan,4709136,1228400,580000,No,215582.06,853.77,89494.14,1097.23,1241.93,661.61,867.17,4213.63,307027.19,6984.33,300042.87,97.73,Highly Profitable
C03121,33,Male,North,Salaried,1639000,Affluent,Savings,4,Personal Loan,693534,2680600,1473000,Yes,85544.77,10944.92,16260.81,991.54,3491.79,631.12,1292.46,1438.89,113742.03,6854.26,106887.77,93.97,Highly Profitable
C03122,26,Male,West,Professional,1373000,Affluent,Savings,3,No Loan,0,2049200,1848500,Yes,9275.34,6243.78,0.0,896.19,2871.1,465.23,1156.64,839.67,16415.31,5332.65,11082.66,67.51,Profitable
C03123,64,Female,North,Professional,635000,Mass,Savings,3,No Loan,0,396600,419400,No,858.26,3400.59,0.0,2305.45,2741.05,969.3,1652.89,1130.37,6564.3,6493.6,70.69,1.08,Low Profitability
C03124,29,Female,South,Salaried,1096000,Affluent,Salary,2,Home Loan,1348911,375600,379800,No,62321.53,4031.7,22793.35,1939.27,1779.25,1419.65,599.66,3430.55,91085.86,7229.1,83856.75,92.06,Highly Profitable
C03125,65,Female,East,Salaried,272000,Mass,Savings,2,Auto Loan,765393,234100,73000,No,58388.37,3415.23,7883.28,1672.28,1283.57,505.5,1160.51,2538.2,71359.16,5487.77,65871.39,92.31,Highly Profitable
C03126,56,Male,East,Salaried,816000,Mass,Savings,5,Personal Loan,292631,591400,264400,No,33813.86,5609.39,3594.34,1696.96,3606.9,584.48,1320.27,987.98,44714.55,6499.64,38214.91,85.46,Highly Profitable
C03127,63,Female,North,Business Owner,592000,Mass,Savings,3,No Loan,0,800500,386100,No,4590.0,5715.45,0.0,537.28,1881.39,1795.38,295.03,1322.09,10842.72,5293.9,5548.83,51.18,Low Profitability
C03128,40,Female,South,Salaried,645000,Mass,Savings,3,No Loan,0,169100,97400,No,394.81,5671.16,0.0,2345.38,1895.7,1130.2,1217.97,1117.66,8411.35,5361.53,3049.82,36.26,Low Profitability
C03129,38,Female,South,Salaried,741000,Mass,Savings,5,No Loan,0,1264100,392000,No,2788.72,12115.14,0.0,353.47,2458.08,469.38,1150.5,1540.47,15257.33,5618.43,9638.9,63.18,Low Profitability
C03130,63,Female,North,Retired,866000,Mass,Savings,3,Home Loan,3567528,1497600,668300,Yes,168693.06,5206.63,63909.8,637.72,3257.61,906.15,710.76,5034.91,238447.2,9909.43,228537.77,95.84,Highly Profitable
C03131,41,Female,West,Self-Employed,315000,Mass,Salary,2,Personal Loan,544702,93200,80000,No,60416.89,3464.45,6777.7,158.04,2060.23,1178.85,1775.83,2441.66,70817.08,7456.57,63360.5,89.47,Highly Profitable
C03132,24,Male,North,Professional,408000,Mass,Salary,4,Home Loan,3111041,353300,161700,Yes,141263.41,6892.91,50879.06,985.68,4236.96,749.37,851.92,6056.16,200021.07,11894.4,188126.67,94.05,Highly Profitable
C03133,70,Female,South,Salaried,608000,Mass,Salary,5,Personal Loan,310339,993200,1044000,Yes,39998.74,7119.63,5870.19,837.9,4821.01,1587.29,478.83,1523.26,53826.46,8410.39,45416.07,84.37,Highly Profitable
C03134,53,Male,North,Salaried,263000,Mass,Savings,2,Home Loan,1403680,120700,73600,Yes,63877.96,3900.09,29806.07,2121.11,2687.77,1833.26,1086.34,1797.91,99705.23,7405.27,92299.96,92.57,Highly Profitable
C03135,47,Female,South,Salaried,755000,Mass,Savings,3,Personal Loan,945561,975600,326600,No,106450.63,6045.78,21757.27,1700.48,1452.09,1772.08,774.92,3211.67,135954.16,7210.76,128743.4,94.7,Highly Profitable
C03136,27,Male,West,Business Owner,1107000,Affluent,Salary,5,No Loan,0,1465100,1415700,No,5740.1,9140.92,0.0,2003.17,3354.73,1378.68,571.52,806.24,16884.19,6111.18,10773.01,63.81,Profitable
C03137,26,Male,East,Self-Employed,1505000,Affluent,Current,1,No Loan,0,805800,828500,No,1783.61,999.47,0.0,456.9,1368.54,1166.4,737.47,1452.58,3239.98,4724.99,-1485.01,-45.83,Low Profitability
C03138,35,Male,North,Professional,738000,Mass,Savings,1,Auto Loan,311568,118200,122800,No,23773.15,2368.04,3091.27,1470.23,1198.13,2060.64,1374.66,1455.46,30702.69,6088.9,24613.79,80.17,Profitable
C03139,38,Female,South,Self-Employed,1976000,Premium,Savings,3,Home Loan,1532718,2462800,1649700,No,74603.93,6014.59,18375.38,1275.51,2368.25,517.56,679.09,3747.73,100269.43,7312.63,92956.8,92.71,Highly Profitable
C03140,52,Male,West,Salaried,687000,Mass,Savings,2,No Loan,0,802700,828700,Yes,2121.64,6023.68,0.0,1123.41,2494.08,1270.7,1121.91,749.79,9268.74,5636.47,3632.26,39.19,Low Profitability
C03141,31,Male,West,Retired,351000,Mass,Current,3,Home Loan,3063553,428900,365800,Yes,140249.16,5300.56,73845.76,2483.89,3523.24,910.07,200.69,6540.58,221879.38,11174.57,210704.81,94.96,Highly Profitable
C03142,40,Female,South,Salaried,679000,Mass,Salary,3,No Loan,0,277100,115300,Yes,1490.06,5048.26,0.0,1171.71,2444.51,1146.2,382.61,1199.89,7710.04,5173.21,2536.83,32.9,Low Profitability
C03143,44,Female,East,Salaried,625000,Mass,Savings,1,Home Loan,3699934,716400,503800,Yes,170388.32,2757.37,84692.31,356.53,1506.93,1515.81,1392.81,7143.33,258194.53,11558.88,246635.65,95.52,Highly Profitable
C03144,35,Male,West,Salaried,930000,Affluent,Savings,4,Education Loan,311126,970700,599800,No,22291.39,9477.05,6042.1,179.54,2370.73,1398.1,528.89,1065.56,37990.07,5363.29,32626.78,85.88,Highly Profitable
C03145,68,Male,West,Professional,812000,Mass,Savings,2,No Loan,0,728100,461200,No,3113.9,2099.71,0.0,2015.24,1271.0,1655.68,1469.46,1285.74,7228.85,5681.88,1546.97,21.4,Low Profitability
C03146,27,Female,North,Professional,781000,Mass,Savings,2,No Loan,0,1118300,672500,Yes,5699.21,5789.1,0.0,123.17,2460.75,334.81,640.83,812.89,11611.47,4249.28,7362.19,63.4,Low Profitability
C03147,41,Female,West,Salaried,1191000,Affluent,Savings,2,Personal Loan,843634,941700,375700,No,97288.47,3792.58,13721.93,2303.07,1341.74,1212.67,533.67,2168.67,117106.05,5256.75,111849.29,95.51,Highly Profitable
C03148,62,Male,West,Salaried,553000,Mass,Current,4,Home Loan,1065895,405300,235700,No,49587.45,3825.24,23103.18,600.46,1708.91,1614.06,1300.1,2513.23,77116.33,7136.31,69980.03,90.75,Highly Profitable
C03149,46,Female,South,Professional,941000,Affluent,Savings,1,No Loan,0,981100,672300,Yes,2439.96,3338.71,0.0,2215.68,1883.1,1809.48,357.63,591.57,7994.35,4641.78,3352.57,41.94,Low Profitability
C03150,64,Male,East,Retired,817000,Mass,Current,1,Personal Loan,803075,1395400,687700,No,95448.99,1609.57,6849.76,2006.09,1351.62,516.6,780.26,1669.94,105914.42,4318.42,101595.99,95.92,Highly Profitable
C03151,34,Female,West,Salaried,745000,Mass,Savings,5,No Loan,0,534900,214100,Yes,2973.81,10447.56,0.0,604.6,2497.08,902.34,320.64,810.08,14025.97,4530.13,9495.84,67.7,Low Profitability
C03152,57,Female,North,Professional,675000,Mass,Current,5,No Loan,0,597200,249900,No,1835.52,4046.67,0.0,2107.13,2474.32,1411.73,522.85,1055.2,7989.32,5464.1,2525.23,31.61,Low Profitability
C03153,41,Male,West,Salaried,348000,Mass,Current,2,Home Loan,3801728,205100,84900,No,171930.64,4649.11,90581.19,870.82,1506.98,1032.12,450.5,6572.11,268031.77,9561.71,258470.06,96.43,Highly Profitable
C03154,38,Male,West,Salaried,609000,Mass,Savings,1,Home Loan,4596299,774300,487600,Yes,209900.96,4297.05,109369.84,600.41,2193.22,1041.33,1493.01,4153.12,324168.27,8880.67,315287.59,97.26,Highly Profitable
C03155,25,Female,West,Salaried,631000,Mass,Current,3,Home Loan,3733282,473700,202600,No,170334.28,5483.09,83484.38,614.62,1764.9,607.28,1125.88,5324.95,259916.37,8823.01,251093.36,96.61,Highly Profitable
C03156,23,Female,North,Salaried,470000,Mass,Savings,3,No Loan,0,607700,522500,No,3466.43,4384.5,0.0,2196.9,1988.97,716.31,1512.74,1553.96,10047.83,5771.98,4275.85,42.56,Low Profitability
C03157,43,Male,West,Salaried,332000,Mass,Savings,5,Auto Loan,265328,129600,69400,No,20393.69,9965.0,2637.46,135.05,4140.96,833.74,1789.46,816.96,33131.2,7581.12,25550.08,77.12,Profitable
C03158,46,Female,North,Retired,515000,Mass,Savings,2,Personal Loan,670640,301400,316000,No,74930.78,4432.29,15521.26,1875.57,1944.97,1663.22,1087.78,2179.5,96759.9,6875.48,89884.43,92.89,Highly Profitable
C03159,57,Female,West,Salaried,540000,Mass,Savings,2,Personal Loan,997364,264800,80300,No,110479.11,3283.02,16161.91,2026.03,1289.7,1089.09,1736.34,2460.05,131950.07,6575.18,125374.9,95.02,Highly Profitable
C03160,44,Male,West,Salaried,335000,Mass,Salary,3,Personal Loan,890739,480000,246500,Yes,99285.44,7306.43,20409.53,989.33,2592.55,699.64,354.83,1903.31,127990.73,5550.33,122440.39,95.66,Highly Profitable
C03161,69,Female,West,Salaried,335000,Mass,Savings,3,Auto Loan,165461,99800,87600,No,12624.58,3462.61,3730.69,1794.32,2228.89,419.21,385.92,1826.22,21612.19,4860.24,16751.95,77.51,Profitable
C03162,39,Female,East,Professional,222000,Mass,Current,3,Home Loan,3838766,125600,104500,No,173406.42,4201.34,86795.44,2272.18,2371.9,1366.72,998.79,4327.81,266675.38,9065.21,257610.17,96.6,Highly Profitable
C03163,45,Female,South,Retired,823000,Mass,Salary,4,Personal Loan,421487,812500,493600,Yes,49296.31,8362.05,5029.56,1404.2,3604.5,690.46,402.28,1928.65,64092.12,6625.89,57466.24,89.66,Highly Profitable
C03164,41,Male,East,Salaried,1199000,Affluent,Savings,3,Auto Loan,172183,353600,349900,Yes,13724.5,6468.8,3306.04,1667.77,2752.89,1420.75,1663.2,1348.14,25167.12,7184.98,17982.13,71.45,Profitable
C03165,32,Male,North,Self-Employed,706000,Mass,Savings,1,Auto Loan,844469,118800,36900,No,63834.68,2383.96,20234.07,1780.82,1396.95,1335.95,1006.99,2255.12,88233.53,5995.01,82238.53,93.21,Highly Profitable
C03166,61,Male,West,Salaried,560000,Mass,Savings,3,No Loan,0,722600,493300,No,2414.5,3099.11,0.0,2407.94,1696.99,939.51,1604.38,628.11,7921.55,4868.99,3052.56,38.53,Low Profitability
C03167,53,Female,North,Self-Employed,326000,Mass,Savings,2,Personal Loan,613413,378900,159300,No,69705.59,3398.71,11783.12,1107.86,1358.2,745.24,551.0,1862.91,85995.28,4517.35,81477.93,94.75,Highly Profitable
C03168,70,Female,West,Salaried,208000,Mass,Savings,3,No Loan,0,34100,19400,No,129.28,5515.91,0.0,1442.11,1776.55,1129.7,1246.65,1341.58,7087.3,5494.49,1592.81,22.47,Low Profitability
C03169,24,Female,South,Self-Employed,687000,Mass,Current,5,No Loan,0,158100,133500,No,381.2,11016.73,0.0,1221.17,2874.11,937.78,632.28,1080.87,12619.1,5525.04,7094.07,56.22,Low Profitability
C03170,62,Female,West,Business Owner,982000,Affluent,Savings,3,Auto Loan,667593,502700,168000,No,52358.26,6702.24,14583.51,857.67,1883.16,933.96,1095.28,2118.26,74501.67,6030.66,68471.02,91.91,Highly Profitable
C03171,27,Male,West,Self-Employed,443000,Mass,Current,1,Education Loan,381193,728800,209300,Yes,28548.17,3168.61,4275.15,2363.43,1932.81,2089.95,1588.74,2119.29,38355.36,7730.8,30624.56,79.84,Highly Profitable
C03172,42,Female,North,Salaried,1251000,Affluent,Savings,2,No Loan,0,1535000,932800,No,6639.23,2261.73,0.0,1274.68,2019.66,1421.99,657.27,1332.02,10175.65,5430.94,4744.7,46.63,Low Profitability
C03173,53,Male,North,Salaried,479000,Mass,Savings,2,No Loan,0,708100,340400,No,3610.81,4251.36,0.0,2333.79,1236.43,1554.59,953.03,696.93,10195.96,4440.98,5754.97,56.44,Low Profitability
C03174,37,Female,East,Business Owner,1271000,Affluent,Savings,1,Personal Loan,908814,1783400,1538100,No,105674.36,1783.53,14179.49,2478.48,1124.12,667.96,1021.72,3086.82,124115.87,5900.62,118215.25,95.25,Highly Profitable
C03175,44,Male,North,Self-Employed,456000,Mass,Savings,3,No Loan,0,808000,247000,No,3333.07,7302.8,0.0,2157.33,2780.88,1060.5,1187.88,722.15,12793.2,5751.4,7041.79,55.04,Low Profitability
C03176,54,Female,South,Salaried,180000,Mass,Savings,3,Home Loan,4300559,309200,331300,Yes,195166.42,9447.8,51455.7,496.44,2535.84,791.02,1478.62,9078.82,256566.36,13884.3,242682.05,94.59,Highly Profitable
C03177,48,Female,West,Professional,988000,Affluent,Current,3,Personal Loan,504220,257900,200600,Yes,56057.55,7412.85,11809.82,192.19,3458.23,2059.41,394.58,1138.13,75472.41,7050.35,68422.06,90.66,Highly Profitable
C03178,63,Female,East,Self-Employed,421000,Mass,Current,2,No Loan,0,78900,53300,No,239.68,4807.43,0.0,1399.42,1552.79,1171.52,1057.09,1762.12,6446.52,5543.53,903.0,14.01,Low Profitability
C03179,61,Male,North,Salaried,300000,Mass,Savings,2,No Loan,0,291000,174800,No,1311.7,1687.5,0.0,1391.57,2019.23,2038.25,427.22,1151.05,4390.76,5635.75,-1244.98,-28.35,Low Profitability
C03180,59,Male,South,Salaried,912000,Affluent,Current,1,Auto Loan,589198,545700,483800,Yes,46385.84,4165.77,7229.12,1551.6,2239.76,1254.39,489.15,1634.65,59332.33,5617.95,53714.38,90.53,Highly Profitable
C03181,42,Male,West,Retired,429000,Mass,Savings,2,No Loan,0,421500,233000,No,2140.59,4879.5,0.0,236.81,2003.95,2152.47,986.47,640.68,7256.9,5783.56,1473.34,20.3,Low Profitability
C03182,69,Female,South,Salaried,322000,Mass,Savings,4,No Loan,0,96500,87900,Yes,261.77,10545.08,0.0,794.92,3911.2,1610.56,333.03,1043.29,11601.76,6898.08,4703.68,40.54,Low Profitability
C03183,37,Male,West,Retired,1440000,Affluent,Salary,4,Personal Loan,988570,2375500,2028900,No,121545.05,8490.38,11459.28,1293.07,3302.5,1404.67,339.76,2281.3,142787.79,7328.24,135459.54,94.87,Highly Profitable
C03184,54,Female,North,Salaried,625000,Mass,Salary,5,No Loan,0,892000,641000,Yes,3990.99,6455.36,0.0,1334.44,4754.79,1535.16,486.74,1255.24,11780.8,8031.92,3748.88,31.82,Low Profitability
C03185,26,Male,East,Salaried,318000,Mass,Salary,3,Home Loan,1167921,337400,339200,No,53505.64,7370.75,10631.1,2371.79,1854.44,490.55,955.7,3063.98,73879.28,6364.67,67514.61,91.39,Highly Profitable
C03186,66,Male,East,Business Owner,543000,Mass,Savings,3,No Loan,0,498100,271000,Yes,1108.77,6940.96,0.0,2417.22,3315.57,1488.7,493.13,1161.97,10466.95,6459.37,4007.59,38.29,Low Profitability
C03187,26,Female,North,Salaried,2262000,Premium,Salary,2,Education Loan,213947,2087900,624600,Yes,26283.31,4161.45,4341.18,2235.01,3121.08,874.92,805.8,1444.37,37020.95,6246.16,30774.79,83.13,Highly Profitable
C03188,54,Female,South,Salaried,745000,Mass,Current,1,No Loan,0,869500,495400,No,3283.11,825.71,0.0,700.79,1267.28,1772.4,1589.74,1620.63,4809.62,6250.06,-1440.44,-29.95,Low Profitability
C03189,21,Female,West,Salaried,492000,Mass,Savings,3,No Loan,0,516500,513400,No,1585.83,4150.97,0.0,1638.23,1775.55,1063.82,1683.98,1746.54,7375.03,6269.89,1105.14,14.98,Low Profitability
C03190,30,Female,South,Professional,922000,Affluent,Salary,3,Personal Loan,739700,871900,275300,Yes,83739.58,4970.53,13442.33,757.85,2013.59,1957.0,1085.05,2443.52,102910.29,7499.17,95411.12,92.71,Highly Profitable
C03191,41,Male,South,Self-Employed,545000,Mass,Salary,4,Auto Loan,777535,692600,622400,No,60376.87,6258.74,14300.28,2381.55,2812.45,991.7,1780.32,1013.48,83317.43,6597.94,76719.49,92.08,Highly Profitable
C03192,25,Male,North,Salaried,529000,Mass,Current,2,Home Loan,4287740,747100,710800,No,195906.03,2515.23,69669.35,1314.65,1788.53,839.26,1328.77,4691.85,269405.26,8648.4,260756.86,96.79,Highly Profitable
C03193,22,Male,East,Salaried,488000,Mass,Salary,5,No Loan,0,590900,362700,Yes,3197.73,8970.58,0.0,2088.07,5251.17,1259.64,416.3,668.68,14256.38,7595.79,6660.58,46.72,Low Profitability
C03194,42,Male,South,Self-Employed,1120000,Affluent,Savings,2,Personal Loan,967326,891300,370200,No,108931.75,2101.72,11743.87,1043.21,1558.34,1170.86,1383.08,2165.7,123820.56,6277.98,117542.59,94.93,Highly Profitable
C03195,68,Female,West,Salaried,779000,Mass,Current,2,Personal Loan,537718,649400,358600,Yes,61404.2,6696.35,5003.17,1015.53,3015.62,407.48,1263.64,2319.2,74119.24,7005.94,67113.3,90.55,Highly Profitable
C03196,22,Male,South,Salaried,1530000,Affluent,Savings,4,Home Loan,4117638,478200,281500,No,187775.15,7716.08,35405.99,180.89,3282.48,1759.95,1584.58,5627.95,231078.1,12254.96,218823.14,94.7,Highly Profitable
C03197,30,Male,West,Salaried,829000,Mass,Salary,2,Personal Loan,297033,691400,720700,No,35893.88,4960.74,6372.88,1202.76,1918.94,1042.73,1001.79,1638.05,48430.27,5601.51,42828.76,88.43,Highly Profitable
C03198,54,Male,South,Business Owner,1622000,Affluent,Savings,4,Personal Loan,522286,2346300,1154200,Yes,62413.46,4450.96,8844.35,1644.7,2944.74,1171.95,1141.25,1768.16,77353.46,7026.11,70327.36,90.92,Highly Profitable
C03199,36,Male,South,Salaried,1001000,Affluent,Salary,1,Home Loan,973292,259900,279800,Yes,44578.16,4172.7,10230.47,411.68,2064.64,1650.43,831.68,1538.14,59393.0,6084.88,53308.12,89.75,Highly Profitable
C03200,68,Male,West,Self-Employed,607000,Mass,Savings,3,No Loan,0,266800,91400,No,669.56,2829.78,0.0,543.63,1493.18,391.77,227.62,1375.64,4042.97,3488.22,554.75,13.72,Low Profitability
C03201,59,Female,South,Business Owner,650000,Mass,Salary,1,Education Loan,645022,1001200,1079200,Yes,44094.21,3656.73,6158.71,2431.93,1955.13,778.1,1163.63,1983.77,56341.58,5880.62,50460.96,89.56,Highly Profitable
C03202,42,Female,North,Retired,1913000,Premium,Savings,1,Education Loan,276504,2079600,914700,Yes,30011.04,3164.92,2890.18,1855.84,1603.28,718.58,1719.14,810.58,37921.99,4851.57,33070.41,87.21,Highly Profitable
C03203,32,Female,North,Professional,1434000,Affluent,Savings,3,Home Loan,1078977,1803200,707900,Yes,56639.47,5124.7,9155.01,2280.5,3308.48,1301.25,465.21,2110.11,73199.67,7185.05,66014.63,90.18,Highly Profitable
C03204,44,Female,West,Salaried,1639000,Affluent,Salary,2,Auto Loan,177921,1115500,392800,No,17992.49,4850.9,3737.36,1242.76,2084.06,1925.09,475.3,1833.5,27823.5,6317.96,21505.54,77.29,Profitable
C03205,67,Male,West,Professional,402000,Mass,Savings,2,No Loan,0,384500,199500,Yes,2091.8,3841.84,0.0,530.02,1840.54,1206.9,857.52,841.78,6463.66,4746.74,1716.92,26.56,Low Profitability
C03206,60,Female,South,Retired,250000,Mass,Savings,4,Personal Loan,304141,351700,272200,Yes,34991.0,6063.44,3920.67,499.29,2647.17,883.54,1549.72,939.96,45474.39,6020.38,39454.01,86.76,Highly Profitable
C03207,58,Male,West,Self-Employed,440000,Mass,Savings,5,No Loan,0,702000,573100,No,3026.15,10764.01,0.0,1399.96,4157.47,494.17,1139.32,1677.39,15190.11,7468.36,7721.75,50.83,Low Profitability
C03208,30,Male,North,Salaried,767000,Mass,Savings,2,Auto Loan,306250,1348000,760900,Yes,26753.38,6381.25,4067.9,1816.93,2179.28,305.12,1016.33,1409.1,39019.46,4909.83,34109.63,87.42,Highly Profitable
C03209,55,Female,South,Salaried,491000,Mass,Savings,2,Personal Loan,973014,763100,340500,Yes,110451.41,6441.68,19317.37,2298.13,2838.09,837.26,1583.79,2290.83,138508.6,7549.97,130958.63,94.55,Highly Profitable
C03210,69,Male,West,Professional,711000,Mass,Savings,3,Personal Loan,217535,185800,203600,No,24796.91,5582.51,2840.62,1077.19,2599.39,1182.27,520.91,1047.69,34297.23,5350.25,28946.98,84.4,Profitable
C03211,52,Female,North,Salaried,546000,Mass,Savings,4,Auto Loan,219197,391200,187800,No,18601.34,5214.16,4066.73,881.16,2980.97,977.82,1726.44,838.99,28763.4,6524.24,22239.16,77.32,Profitable
C03212,27,Male,North,Salaried,265000,Mass,Salary,5,Auto Loan,803702,367200,209900,No,61636.79,6350.64,11543.55,2343.91,3555.93,1172.42,1740.4,1655.12,81874.88,8123.87,73751.01,90.08,Highly Profitable
C03213,41,Female,South,Self-Employed,886000,Mass,Salary,2,No Loan,0,743900,490100,Yes,2094.6,3705.15,0.0,1188.67,2043.52,1135.52,1502.38,1543.64,6988.42,6225.06,763.37,10.92,Low Profitability
C03214,40,Male,North,Professional,712000,Mass,Current,3,No Loan,0,619400,544200,Yes,2649.23,5437.03,0.0,1349.21,2572.67,1155.32,671.53,1543.97,9435.47,5943.49,3491.97,37.01,Low Profitability
C03215,46,Male,North,Salaried,1454000,Affluent,Savings,1,No Loan,0,2123700,805500,Yes,12509.08,2780.99,0.0,1178.16,2322.81,1574.65,800.73,1739.71,16468.23,6437.9,10030.33,60.91,Profitable
C03216,24,Female,West,Professional,764000,Mass,Salary,2,No Loan,0,1165200,554900,Yes,2681.39,6068.65,0.0,1943.77,2340.74,1006.62,845.48,886.64,10693.81,5079.49,5614.32,52.5,Low Profitability
C03217,66,Male,South,Professional,1077000,Affluent,Savings,1,No Loan,0,1567900,1720600,No,3157.58,2493.49,0.0,270.81,1149.73,1857.91,473.07,1245.25,5921.88,4725.96,1195.92,20.19,Low Profitability
C03218,42,Male,West,Self-Employed,446000,Mass,Salary,2,No Loan,0,327900,312000,No,702.9,3958.22,0.0,2107.36,1592.84,1821.87,273.12,1198.29,6768.48,4886.11,1882.37,27.81,Low Profitability
C03219,35,Male,East,Self-Employed,847000,Mass,Savings,3,Personal Loan,903530,445700,279600,No,101761.83,3196.37,16854.27,1040.64,2614.53,739.82,304.12,1149.61,122853.11,4808.08,118045.03,96.09,Highly Profitable
C03220,60,Female,South,Self-Employed,1092000,Affluent,Savings,1,No Loan,0,810200,277400,Yes,1624.04,3709.51,0.0,2418.19,2174.78,514.36,1184.98,1181.64,7751.74,5055.77,2695.97,34.78,Low Profitability
C03221,41,Female,East,Retired,951000,Affluent,Current,4,No Loan,0,1243200,1226700,Yes,3588.13,6509.36,0.0,821.14,3690.25,2019.24,1749.42,775.52,10918.64,8234.44,2684.2,24.58,Low Profitability
C03222,35,Male,North,Business Owner,618000,Mass,Savings,3,Auto Loan,644898,464600,425400,No,51120.63,6059.94,10115.73,1228.7,2383.06,625.54,335.02,1343.08,68525.0,4686.7,63838.3,93.16,Highly Profitable
C03223,42,Female,West,Retired,849000,Mass,Salary,1,Personal Loan,904018,204900,152400,Yes,100463.06,2105.13,22200.5,1113.75,2135.82,1532.1,1223.15,3174.45,125882.43,8065.51,117816.91,93.59,Highly Profitable
C03224,48,Female,East,Salaried,986000,Affluent,Current,4,No Loan,0,1450700,861400,Yes,4171.07,6604.35,0.0,2023.42,3522.25,1945.08,392.45,887.94,12798.84,6747.73,6051.11,47.28,Low Profitability
C03225,34,Female,West,Salaried,1355000,Affluent,Savings,5,No Loan,0,345100,360700,Yes,996.51,10466.61,0.0,1711.76,4306.25,309.78,1122.99,1513.26,13174.88,7252.27,5922.61,44.95,Low Profitability
C03226,47,Female,West,Salaried,514000,Mass,Current,3,Auto Loan,736624,921900,462200,No,58780.79,5894.27,15959.83,1652.46,1525.49,806.05,908.83,1382.14,82287.36,4622.49,77664.86,94.38,Highly Profitable
C03227,61,Male,West,Self-Employed,379000,Mass,Savings,2,Auto Loan,320063,595600,311400,Yes,25376.95,4145.93,7826.15,1814.38,1844.8,847.83,255.73,1834.31,39163.42,4782.67,34380.75,87.79,Highly Profitable
C03228,60,Female,East,Professional,443000,Mass,Savings,2,Personal Loan,775723,765500,761100,No,88860.2,3340.83,8921.04,2401.78,1287.64,1611.08,771.27,2839.33,103523.85,6509.32,97014.53,93.71,Highly Profitable
C03229,48,Male,South,Salaried,758000,Mass,Savings,1,Education Loan,336042,1155900,904400,Yes,26450.62,3277.86,4586.78,1247.09,2057.77,1526.33,1457.19,1979.33,35562.35,7020.62,28541.73,80.26,Profitable
C03230,46,Male,North,Salaried,702000,Mass,Savings,3,Personal Loan,361440,222400,235400,No,40576.18,5892.57,6506.66,1664.04,2289.42,1350.84,513.56,2069.05,54639.44,6222.88,48416.56,88.61,Highly Profitable
C03231,69,Female,South,Salaried,988000,Affluent,Savings,1,No Loan,0,830900,663300,Yes,3291.29,2578.54,0.0,1741.35,1891.11,2034.42,1028.82,837.93,7611.18,5792.27,1818.91,23.9,Low Profitability
C03232,22,Female,North,Self-Employed,1105000,Affluent,Savings,3,No Loan,0,1821100,506300,No,5622.54,6090.12,0.0,2156.99,2489.82,2175.33,609.13,1339.16,13869.66,6613.43,7256.23,52.32,Low Profitability
C03233,45,Male,South,Salaried,248000,Mass,Savings,2,No Loan,0,74400,29800,No,212.35,2790.07,0.0,791.71,1398.1,429.05,1680.63,734.7,3794.14,4242.48,-448.34,-11.82,Low Profitability
C03234,23,Male,North,Salaried,537000,Mass,Savings,3,Home Loan,4060885,351000,171800,No,183538.06,3450.32,42803.95,2035.2,2536.77,1956.02,1683.59,4304.46,231827.54,10480.84,221346.7,95.48,Highly Profitable
C03235,28,Female,South,Professional,787000,Mass,Salary,2,No Loan,0,724600,715300,No,3262.1,4093.91,0.0,1298.22,1511.27,705.31,1362.5,753.13,8654.23,4332.21,4322.02,49.94,Low Profitability
C03236,64,Male,West,Salaried,1293000,Affluent,Savings,2,Home Loan,4295750,1153800,1103300,No,197896.59,4360.6,64675.0,138.78,1771.03,592.88,1304.92,6044.45,267070.98,9713.28,257357.69,96.36,Highly Profitable
C03237,53,Male,West,Business Owner,680000,Mass,Savings,2,Personal Loan,913774,1161100,1070300,Yes,106139.78,6715.39,9287.53,467.38,2652.16,1783.94,1083.1,2436.44,122610.08,7955.64,114654.44,93.51,Highly Profitable
C03238,62,Male,North,Self-Employed,1483000,Affluent,Savings,3,No Loan,0,1189300,856900,No,6633.36,6455.72,0.0,2114.47,1547.04,1502.78,1455.85,930.92,15203.54,5436.58,9766.96,64.24,Low Profitability
C03239,55,Male,North,Business Owner,948000,Affluent,Savings,4,No Loan,0,516000,189900,No,3081.63,5553.41,0.0,743.88,3423.48,413.63,1773.54,1426.14,9378.92,7036.8,2342.12,24.97,Low Profitability
C03240,26,Female,South,Salaried,863000,Mass,Salary,3,No Loan,0,763000,275800,Yes,2220.17,5356.24,0.0,812.79,3477.69,709.06,1738.72,1520.74,8389.2,7446.22,942.98,11.24,Low Profitability
C03241,59,Male,North,Retired,659000,Mass,Current,2,Auto Loan,214271,529400,189100,No,17484.77,4251.69,1979.85,1864.37,1600.89,1652.79,1493.97,1349.87,25580.69,6097.52,19483.17,76.16,Profitable
C03242,43,Female,West,Business Owner,691000,Mass,Salary,4,Auto Loan,258790,814300,795100,Yes,24008.76,7710.97,5852.64,1746.18,2764.09,320.33,417.86,1611.24,39318.56,5113.52,34205.04,86.99,Highly Profitable
C03243,45,Male,North,Salaried,840000,Mass,Savings,4,Personal Loan,915146,1503900,556900,No,106089.66,6988.66,18444.6,1180.79,1901.06,841.48,1578.26,2292.59,132703.71,6613.38,126090.32,95.02,Highly Profitable
C03244,70,Female,North,Salaried,629000,Mass,Current,1,No Loan,0,666600,624800,Yes,3475.49,3778.09,0.0,1852.15,2029.31,1157.41,1147.31,1003.23,9105.73,5337.27,3768.46,41.39,Low Profitability
C03245,63,Female,West,Salaried,1291000,Affluent,Salary,1,No Loan,0,1178300,1140600,Yes,2994.44,3753.03,0.0,1564.98,1650.46,2033.94,1053.36,1793.28,8312.44,6531.04,1781.4,21.43,Low Profitability
C03246,39,Female,North,Professional,1136000,Affluent,Savings,1,Education Loan,569793,1283500,435500,No,41117.24,2094.07,5034.86,539.25,1190.93,1915.71,1071.93,1623.76,48785.42,5802.34,42983.08,88.11,Highly Profitable
C03247,25,Female,West,Self-Employed,1353000,Affluent,Savings,2,No Loan,0,2390300,2430200,No,4886.44,4352.53,0.0,764.32,1450.15,712.13,606.81,1411.41,10003.29,4180.5,5822.79,58.21,Low Profitability
C03248,31,Female,North,Salaried,395000,Mass,Savings,2,No Loan,0,466500,472500,Yes,2780.12,4073.49,0.0,254.09,2138.25,881.56,530.82,630.73,7107.71,4181.36,2926.35,41.17,Low Profitability
C03249,32,Male,West,Salaried,388000,Mass,Salary,3,Personal Loan,945355,136900,108500,Yes,104265.94,7538.08,16151.67,1687.66,3506.55,1284.93,917.55,2789.85,129643.36,8498.88,121144.48,93.44,Highly Profitable
C03250,30,Female,East,Professional,915000,Affluent,Savings,4,No Loan,0,1515200,1039500,Yes,4070.73,8900.13,0.0,233.04,2712.94,1128.82,1212.89,1452.63,13203.9,6507.27,6696.63,50.72,Low Profitability
C03251,28,Female,South,Professional,670000,Mass,Current,1,Education Loan,287257,753700,603100,Yes,21859.89,3003.49,2426.02,1882.53,2198.47,1761.65,1241.77,1496.25,29171.93,6698.14,22473.79,77.04,Profitable
C03252,44,Male,West,Self-Employed,807000,Mass,Savings,2,Personal Loan,454040,331600,197000,No,51735.54,4604.02,8665.64,1378.73,1528.36,2107.37,1037.03,2260.55,66383.93,6933.31,59450.62,89.56,Highly Profitable
C03253,48,Male,South,Self-Employed,379000,Mass,Salary,2,Education Loan,303519,201000,150800,Yes,20769.16,4856.49,6894.1,1153.05,2741.03,1480.95,1513.73,964.45,33672.8,6700.17,26972.63,80.1,Profitable
C03254,61,Female,South,Professional,314000,Mass,Savings,5,Auto Loan,226630,109500,117600,No,17327.13,11920.03,4580.59,1532.38,3681.18,513.07,1675.96,2003.79,35360.13,7873.99,27486.14,77.73,Profitable
C03255,56,Female,North,Professional,796000,Mass,Salary,2,Home Loan,3335911,1381300,478300,No,157742.09,3764.1,29584.22,1586.93,1374.58,1139.1,544.08,6832.31,192677.34,9890.07,182787.27,94.87,Highly Profitable
C03256,57,Male,South,Salaried,461000,Mass,Salary,1,Auto Loan,370509,123000,55200,No,28068.43,2182.18,7379.44,1502.65,956.18,1339.61,1379.95,699.89,39132.71,4375.63,34757.09,88.82,Highly Profitable
C03257,41,Male,West,Salaried,1037000,Affluent,Savings,1,Personal Loan,363384,1463500,1017800,Yes,44841.82,2786.89,7463.09,1811.77,1705.74,2114.83,572.04,1166.21,56903.58,5558.82,51344.77,90.23,Highly Profitable
C03258,28,Female,South,Professional,499000,Mass,Current,3,No Loan,0,352900,165800,No,1077.09,3355.82,0.0,1626.56,2747.73,955.72,1552.22,637.26,6059.47,5892.94,166.53,2.75,Low Profitability
C03259,29,Male,North,Salaried,430000,Mass,Current,2,No Loan,0,122000,133500,No,564.06,4574.05,0.0,1259.4,1364.8,1572.13,1011.87,1032.94,6397.5,4981.74,1415.77,22.13,Low Profitability
C03260,67,Female,West,Salaried,201000,Mass,Savings,4,No Loan,0,174000,150000,Yes,374.63,9583.07,0.0,2090.89,3274.11,321.42,795.36,678.01,12048.59,5068.9,6979.69,57.93,Low Profitability
C03261,35,Female,North,Professional,1390000,Affluent,Savings,2,Personal Loan,365466,209100,129400,No,41334.04,4165.45,6503.3,2436.81,1536.05,1129.73,1423.69,1066.27,54439.6,5155.75,49283.85,90.53,Highly Profitable
C03262,68,Female,East,Self-Employed,1027000,Affluent,Savings,1,Personal Loan,471926,1539000,1565700,Yes,60907.99,3551.58,7619.16,1570.22,1903.56,376.92,317.46,1995.05,73648.95,4592.99,69055.96,93.76,Highly Profitable
C03263,66,Male,South,Professional,307000,Mass,Savings,2,No Loan,0,320600,119500,Yes,944.18,5263.74,0.0,1809.04,2804.29,750.34,1110.76,779.36,8016.96,5444.76,2572.2,32.08,Low Profitability
C03264,60,Female,North,Self-Employed,233000,Mass,Salary,4,No Loan,0,208600,103200,No,1169.8,5393.87,0.0,1320.28,2999.02,1191.65,1073.38,1284.71,7883.96,6548.77,1335.19,16.94,Low Profitability
C03265,38,Female,West,Retired,504000,Mass,Savings,2,No Loan,0,765200,813100,No,4304.23,3683.44,0.0,1062.12,1902.12,1404.56,1588.36,1265.71,9049.79,6160.75,2889.04,31.92,Low Profitability
C03266,62,Female,North,Salaried,1179000,Affluent,Salary,4,Auto Loan,210705,1187100,858800,No,21151.34,6820.51,4205.96,2165.94,2310.51,1965.67,709.05,1853.9,34343.74,6839.13,27504.61,80.09,Profitable
C03267,40,Male,West,Business Owner,524000,Mass,Savings,2,Home Loan,1741216,593300,612600,Yes,80744.5,3701.9,28544.12,567.21,2716.64,651.13,686.54,3941.27,113557.72,7995.58,105562.14,92.96,Highly Profitable
C03268,26,Male,West,Salaried,625000,Mass,Savings,2,Auto Loan,496469,934000,1014900,No,41997.42,3720.68,8672.63,1756.72,1692.52,886.39,350.6,2269.62,56147.45,5199.13,50948.32,90.74,Highly Profitable
C03269,32,Female,North,Salaried,1207000,Affluent,Savings,4,No Loan,0,1616100,898900,Yes,6581.0,4311.12,0.0,429.34,2820.06,1358.71,1069.21,1189.83,11321.47,6437.81,4883.65,43.14,Low Profitability
C03270,22,Male,East,Salaried,406000,Mass,Savings,2,No Loan,0,502400,371800,No,2500.48,1840.51,0.0,1939.88,2058.45,704.06,238.43,1375.7,6280.87,4376.64,1904.23,30.32,Low Profitability
C03271,27,Male,South,Business Owner,481000,Mass,Savings,2,No Loan,0,631000,611900,No,1496.21,2221.45,0.0,663.15,1411.0,2024.29,1699.35,1678.25,4380.82,6812.9,-2432.08,-55.52,Low Profitability
C03272,36,Male,West,Salaried,790000,Mass,Current,1,Personal Loan,766048,461300,222300,Yes,85714.12,3382.09,10993.32,1556.84,2209.95,1960.48,579.18,1907.15,101646.37,6656.75,94989.62,93.45,Highly Profitable
C03273,23,Female,North,Self-Employed,600000,Mass,Savings,2,No Loan,0,206100,129800,No,737.29,4182.26,0.0,434.37,1773.64,1985.05,911.47,1448.16,5353.92,6118.32,-764.4,-14.28,Low Profitability
C03274,65,Male,East,Salaried,432000,Mass,Salary,2,Auto Loan,773733,508600,193400,Yes,59464.33,6343.34,9079.32,101.44,2422.15,1668.54,447.78,1815.67,74988.43,6354.14,68634.29,91.53,Highly Profitable
C03275,23,Male,South,Salaried,1033000,Affluent,Savings,2,Home Loan,2943425,536800,431900,Yes,134022.4,4923.43,63283.35,1879.45,2484.57,2192.87,737.53,5165.88,204108.63,10580.85,193527.78,94.82,Highly Profitable
C03276,47,Male,South,Business Owner,931000,Affluent,Salary,2,No Loan,0,212800,54000,Yes,1073.94,3902.86,0.0,2200.52,2857.09,1869.78,1660.28,857.03,7177.32,7244.18,-66.86,-0.93,Low Profitability
C03277,70,Female,East,Retired,1106000,Affluent,Salary,3,Education Loan,256003,630000,398100,Yes,18337.59,5996.33,3446.19,2018.87,2914.64,1242.38,1768.04,1543.7,29798.98,7468.75,22330.23,74.94,Profitable
C03278,63,Male,South,Salaried,643000,Mass,Savings,3,Home Loan,1117302,860600,894800,No,52385.82,2585.24,24058.2,418.86,2652.43,1703.64,656.08,3590.13,79448.12,8602.27,70845.85,89.17,Highly Profitable
C03279,60,Male,West,Self-Employed,266000,Mass,Savings,2,Home Loan,942632,350800,355300,No,43513.46,3283.19,9526.39,663.23,2070.5,482.13,1506.97,2479.23,56986.28,6538.83,50447.45,88.53,Highly Profitable
C03280,58,Male,West,Retired,704000,Mass,Savings,3,No Loan,0,1154800,1077700,Yes,3048.9,6267.78,0.0,2078.62,3301.37,2044.3,459.62,684.68,11395.3,6489.96,4905.34,43.05,Low Profitability
C03281,53,Female,East,Business Owner,367000,Mass,Savings,2,Auto Loan,585091,463900,171600,No,45186.49,4779.28,6137.58,140.34,1270.99,2169.92,420.3,1495.74,56243.7,5356.96,50886.74,90.48,Highly Profitable
C03282,48,Male,North,Business Owner,230000,Mass,Savings,4,Personal Loan,426239,201400,139400,Yes,47919.85,9416.3,10551.44,1368.22,2355.77,1928.32,419.46,962.29,69255.81,5665.84,63589.97,91.82,Highly Profitable
C03283,21,Male,West,Salaried,602000,Mass,Salary,3,No Loan,0,349100,300700,No,1314.1,7164.95,0.0,2105.87,2015.96,367.63,1707.91,1109.42,10584.92,5200.92,5384.0,50.86,Low Profitability
C03284,28,Male,North,Self-Employed,740000,Mass,Savings,3,Home Loan,2407733,1037000,348400,No,112222.6,3825.47,51257.78,568.53,2114.51,613.89,1320.13,5168.86,167874.37,9217.4,158656.98,94.51,Highly Profitable
C03285,57,Female,South,Salaried,1686000,Affluent,Salary,3,No Loan,0,1399000,524600,No,5735.1,6095.51,0.0,445.85,2314.77,500.46,1125.8,1470.88,12276.46,5411.91,6864.55,55.92,Low Profitability
C03286,52,Female,East,Self-Employed,361000,Mass,Savings,2,Auto Loan,252160,539900,153400,No,20184.25,3634.19,4498.46,536.11,2094.02,1108.74,504.14,1924.23,28853.0,5631.14,23221.87,80.48,Profitable
C03287,68,Female,West,Professional,1016000,Affluent,Savings,2,Auto Loan,513352,1580100,828900,Yes,47900.96,3525.22,8320.75,1913.48,2421.55,372.43,1047.81,1711.67,61660.41,5553.46,56106.94,90.99,Highly Profitable
C03288,63,Female,North,Self-Employed,291000,Mass,Salary,3,Personal Loan,840575,212500,211600,No,93608.3,3476.86,8700.46,2416.5,2628.99,2092.36,1790.57,2108.3,108202.13,8620.22,99581.91,92.03,Highly Profitable
C03289,57,Male,East,Salaried,1408000,Affluent,Savings,2,No Loan,0,1010000,688200,Yes,3202.76,3274.59,0.0,606.64,3040.28,1411.59,1521.35,1457.91,7083.98,7431.13,-347.14,-4.9,Low Profitability
C03290,24,Female,North,Retired,476000,Mass,Salary,2,Personal Loan,797699,789000,769500,No,89503.99,4930.93,19072.51,360.72,1376.1,1378.3,1778.61,1517.63,113868.15,6050.65,107817.5,94.69,Highly Profitable
C03291,50,Male,West,Self-Employed,582000,Mass,Savings,2,No Loan,0,468800,150500,No,2095.21,1678.92,0.0,749.99,1500.29,1147.42,219.45,1558.67,4524.12,4425.82,98.29,2.17,Low Profitability
C03292,26,Male,East,Retired,586000,Mass,Salary,2,No Loan,0,771300,229600,No,3369.38,4676.43,0.0,366.06,1819.18,941.93,1089.3,1659.57,8411.87,5509.99,2901.89,34.5,Low Profitability
C03293,66,Male,North,Self-Employed,1063000,Affluent,Salary,3,Personal Loan,107270,822100,767300,Yes,14463.11,8020.75,2312.23,112.22,3153.53,1220.15,666.2,725.35,24908.31,5765.23,19143.08,76.85,Profitable
C03294,39,Male,North,Salaried,315000,Mass,Current,1,No Loan,0,427300,287600,Yes,1436.74,2277.2,0.0,1179.53,2207.64,1283.31,730.07,1593.2,4893.47,5814.22,-920.75,-18.82,Low Profitability
C03295,52,Female,South,Self-Employed,635000,Mass,Salary,1,Home Loan,4728057,277100,180200,Yes,213899.53,4586.38,62540.43,1903.32,2014.27,1621.98,291.18,8281.61,282929.65,12209.04,270720.6,95.68,Highly Profitable
C03296,29,Male,West,Self-Employed,492000,Mass,Savings,5,No Loan,0,752400,492300,No,4150.78,4441.72,0.0,846.74,4157.12,613.98,1276.96,913.45,9439.23,6961.51,2477.72,26.25,Low Profitability
C03297,32,Female,East,Salaried,2345000,Premium,Savings,2,Auto Loan,518300,4155800,2385100,No,48999.59,3450.37,8474.82,894.44,1558.56,1392.93,1566.32,2011.06,61819.21,6528.88,55290.33,89.44,Highly Profitable
C03298,31,Male,North,Self-Employed,385000,Mass,Savings,2,No Loan,0,544200,546100,No,2198.18,2570.44,0.0,646.84,1512.67,1400.35,591.92,1555.84,5415.46,5060.78,354.68,6.55,Low Profitability
C03299,66,Male,North,Self-Employed,180000,Mass,Savings,4,Personal Loan,812345,133700,92600,No,89859.06,3266.67,20202.08,415.96,2218.73,997.28,1036.26,1740.15,113743.77,5992.42,107751.35,94.73,Highly Profitable
C03300,36,Female,West,Business Owner,1778000,Affluent,Savings,1,Home Loan,2389329,1895500,2043000,Yes,114846.99,4301.03,34467.92,260.26,2025.4,2132.15,283.39,4177.19,153876.2,8618.13,145258.06,94.4,Highly Profitable
C03301,21,Female,North,Salaried,917000,Affluent,Salary,5,No Loan,0,1150700,1115700,No,6488.82,9590.97,0.0,1468.54,3327.52,1715.7,648.98,1577.28,17548.32,7269.48,10278.84,58.57,Profitable
C03302,65,Female,South,Self-Employed,454000,Mass,Savings,1,Home Loan,4547734,212600,186400,No,205536.14,1804.32,100423.88,1933.78,1031.92,1650.46,555.85,4431.0,309698.13,7669.23,302028.9,97.52,Highly Profitable
C03303,41,Male,South,Salaried,688000,Mass,Salary,1,Home Loan,1344217,424400,335600,Yes,62518.27,3326.96,16812.89,1308.81,1548.87,1958.94,1761.18,3407.17,83966.93,8676.17,75290.76,89.67,Highly Profitable
C03304,50,Male,East,Self-Employed,451000,Mass,Salary,1,Home Loan,4062938,664300,637700,No,186585.95,2167.26,37974.95,2126.18,1004.32,943.93,1001.31,7657.27,228854.35,10606.82,218247.52,95.37,Highly Profitable
C03305,33,Female,North,Salaried,239000,Mass,Current,3,No Loan,0,408600,408400,No,1311.45,4150.11,0.0,1208.21,2670.94,704.07,546.25,1328.83,6669.77,5250.09,1419.68,21.29,Low Profitability
C03306,54,Female,South,Salaried,640000,Mass,Salary,5,Auto Loan,640847,383500,139300,No,49380.77,9133.65,7511.02,270.94,3409.05,1132.74,411.6,1839.19,66296.37,6792.59,59503.78,89.75,Highly Profitable
C03307,24,Male,North,Salaried,637000,Mass,Salary,4,Home Loan,1983318,250700,139300,No,89977.92,9973.19,28653.07,1549.69,2700.84,1435.34,1441.88,3416.32,130153.88,8994.37,121159.5,93.09,Highly Profitable
C03308,48,Female,South,Salaried,844000,Mass,Savings,3,Personal Loan,862311,1493600,1396000,No,101735.85,6713.83,20366.96,1816.24,2697.12,1359.44,272.43,2036.31,130632.87,6365.31,124267.57,95.13,Highly Profitable
C03309,58,Female,South,Salaried,410000,Mass,Current,2,Auto Loan,832079,278000,121800,Yes,63244.14,5593.68,14931.92,396.2,2987.84,718.77,419.98,2251.78,84165.93,6378.37,77787.56,92.42,Highly Profitable
C03310,51,Female,North,Retired,457000,Mass,Current,4,No Loan,0,655600,490600,Yes,1926.62,9593.78,0.0,1356.56,2326.71,810.52,281.94,1459.02,12876.96,4878.18,7998.77,62.12,Low Profitability
C03311,47,Female,West,Self-Employed,569000,Mass,Savings,4,No Loan,0,441200,403000,Yes,2623.81,10534.07,0.0,813.27,3935.39,2058.9,786.96,1507.0,13971.15,8288.25,5682.9,40.68,Low Profitability
C03312,25,Female,West,Self-Employed,408000,Mass,Savings,2,No Loan,0,700100,308300,Yes,3353.05,4466.07,0.0,2410.1,2384.83,454.09,1709.73,1630.99,10229.22,6179.64,4049.57,39.59,Low Profitability
C03313,45,Male,North,Retired,1308000,Affluent,Savings,4,No Loan,0,1490100,881700,Yes,7834.21,6008.07,0.0,608.49,2577.27,1257.7,576.59,800.12,14450.77,5211.68,9239.09,63.93,Low Profitability
C03314,23,Male,East,Retired,1117000,Affluent,Savings,4,No Loan,0,932600,958600,Yes,5479.24,5439.36,0.0,1738.3,3458.41,1201.87,800.02,1346.8,12656.9,6807.09,5849.81,46.22,Low Profitability
C03315,53,Female,West,Professional,527000,Mass,Salary,3,Personal Loan,328217,234100,129400,Yes,37481.37,8440.91,8037.97,840.66,3475.72,1028.4,1374.34,1062.66,54800.91,6941.12,47859.79,87.33,Highly Profitable
C03316,24,Male,West,Salaried,939000,Affluent,Savings,1,Personal Loan,503092,536800,410100,Yes,57128.96,3012.12,7396.92,1099.24,1729.83,1788.86,526.2,1562.85,68637.24,5607.73,63029.51,91.83,Highly Profitable
C03317,45,Male,West,Business Owner,354000,Mass,Savings,5,No Loan,0,553700,342600,No,2256.34,4239.68,0.0,2084.94,4036.66,2052.91,658.56,1410.74,8580.97,8158.86,422.1,4.92,Low Profitability
C03318,40,Male,South,Professional,543000,Mass,Savings,1,Auto Loan,523586,132500,131900,No,40023.35,901.96,5785.78,2493.23,1229.65,2194.82,819.09,1310.9,49204.33,5554.46,43649.87,88.71,Highly Profitable
C03319,54,Male,North,Professional,1566000,Affluent,Savings,3,No Loan,0,640200,390900,Yes,1346.04,9724.23,0.0,390.45,2305.25,533.21,1726.92,541.95,11460.72,5107.32,6353.4,55.44,Low Profitability
C03320,46,Female,West,Self-Employed,999000,Affluent,Savings,1,Auto Loan,705851,467400,259600,Yes,55586.53,3489.7,11176.07,1202.81,2066.12,381.43,1070.91,2611.03,71455.11,6129.49,65325.62,91.42,Highly Profitable
C03321,25,Female,North,Salaried,821000,Mass,Savings,4,Personal Loan,478917,218900,87000,No,53869.93,6844.14,6206.91,1588.64,3466.23,823.07,900.44,832.81,68509.63,6022.54,62487.09,91.21,Highly Profitable
C03322,55,Male,South,Retired,575000,Mass,Salary,2,Home Loan,3644122,736800,402900,Yes,166838.34,4679.64,78001.86,1042.82,2674.69,1596.75,842.42,4771.86,250562.66,9885.72,240676.93,96.05,Highly Profitable
C03323,48,Male,North,Self-Employed,684000,Mass,Savings,3,No Loan,0,1210100,991200,Yes,4922.31,9070.89,0.0,416.42,2310.93,1068.61,823.06,1546.33,14409.62,5748.93,8660.69,60.1,Low Profitability
C03324,49,Female,South,Salaried,312000,Mass,Current,1,Personal Loan,526123,118500,47300,No,58133.12,1071.15,12350.82,157.3,1144.27,1185.22,1654.74,1019.38,71712.39,5003.62,66708.77,93.02,Highly Profitable
C03325,29,Female,West,Salaried,586000,Mass,Savings,3,Education Loan,134307,860400,731000,No,12363.51,5628.72,3051.99,175.13,1730.84,2198.9,1444.03,1569.78,21219.35,6943.55,14275.79,67.28,Profitable
C03326,58,Female,North,Self-Employed,861000,Mass,Salary,5,Home Loan,2532771,379900,98400,Yes,114921.57,5864.56,24473.2,1294.02,3892.43,1233.54,500.21,2026.69,146553.35,7652.87,138900.48,94.78,Highly Profitable
C03327,70,Male,West,Salaried,690000,Mass,Savings,4,Auto Loan,893076,1212100,681100,Yes,70684.54,8515.71,9751.52,1086.67,3441.42,2039.16,710.34,2267.15,90038.44,8458.07,81580.38,90.61,Highly Profitable
C03328,26,Male,West,Salaried,690000,Mass,Current,1,No Loan,0,680800,439800,Yes,3551.17,3799.83,0.0,2450.27,1946.73,1082.17,1556.65,1632.32,9801.27,6217.87,3583.4,36.56,Low Profitability
C03329,39,Male,North,Retired,488000,Mass,Salary,2,Auto Loan,803293,755600,250600,No,63283.5,2511.84,18644.95,2288.96,1943.33,1136.29,1400.49,1959.5,86729.25,6439.61,80289.64,92.58,Highly Profitable
C03330,64,Female,West,Salaried,425000,Mass,Current,2,No Loan,0,183400,152500,No,918.38,3097.88,0.0,1566.97,1778.46,1765.8,365.9,991.33,5583.23,4901.49,681.74,12.21,Low Profitability
C03331,31,Female,South,Self-Employed,404000,Mass,Savings,3,Personal Loan,478849,650700,219500,Yes,56400.08,6783.14,4890.84,1239.16,2549.88,2012.75,852.8,2406.45,69313.22,7821.88,61491.34,88.72,Highly Profitable
C03332,22,Female,West,Professional,609000,Mass,Savings,4,No Loan,0,173400,56600,Yes,465.52,10224.69,0.0,1475.91,2731.34,1844.58,985.12,1315.83,12166.12,6876.88,5289.24,43.48,Low Profitability
C03333,67,Male,West,Self-Employed,1048000,Affluent,Savings,4,Personal Loan,200216,196800,110700,No,22621.65,8537.35,3181.46,1214.56,2077.97,1195.75,1571.85,1232.61,35555.01,6078.17,29476.85,82.9,Profitable
C03334,64,Female,East,Salaried,437000,Mass,Savings,2,Personal Loan,214416,576700,506100,Yes,26093.22,4982.92,4224.57,932.09,2284.33,1626.27,1564.52,1618.43,36232.8,7093.55,29139.25,80.42,Profitable
C03335,64,Female,North,Self-Employed,716000,Mass,Savings,2,Home Loan,3952681,233200,249300,No,179222.82,4649.73,44751.8,1564.89,1929.86,801.17,441.62,4356.34,230189.24,7528.99,222660.25,96.73,Highly Profitable
C03336,29,Male,South,Salaried,706000,Mass,Salary,3,Auto Loan,814290,1114500,1013800,Yes,66774.87,7909.6,7668.54,2332.86,2019.77,446.65,1137.04,2716.53,84685.88,6319.99,78365.89,92.54,Highly Profitable
C03337,41,Male,South,Salaried,1168000,Affluent,Savings,2,No Loan,0,1372500,886800,Yes,6254.85,4958.95,0.0,1650.37,2734.23,600.23,1709.03,508.34,12864.17,5551.84,7312.33,56.84,Low Profitability
C03338,44,Male,North,Business Owner,705000,Mass,Savings,1,Education Loan,335605,490800,236400,Yes,24129.28,3376.15,3429.85,525.84,1825.64,345.73,322.84,1141.12,31461.12,3635.32,27825.8,88.45,Profitable
C03339,54,Male,South,Retired,309000,Mass,Salary,2,Auto Loan,570998,187700,95000,No,43525.07,3974.47,8547.12,1242.11,1974.04,1144.58,773.68,2552.98,57288.76,6445.27,50843.49,88.75,Highly Profitable
C03340,42,Male,North,Business Owner,2252000,Premium,Salary,1,Personal Loan,502860,642200,315400,No,57636.09,926.66,11413.71,514.18,1179.91,1545.75,739.77,1392.84,70490.64,4858.27,65632.37,93.11,Highly Profitable
C03341,23,Male,West,Salaried,1195000,Affluent,Salary,2,No Loan,0,1533300,746100,No,9119.05,4854.27,0.0,386.65,1990.92,363.51,474.38,805.28,14359.96,3634.09,10725.87,74.69,Profitable
C03342,32,Male,West,Salaried,913000,Affluent,Savings,5,No Loan,0,1518400,468800,Yes,8238.15,11785.49,0.0,891.17,4146.52,398.45,1766.01,1230.2,20914.81,7541.17,13373.64,63.94,Profitable
C03343,48,Male,North,Salaried,510000,Mass,Savings,1,No Loan,0,713300,312000,No,3597.61,2256.4,0.0,578.03,1168.5,1289.55,1332.72,1378.91,6432.03,5169.68,1262.35,19.63,Low Profitability
C03344,50,Male,West,Self-Employed,587000,Mass,Salary,4,Auto Loan,246493,688000,235100,Yes,21843.63,7566.82,4031.99,2344.79,2867.55,2085.2,1294.46,874.54,35787.22,7121.74,28665.48,80.1,Profitable
C03345,46,Female,West,Salaried,320000,Mass,Savings,3,No Loan,0,110700,28400,No,472.52,2557.3,0.0,234.08,2765.45,568.63,278.38,1576.77,3263.9,5189.23,-1925.33,-58.99,Low Profitability
C03346,68,Female,West,Professional,583000,Mass,Savings,3,No Loan,0,883600,435400,Yes,2930.36,6373.94,0.0,2413.93,2694.17,1589.16,814.68,1238.82,11718.24,6336.83,5381.41,45.92,Low Profitability
C03347,41,Female,West,Salaried,771000,Mass,Savings,1,No Loan,0,1343800,738200,Yes,5014.27,3653.84,0.0,2117.93,2487.99,1543.46,1194.91,562.01,10786.04,5788.37,4997.67,46.33,Low Profitability
C03348,48,Male,West,Salaried,690000,Mass,Current,1,No Loan,0,402700,418100,No,900.21,911.06,0.0,727.06,1257.9,881.3,978.33,1200.69,2538.32,4318.22,-1779.9,-70.12,Low Profitability
C03349,46,Female,West,Self-Employed,1835000,Premium,Savings,1,No Loan,0,1548000,1696000,No,3649.0,970.51,0.0,322.18,1134.76,444.2,1359.84,712.96,4941.69,3651.77,1289.92,26.1,Low Profitability
C03350,53,Male,West,Salaried,1012000,Affluent,Salary,3,No Loan,0,175300,130200,No,620.18,2676.94,0.0,1460.8,2419.79,1457.45,1523.88,683.29,4757.92,6084.41,-1326.48,-27.88,Low Profitability
C03351,41,Female,West,Business Owner,1196000,Affluent,Savings,4,Education Loan,388574,1821100,1849900,Yes,29742.35,6199.44,8835.46,691.02,3007.81,1142.19,1418.29,1629.57,45468.28,7197.87,38270.41,84.17,Highly Profitable
C03352,55,Male,North,Retired,942000,Affluent,Savings,5,No Loan,0,173500,134500,Yes,623.26,11534.99,0.0,701.32,2914.68,892.72,1709.97,1418.27,12859.57,6935.65,5923.92,46.07,Low Profitability
C03353,54,Female,West,Salaried,766000,Mass,Savings,2,No Loan,0,729800,491100,No,2082.61,4572.94,0.0,1477.5,1847.26,1782.21,1085.74,871.79,8133.04,5586.99,2546.05,31.3,Low Profitability
C03354,61,Male,East,Salaried,899000,Mass,Savings,3,Education Loan,242451,990000,283400,Yes,19125.44,6562.26,2364.0,1198.39,2487.71,1069.37,1565.04,2125.37,29250.08,7247.48,22002.6,75.22,Profitable
C03355,67,Female,South,Retired,235000,Mass,Salary,3,Personal Loan,828708,56800,16400,Yes,91357.64,8235.58,13973.69,1316.59,3177.62,1472.46,1773.41,2680.37,114883.51,9103.85,105779.66,92.08,Highly Profitable
C03356,38,Male,North,Business Owner,607000,Mass,Salary,2,No Loan,0,267000,73700,No,1382.33,2955.18,0.0,865.82,1737.81,786.85,1017.18,975.48,5203.32,4517.33,685.99,13.18,Low Profitability
C03357,31,Male,South,Retired,325000,Mass,Savings,2,No Loan,0,472800,178500,Yes,2242.27,6774.4,0.0,878.14,2116.74,448.78,223.32,1249.03,9894.8,4037.87,5856.93,59.19,Low Profitability
C03358,43,Male,North,Salaried,366000,Mass,Salary,4,No Loan,0,207400,65400,No,1090.84,4271.41,0.0,2498.6,3083.7,594.76,722.38,1519.79,7860.86,5920.63,1940.23,24.68,Low Profitability
C03359,68,Female,West,Salaried,1350000,Affluent,Current,2,Personal Loan,698560,1816800,754800,Yes,83126.91,5434.2,13896.24,1043.71,2631.58,998.49,1060.19,1725.26,103501.06,6415.53,97085.53,93.8,Highly Profitable
C03360,42,Female,East,Salaried,387000,Mass,Savings,4,No Loan,0,536400,370800,No,2844.71,6737.13,0.0,635.13,2233.38,1694.24,1288.73,1602.66,10216.97,6819.01,3397.96,33.26,Low Profitability
C03361,37,Female,West,Salaried,338000,Mass,Current,2,Personal Loan,102965,277900,188300,No,12937.58,1949.65,2020.94,1790.72,1678.22,1412.71,1147.41,1210.35,18698.9,5448.69,13250.2,70.86,Profitable
C03362,25,Male,East,Business Owner,867000,Mass,Salary,2,Home Loan,4208978,221200,120000,Yes,190091.89,3725.11,91717.46,1981.05,2748.21,1014.79,1236.68,3537.85,287515.51,8537.53,278977.98,97.03,Highly Profitable
C03363,64,Male,North,Salaried,674000,Mass,Savings,3,No Loan,0,113100,92300,No,551.34,4871.56,0.0,664.54,2679.75,1201.14,1356.17,1580.7,6087.44,6817.77,-730.32,-12.0,Low Profitability
C03364,31,Female,West,Self-Employed,895000,Mass,Savings,1,Personal Loan,678116,861600,502400,No,76514.35,2112.14,15461.49,362.4,1094.19,1405.16,994.54,2418.56,94450.38,5912.45,88537.93,93.74,Highly Profitable
C03365,50,Male,North,Salaried,1839000,Premium,Savings,5,Education Loan,133468,492700,215400,No,10687.7,11690.54,1509.25,805.71,3512.31,621.5,1524.87,1255.2,24693.21,6913.89,17779.32,72.0,Profitable
C03366,35,Female,North,Professional,959000,Affluent,Savings,4,Auto Loan,468009,1293400,1084300,No,38496.32,8202.43,6029.46,1360.62,2314.22,816.42,1265.11,2360.8,54088.82,6756.56,47332.26,87.51,Highly Profitable
C03367,47,Female,West,Salaried,298000,Mass,Savings,3,Home Loan,3791329,232000,251300,Yes,171846.79,5983.4,74191.74,1013.88,2349.66,825.36,1441.37,8286.57,253035.82,12902.96,240132.86,94.9,Highly Profitable
C03368,55,Female,North,Salaried,1169000,Affluent,Current,5,Personal Loan,324506,1493300,1402400,No,41156.88,4873.65,6608.34,470.99,4116.15,495.78,1257.61,1971.83,53109.86,7841.38,45268.48,85.24,Highly Profitable
C03369,53,Male,South,Business Owner,620000,Mass,Salary,1,No Loan,0,510500,307300,No,2255.0,1692.87,0.0,158.98,1084.12,679.58,372.84,1689.46,4106.85,3826.0,280.85,6.84,Low Profitability
C03370,40,Male,North,Salaried,768000,Mass,Savings,2,Personal Loan,546829,911400,518900,No,64096.41,2770.85,5422.06,1313.67,1618.02,1362.64,448.05,1812.21,73602.99,5240.93,68362.07,92.88,Highly Profitable
C03371,36,Male,West,Self-Employed,282000,Mass,Savings,4,Home Loan,4118374,429900,121600,Yes,186365.95,7702.49,97180.91,2189.39,3509.54,729.99,471.7,5118.5,293438.74,9829.72,283609.02,96.65,Highly Profitable
C03372,54,Female,West,Self-Employed,923000,Affluent,Salary,2,Personal Loan,464967,1485400,1201000,No,54712.18,2953.01,6460.06,1529.05,1811.79,1405.8,278.1,1337.43,65654.3,4833.12,60821.17,92.64,Highly Profitable
C03373,22,Male,East,Professional,342000,Mass,Savings,1,Home Loan,4716600,60800,26700,Yes,212507.6,3811.3,115288.16,2184.59,1914.3,345.63,549.97,9581.47,333791.64,12391.36,321400.28,96.29,Highly Profitable
C03374,55,Male,North,Business Owner,939000,Affluent,Salary,1,Education Loan,651951,1141000,948200,Yes,46096.39,4574.61,14627.32,1938.81,1951.76,630.24,1096.05,1325.8,67237.13,5003.85,62233.28,92.56,Highly Profitable
C03375,60,Male,North,Business Owner,470000,Mass,Salary,2,Home Loan,1664637,508000,455200,No,76151.05,3869.62,21676.98,923.57,1836.82,1461.95,295.81,3029.41,102621.22,6623.99,95997.23,93.55,Highly Profitable
C03376,48,Male,East,Retired,1041000,Affluent,Salary,3,Personal Loan,886307,1250400,1247700,Yes,101545.08,7341.17,18360.38,1091.64,2960.17,1410.4,653.67,1874.28,128338.27,6898.52,121439.75,94.62,Highly Profitable
C03377,67,Female,West,Retired,343000,Mass,Current,1,Personal Loan,325249,84300,60400,No,36010.28,1027.33,4113.18,2169.63,1393.36,823.81,1197.0,1294.24,43320.41,4708.41,38612.0,89.13,Highly Profitable
C03378,59,Female,North,Business Owner,297000,Mass,Savings,2,No Loan,0,78800,75300,No,170.1,2924.86,0.0,1792.96,1865.67,1484.19,519.85,1392.26,4887.92,5261.97,-374.05,-7.65,Low Profitability
C03379,26,Male,South,Self-Employed,520000,Mass,Savings,1,No Loan,0,504400,436200,Yes,1775.15,3291.98,0.0,1442.56,1831.17,615.24,516.12,545.71,6509.7,3508.23,3001.47,46.11,Low Profitability
C03380,29,Male,South,Business Owner,810000,Mass,Current,3,Personal Loan,937403,197800,108800,No,104048.53,5291.44,10051.11,2373.69,1832.71,1853.31,1523.29,1846.02,121764.77,7055.34,114709.43,94.21,Highly Profitable
C03381,40,Female,West,Salaried,373000,Mass,Salary,4,No Loan,0,533800,181700,No,1309.4,6330.47,0.0,212.0,2520.9,775.63,1078.8,1193.87,7851.87,5569.19,2282.68,29.07,Low Profitability
C03382,21,Male,West,Retired,783000,Mass,Savings,3,Personal Loan,566148,1115500,508500,No,67118.16,7361.07,9128.21,2156.47,2164.54,1187.88,701.75,1157.01,85763.9,5211.18,80552.72,93.92,Highly Profitable
C03383,28,Female,South,Business Owner,1132000,Affluent,Savings,2,Auto Loan,467091,388900,376400,No,36045.53,2063.65,4931.95,864.8,1963.38,2099.91,1078.08,1169.16,43905.93,6310.53,37595.4,85.63,Highly Profitable
C03384,43,Female,West,Salaried,338000,Mass,Salary,1,Education Loan,271216,304500,214400,Yes,18321.33,2051.42,2616.1,1657.87,1815.08,1397.82,884.98,1979.9,24646.72,6077.77,18568.94,75.34,Profitable
C03385,23,Male,East,Salaried,784000,Mass,Savings,2,Auto Loan,650155,887300,723800,Yes,50863.55,4536.11,10822.92,2296.08,2708.82,1729.32,1721.47,2042.58,68518.66,8202.18,60316.47,88.03,Highly Profitable
C03386,24,Male,West,Salaried,942000,Affluent,Savings,1,No Loan,0,1477100,1381300,No,4193.82,1488.8,0.0,949.71,1011.76,1716.49,522.19,1014.83,6632.33,4265.27,2367.06,35.69,Low Profitability
C03387,45,Female,West,Salaried,630000,Mass,Salary,4,No Loan,0,1122000,916700,No,4333.66,6468.65,0.0,1288.23,2046.44,1024.63,1262.91,1500.19,12090.54,5834.17,6256.36,51.75,Low Profitability
C03388,67,Male,West,Salaried,669000,Mass,Savings,1,No Loan,0,119400,116700,Yes,451.09,2739.47,0.0,874.35,1912.07,490.32,1660.91,693.03,4064.91,4756.33,-691.42,-17.01,Low Profitability
C03389,58,Male,South,Salaried,323000,Mass,Savings,2,No Loan,0,302300,97800,No,1180.72,2033.4,0.0,1790.19,1245.45,947.05,1354.56,1587.84,5004.31,5134.9,-130.59,-2.61,Low Profitability
C03390,35,Male,East,Salaried,890000,Mass,Savings,4,Home Loan,3839577,1313100,1336900,Yes,177381.44,6072.41,70103.33,413.03,2999.34,364.2,819.7,4074.7,253970.21,8257.95,245712.26,96.75,Highly Profitable
C03391,41,Male,South,Business Owner,724000,Mass,Salary,3,No Loan,0,1059300,996500,Yes,5848.1,7363.17,0.0,1907.18,2928.15,801.96,1394.21,807.81,15118.45,5932.13,9186.33,60.76,Low Profitability
C03392,55,Female,East,Salaried,760000,Mass,Savings,3,Personal Loan,286653,793500,807400,No,35926.5,3387.13,5885.9,1973.64,1545.8,368.94,571.72,1236.9,47173.17,3723.36,43449.81,92.11,Highly Profitable
C03393,66,Female,West,Salaried,2179000,Premium,Savings,3,No Loan,0,982100,855600,No,4548.71,6681.91,0.0,258.46,1452.52,1097.15,1347.18,778.98,11489.08,4675.83,6813.25,59.3,Low Profitability
C03394,34,Female,West,Self-Employed,625000,Mass,Current,1,Personal Loan,807379,670300,323900,No,91021.12,2131.93,13643.05,1059.37,978.17,317.13,1458.4,2242.75,107855.47,4996.46,102859.0,95.37,Highly Profitable
C03395,56,Male,South,Professional,836000,Mass,Savings,1,Auto Loan,626022,665500,230800,Yes,48775.19,3178.19,8737.68,1772.35,2228.98,1745.3,801.47,2100.46,62463.4,6876.21,55587.2,88.99,Highly Profitable
C03396,32,Male,East,Self-Employed,1422000,Affluent,Savings,3,Education Loan,516410,1173200,422600,Yes,39187.37,7117.52,5557.82,326.4,2864.3,2129.8,1088.0,1908.92,52189.1,7991.02,44198.08,84.69,Highly Profitable
C03397,37,Female,South,Salaried,682000,Mass,Savings,2,Education Loan,683759,472200,318300,Yes,47271.0,5877.06,14912.9,2004.2,3075.73,360.16,1103.15,1766.44,70065.16,6305.48,63759.68,91.0,Highly Profitable
C03398,59,Male,South,Self-Employed,472000,Mass,Savings,1,No Loan,0,183300,106700,No,967.33,2078.97,0.0,1641.98,1042.52,1397.89,1089.68,1552.26,4688.28,5082.35,-394.07,-8.41,Low Profitability
C03399,29,Female,North,Salaried,871000,Mass,Salary,4,Auto Loan,578550,1191600,960500,Yes,47336.83,4910.55,10346.73,1211.55,3345.1,813.86,520.54,2123.67,63805.67,6803.17,57002.5,89.34,Highly Profitable
C03400,55,Male,West,Salaried,480000,Mass,Salary,3,Personal Loan,897731,633100,429100,Yes,100502.39,5301.07,18840.46,327.81,3350.84,1295.06,1210.24,2182.09,124971.73,8038.23,116933.5,93.57,Highly Profitable
C03401,33,Female,East,Salaried,1354000,Affluent,Current,2,Home Loan,2753901,1415800,504800,No,131387.62,1848.14,31015.21,271.22,1846.8,2091.93,850.06,4233.57,164522.2,9022.36,155499.83,94.52,Highly Profitable
C03402,35,Female,West,Self-Employed,929000,Affluent,Salary,1,Auto Loan,651912,683200,172100,No,51359.04,2490.96,10543.15,688.51,1093.14,1754.04,413.5,1722.02,65081.67,4982.7,60098.97,92.34,Highly Profitable
C03403,38,Male,North,Business Owner,436000,Mass,Savings,3,No Loan,0,657200,236000,Yes,2852.17,6230.34,0.0,1996.6,3404.36,1718.01,288.83,1506.41,11079.11,6917.6,4161.51,37.56,Low Profitability
C03404,53,Male,South,Business Owner,353000,Mass,Salary,2,Education Loan,597240,146100,54700,Yes,39137.64,4211.22,6914.06,2236.03,2686.55,857.47,1517.57,1838.43,52498.95,6900.03,45598.93,86.86,Highly Profitable
C03405,26,Male,West,Salaried,763000,Mass,Salary,2,Personal Loan,873786,661600,570300,No,99573.67,2817.78,20091.99,694.49,1937.16,1813.3,1414.6,2065.3,123177.93,7230.35,115947.58,94.13,Highly Profitable
C03406,47,Male,South,Professional,806000,Mass,Savings,3,No Loan,0,990000,487600,Yes,2780.95,8703.21,0.0,830.62,3700.92,494.72,1690.24,1258.71,12314.77,7144.59,5170.19,41.98,Low Profitability
C03407,43,Female,West,Salaried,353000,Mass,Savings,2,No Loan,0,531400,175100,No,2685.73,2086.21,0.0,508.39,1559.6,1644.24,964.74,812.94,5280.32,4981.52,298.81,5.66,Low Profitability
C03408,47,Female,South,Salaried,1078000,Affluent,Savings,1,Home Loan,2101110,1317200,1175000,No,100663.37,1406.8,47219.63,1746.09,963.64,1067.91,1181.84,3635.01,151035.9,6848.39,144187.5,95.47,Highly Profitable
C03409,54,Female,South,Salaried,1009000,Affluent,Savings,3,Home Loan,4948808,347300,364500,Yes,223964.0,4920.75,122049.69,166.47,3163.57,1130.75,301.55,9780.24,351100.91,14376.11,336724.8,95.91,Highly Profitable
C03410,66,Female,North,Self-Employed,845000,Mass,Savings,4,Home Loan,4764965,268000,89900,Yes,215531.35,10580.89,112607.58,2334.09,2889.16,1230.69,681.62,9696.98,341053.91,14498.45,326555.47,95.75,Highly Profitable
C03411,58,Male,North,Salaried,1062000,Affluent,Current,4,No Loan,0,247700,264700,No,1028.08,3373.44,0.0,760.04,2243.65,1759.66,1402.02,1229.0,5161.57,6634.33,-1472.76,-28.53,Low Profitability
C03412,34,Male,West,Business Owner,406000,Mass,Salary,4,No Loan,0,436000,461200,No,1264.83,9637.66,0.0,1949.04,2930.05,891.87,641.71,1221.71,12851.53,5685.34,7166.19,55.76,Low Profitability
C03413,56,Male,North,Professional,419000,Mass,Salary,2,Home Loan,3741814,230800,160300,Yes,168962.55,6924.81,40369.12,2414.97,2406.81,914.65,379.59,5994.27,218671.46,9695.31,208976.14,95.57,Highly Profitable
C03414,28,Female,North,Salaried,607000,Mass,Savings,4,No Loan,0,250800,125800,No,1314.28,5677.7,0.0,452.49,2674.75,1288.63,299.34,1596.44,7444.47,5859.16,1585.31,21.3,Low Profitability
C03415,55,Male,North,Self-Employed,494000,Mass,Savings,4,No Loan,0,143400,52700,No,682.64,9328.52,0.0,398.42,2842.7,808.81,925.25,1075.49,10409.58,5652.26,4757.31,45.7,Low Profitability
C03416,39,Female,West,Salaried,923000,Affluent,Current,3,No Loan,0,1115900,1060400,Yes,5005.31,6092.63,0.0,762.03,2932.8,1147.62,1599.71,1640.24,11859.97,7320.37,4539.6,38.28,Low Profitability
C03417,50,Male,West,Salaried,1090000,Affluent,Salary,2,No Loan,0,1518500,1160200,Yes,4727.75,3649.72,0.0,1514.98,2642.82,1554.65,790.96,1602.49,9892.46,6590.92,3301.53,33.37,Low Profitability
C03418,34,Female,West,Salaried,475000,Mass,Savings,3,Personal Loan,731073,743500,597500,Yes,83100.89,5107.22,13812.06,103.24,1910.39,2180.73,1267.16,2061.17,102123.41,7419.45,94703.96,92.73,Highly Profitable
C03419,40,Female,South,Retired,434000,Mass,Current,4,No Loan,0,491500,482500,No,1272.52,8809.99,0.0,1554.23,2642.37,797.79,889.39,515.87,11636.74,4845.41,6791.33,58.36,Low Profitability
C03420,69,Male,West,Salaried,1120000,Affluent,Savings,5,Auto Loan,523974,822600,516100,No,43425.58,8769.61,7206.18,1484.58,3916.42,798.09,1457.92,1332.94,60885.94,7505.37,53380.57,87.67,Highly Profitable
C03421,45,Male,East,Professional,408000,Mass,Current,2,Home Loan,4425100,377900,212700,Yes,199908.07,4551.03,38205.32,210.13,1942.01,1048.82,1485.28,5219.84,242874.55,9695.96,233178.59,96.01,Highly Profitable
C03422,60,Female,South,Salaried,598000,Mass,Salary,5,Home Loan,3992295,717400,644200,Yes,181096.34,5411.78,43458.59,1355.32,4752.18,1552.24,1714.54,5602.35,231322.03,13621.3,217700.72,94.11,Highly Profitable
C03423,44,Male,South,Professional,402000,Mass,Current,3,Personal Loan,346231,533200,268000,Yes,40262.91,7761.99,6033.48,2102.59,2621.63,2059.87,740.72,1601.96,56160.97,7024.18,49136.79,87.49,Highly Profitable
C03424,34,Male,South,Professional,506000,Mass,Salary,2,Personal Loan,410862,614300,324800,No,47269.27,4382.61,7771.08,818.69,1773.38,2103.14,953.96,1285.69,60241.65,6116.17,54125.48,89.85,Highly Profitable
C03425,46,Female,West,Business Owner,306000,Mass,Savings,5,Personal Loan,798289,531600,305100,No,89180.86,11271.86,7783.25,2063.55,2118.06,942.23,1233.19,2150.29,110299.52,6443.77,103855.75,94.16,Highly Profitable
C03426,58,Male,South,Retired,1417000,Affluent,Salary,4,No Loan,0,1966600,1923100,No,9620.96,8795.9,0.0,1161.71,2634.48,1092.82,1001.41,820.16,19578.57,5548.88,14029.69,71.66,Profitable
C03427,43,Female,North,Salaried,1222000,Affluent,Savings,3,No Loan,0,1696800,1547900,No,9719.78,5018.51,0.0,2120.85,1788.18,1129.04,334.3,1222.38,16859.14,4473.9,12385.24,73.46,Profitable
C03428,42,Female,East,Self-Employed,449000,Mass,Savings,4,Home Loan,1567748,674700,335800,Yes,72655.54,7858.12,30729.35,1230.34,2706.93,962.93,1234.07,2305.23,112473.35,7209.17,105264.19,93.59,Highly Profitable
C03429,68,Male,East,Business Owner,903000,Affluent,Savings,3,No Loan,0,821400,305600,No,3622.9,7374.55,0.0,2261.97,1949.59,899.29,376.05,1030.76,13259.43,4255.69,9003.74,67.9,Low Profitability
C03430,39,Male,West,Self-Employed,318000,Mass,Savings,2,No Loan,0,186200,108700,No,927.17,4736.2,0.0,2293.22,1410.1,435.64,1545.13,1620.23,7956.59,5011.1,2945.49,37.02,Low Profitability
C03431,66,Male,North,Professional,985000,Affluent,Savings,5,Personal Loan,693398,1474300,1151200,Yes,82853.9,12348.91,14232.12,115.52,4492.29,1335.68,332.6,2426.29,109550.45,8586.85,100963.6,92.16,Highly Profitable
C03432,23,Female,North,Salaried,430000,Mass,Current,5,Home Loan,2130336,393800,324800,No,97255.98,7655.61,22131.16,1025.89,2292.3,1558.44,1450.1,3328.22,128068.64,8629.06,119439.57,93.26,Highly Profitable
C03433,62,Male,South,Salaried,1368000,Affluent,Salary,2,Home Loan,2940779,1575700,662400,No,138988.44,4909.78,50804.84,2229.58,1587.09,2184.0,441.68,3384.7,196932.64,7597.47,189335.17,96.14,Highly Profitable
C03434,39,Female,West,Salaried,927000,Affluent,Current,2,Auto Loan,872620,796100,367800,No,69346.12,2871.27,13519.96,133.46,2083.16,1476.42,1385.17,2269.01,85870.81,7213.76,78657.04,91.6,Highly Profitable
C03435,29,Male,West,Professional,573000,Mass,Savings,2,No Loan,0,460400,479100,Yes,2657.79,4721.63,0.0,345.0,2660.44,1459.82,236.91,595.64,7724.42,4952.81,2771.61,35.88,Low Profitability
C03436,48,Male,North,Retired,559000,Mass,Salary,4,Education Loan,480788,703000,405800,No,34829.06,5201.3,11479.26,1134.25,2836.32,1003.74,378.7,1414.62,52643.86,5633.37,47010.49,89.3,Highly Profitable
C03437,40,Male,North,Self-Employed,758000,Mass,Savings,4,Home Loan,4499408,945800,489000,No,205556.95,8882.61,66251.56,2452.84,3012.55,409.27,232.66,8579.96,283143.96,12234.44,270909.52,95.68,Highly Profitable
C03438,65,Male,East,Self-Employed,421000,Mass,Current,5,No Loan,0,277800,233700,Yes,1302.14,13251.7,0.0,2325.7,4322.76,1466.91,491.85,1001.97,16879.54,7283.48,9596.05,56.85,Low Profitability
C03439,27,Male,South,Business Owner,1300000,Affluent,Salary,3,Auto Loan,821391,600400,388900,No,65005.53,4996.52,7440.59,1504.15,2557.41,538.53,200.56,3003.91,78946.79,6300.41,72646.37,92.02,Highly Profitable
C03440,34,Female,North,Business Owner,828000,Mass,Salary,4,Personal Loan,783362,303600,139600,No,87407.27,7022.79,11128.98,706.24,2355.38,1713.44,338.24,2228.85,106265.28,6635.9,99629.38,93.76,Highly Profitable
C03441,29,Male,West,Salaried,1190000,Affluent,Savings,4,No Loan,0,401900,240300,No,957.47,9650.21,0.0,1640.17,3207.53,1732.89,240.08,690.44,12247.85,5870.94,6376.91,52.07,Low Profitability
C03442,39,Male,West,Business Owner,182000,Mass,Salary,2,No Loan,0,272900,101700,Yes,1245.7,3957.51,0.0,874.9,2060.55,499.69,895.02,713.81,6078.11,4169.07,1909.04,31.41,Low Profitability
C03443,67,Male,North,Self-Employed,706000,Mass,Savings,3,Personal Loan,645206,439200,214200,No,72913.88,4804.07,5705.87,1668.18,1996.3,827.49,451.52,1849.7,85091.99,5125.0,79966.99,93.98,Highly Profitable
C03444,34,Female,South,Self-Employed,802000,Mass,Savings,3,Personal Loan,285995,1018200,616700,Yes,34043.37,6964.28,3450.08,506.55,3289.8,1857.81,659.61,1775.5,44964.28,7582.71,37381.57,83.14,Highly Profitable
C03445,58,Male,North,Salaried,699000,Mass,Savings,4,Education Loan,658117,436400,301200,Yes,44068.59,9602.35,13569.99,1544.32,3242.07,2128.15,620.67,2567.08,68785.25,8557.97,60227.28,87.56,Highly Profitable
C03446,56,Male,North,Professional,709000,Mass,Savings,3,No Loan,0,886400,780400,No,4155.16,6366.87,0.0,1759.94,1928.85,1688.08,1529.51,1500.62,12281.97,6647.06,5634.91,45.88,Low Profitability
C03447,60,Female,East,Professional,587000,Mass,Savings,4,Personal Loan,162739,1041200,601000,Yes,24038.77,9644.98,3519.51,1814.81,3534.66,1062.52,461.3,1061.42,39018.06,6119.89,32898.17,84.32,Highly Profitable
C03448,37,Male,East,Business Owner,2423000,Premium,Current,2,No Loan,0,627100,447700,Yes,1690.11,3397.02,0.0,2445.01,2242.46,1871.7,998.38,1153.28,7532.14,6265.82,1266.32,16.81,Low Profitability
C03449,50,Female,West,Professional,800000,Mass,Savings,2,Personal Loan,444563,983000,1040400,No,53282.51,2981.09,9871.18,163.02,1884.66,856.5,310.64,2279.52,66297.81,5331.33,60966.48,91.96,Highly Profitable
C03450,29,Male,West,Self-Employed,749000,Mass,Current,4,Auto Loan,368873,461600,436500,No,29463.59,3820.21,3810.59,285.67,3011.24,1945.89,856.96,2032.98,37380.07,7847.07,29532.99,79.01,Profitable
C03451,53,Male,West,Business Owner,1172000,Affluent,Current,2,Personal Loan,582507,336100,151700,Yes,65204.64,3520.42,13807.02,1552.35,2435.04,381.39,1486.62,2010.35,84084.42,6313.39,77771.03,92.49,Highly Profitable
C03452,45,Female,South,Salaried,515000,Mass,Salary,2,Personal Loan,681089,144400,62300,Yes,75736.63,3787.07,14784.18,1258.08,2222.81,2186.56,1026.32,1067.59,95565.96,6503.29,89062.67,93.19,Highly Profitable
C03453,34,Male,East,Professional,345000,Mass,Savings,2,Home Loan,1355615,263300,214100,No,62516.38,2734.44,24661.98,1609.42,2010.02,510.01,613.78,2722.28,91522.22,5856.1,85666.12,93.6,Highly Profitable
C03454,31,Female,West,Self-Employed,1153000,Affluent,Salary,1,No Loan,0,1201400,908300,Yes,3187.64,2297.68,0.0,1764.84,2053.17,2038.82,852.37,1321.46,7250.16,6265.81,984.36,13.58,Low Profitability
C03455,55,Male,West,Business Owner,583000,Mass,Salary,4,Auto Loan,464386,710100,507600,No,38255.37,8100.55,4595.95,182.49,3183.15,1919.82,1089.35,2163.0,51134.36,8355.33,42779.03,83.66,Highly Profitable
C03456,61,Female,East,Business Owner,1480000,Affluent,Current,3,Personal Loan,814037,1607900,612700,Yes,97738.24,3526.13,17597.12,1257.96,2356.09,857.09,1647.83,2416.39,120119.45,7277.4,112842.05,93.94,Highly Profitable
C03457,34,Female,South,Business Owner,1429000,Affluent,Salary,3,Home Loan,3379522,2331600,1301600,No,165352.39,6847.08,55661.38,1292.9,2331.18,1178.47,1540.62,3840.85,229153.76,8891.11,220262.64,96.12,Highly Profitable
C03458,50,Male,East,Professional,195000,Mass,Savings,3,Auto Loan,332255,78600,70400,No,25099.32,7459.61,7298.1,1590.97,2353.5,707.5,1737.8,1994.8,41448.0,6793.6,34654.4,83.61,Highly Profitable
C03459,61,Female,North,Self-Employed,728000,Mass,Salary,2,Home Loan,3462163,1105000,955900,Yes,162126.41,5848.92,46271.81,960.23,2650.34,1214.03,485.92,4935.48,215207.37,9285.77,205921.6,95.69,Highly Profitable
C03460,24,Male,North,Professional,1265000,Affluent,Current,2,Home Loan,4885951,1292300,504500,Yes,223725.87,4650.6,43319.86,263.32,1923.07,643.53,517.15,10031.46,271959.65,13115.21,258844.44,95.18,Highly Profitable
C03461,24,Female,West,Self-Employed,267000,Mass,Savings,4,Home Loan,3762316,419200,256900,Yes,171581.67,7018.21,62433.71,874.78,2252.81,855.97,360.47,5484.97,241908.37,8954.22,232954.16,96.3,Highly Profitable
C03462,48,Male,West,Retired,856000,Mass,Savings,2,No Loan,0,731000,457800,No,3883.66,3375.91,0.0,622.64,1721.47,374.4,1013.55,659.78,7882.21,3769.2,4113.01,52.18,Low Profitability
C03463,28,Female,North,Professional,1005000,Affluent,Current,2,No Loan,0,949700,648000,Yes,4914.17,5598.91,0.0,1987.19,3015.54,1348.55,489.17,913.44,12500.27,5766.7,6733.57,53.87,Low Profitability
C03464,22,Male,North,Salaried,679000,Mass,Savings,4,Education Loan,476600,575000,369100,Yes,32804.64,7260.56,7147.83,2211.25,3100.66,1674.73,1301.8,2066.51,49424.28,8143.7,41280.58,83.52,Highly Profitable
C03465,61,Male,West,Professional,682000,Mass,Salary,2,No Loan,0,210900,142700,Yes,1062.71,5969.58,0.0,517.04,2495.54,684.37,1730.06,1780.37,7549.33,6690.34,858.99,11.38,Low Profitability
C03466,66,Female,East,Self-Employed,1353000,Affluent,Savings,2,Personal Loan,647956,526700,495700,Yes,72880.16,4819.63,7701.57,1562.29,2363.12,1463.06,1108.66,1231.94,86963.65,6166.77,80796.88,92.91,Highly Profitable
C03467,42,Female,West,Retired,308000,Mass,Savings,1,No Loan,0,309200,179700,Yes,1001.51,2457.59,0.0,582.28,1701.11,391.36,1348.02,698.28,4041.39,4138.77,-97.38,-2.41,Low Profitability
C03468,61,Male,South,Business Owner,1106000,Affluent,Current,5,No Loan,0,1139000,819200,No,6000.98,9547.89,0.0,2096.76,3749.84,458.58,520.11,1132.82,17645.63,5861.34,11784.29,66.78,Profitable
C03469,36,Male,West,Salaried,901000,Affluent,Salary,3,Home Loan,4505528,830600,636000,No,206351.32,2404.23,102269.63,1952.12,1654.26,1334.47,1506.13,7867.58,312977.29,12362.43,300614.86,96.05,Highly Profitable
C03470,49,Male,South,Salaried,1432000,Affluent,Current,1,Home Loan,2325360,245200,257700,No,105427.18,2281.12,41413.67,1496.49,1145.53,412.64,1570.21,4990.68,150618.47,8119.07,142499.4,94.61,Highly Profitable
C03471,69,Male,West,Self-Employed,416000,Mass,Salary,4,Personal Loan,369004,409400,330200,Yes,42554.85,5540.99,3591.17,861.7,3590.95,1168.7,1615.37,2228.28,52548.71,8603.29,43945.42,83.63,Highly Profitable
C03472,68,Male,South,Professional,1577000,Affluent,Salary,4,Education Loan,160109,584500,211100,Yes,13581.19,11578.78,3810.5,2459.41,4392.04,421.73,1585.02,996.51,31429.88,7395.31,24034.56,76.47,Profitable
C03473,50,Female,West,Business Owner,326000,Mass,Savings,3,Home Loan,1994337,353600,263500,No,91241.02,5205.2,34104.35,1651.41,2141.19,963.62,698.35,4802.11,132201.99,8605.27,123596.72,93.49,Highly Profitable
C03474,32,Male,North,Salaried,584000,Mass,Salary,1,No Loan,0,365400,296900,No,1050.44,1457.06,0.0,1872.99,1256.12,1973.27,1044.61,1267.63,4380.49,5541.62,-1161.13,-26.51,Low Profitability
C03475,55,Female,South,Business Owner,369000,Mass,Savings,2,Personal Loan,545679,659000,170100,No,62870.91,1911.83,11355.55,2213.1,1659.51,1718.16,694.86,1832.07,78351.39,5904.6,72446.79,92.46,Highly Profitable
C03476,31,Female,West,Self-Employed,1043000,Affluent,Salary,2,Auto Loan,187478,774700,243300,No,17424.85,3915.34,3702.77,2076.95,1881.67,1085.76,1605.45,1284.57,27119.92,5857.44,21262.48,78.4,Profitable
C03477,66,Male,West,Salaried,460000,Mass,Savings,3,No Loan,0,692000,184200,No,3130.34,4234.91,0.0,2070.14,2510.48,965.55,1653.45,1010.43,9435.39,6139.91,3295.48,34.93,Low Profitability
C03478,70,Male,East,Salaried,1307000,Affluent,Salary,3,Personal Loan,882953,725700,211200,No,100842.67,7311.18,19904.12,709.8,2504.92,992.97,1278.79,3292.78,128767.77,8069.46,120698.31,93.73,Highly Profitable
C03479,41,Male,East,Salaried,277000,Mass,Savings,2,No Loan,0,128200,41800,No,759.37,4514.73,0.0,858.23,1862.27,550.36,551.96,531.23,6132.32,3495.81,2636.51,42.99,Low Profitability
C03480,41,Male,West,Salaried,548000,Mass,Savings,3,No Loan,0,282100,300200,Yes,688.24,3657.58,0.0,1042.09,3712.29,1042.24,380.57,1628.75,5387.92,6763.84,-1375.92,-25.54,Low Profitability
C03481,25,Female,West,Salaried,1869000,Premium,Savings,3,Auto Loan,525815,1307600,556700,No,43053.62,4734.2,5107.88,2300.24,2531.06,1416.22,1647.09,1650.84,55195.94,7245.21,47950.73,86.87,Highly Profitable
C03482,68,Male,West,Salaried,461000,Mass,Savings,4,Auto Loan,191434,714800,303000,Yes,18117.29,7737.62,1648.92,237.36,4364.88,1911.09,769.96,1485.75,27741.19,8531.68,19209.51,69.25,Profitable
C03483,40,Female,West,Professional,1254000,Affluent,Savings,3,No Loan,0,1768800,1731300,Yes,7279.97,6517.26,0.0,721.99,2977.17,1596.82,1239.43,1797.56,14519.22,7610.97,6908.25,47.58,Low Profitability
C03484,57,Male,East,Salaried,1027000,Affluent,Savings,3,Auto Loan,594908,891900,793700,No,49061.98,3792.03,5425.81,1162.91,2648.53,1512.12,1507.14,1321.21,59442.73,6989.0,52453.73,88.24,Highly Profitable
C03485,23,Male,North,Salaried,341000,Mass,Salary,4,No Loan,0,157000,129400,No,575.25,8886.31,0.0,1816.27,1834.42,427.67,1269.85,1054.77,11277.83,4586.71,6691.12,59.33,Low Profitability
C03486,64,Male,North,Salaried,786000,Mass,Savings,2,Personal Loan,719093,181100,110200,No,80070.1,4800.94,6760.73,489.2,1521.55,571.2,1781.87,1757.09,92120.97,5631.71,86489.25,93.89,Highly Profitable
C03487,53,Male,East,Self-Employed,1623000,Affluent,Savings,2,Home Loan,1005516,1899900,525300,Yes,52248.73,4856.02,22209.12,1317.97,3146.86,479.43,1118.92,2507.23,80631.84,7252.43,73379.41,91.01,Highly Profitable
C03488,29,Male,North,Self-Employed,559000,Mass,Current,4,Personal Loan,803309,735700,700800,No,92621.3,9505.31,19591.76,904.21,2446.01,662.66,1096.39,2342.82,122622.59,6547.88,116074.7,94.66,Highly Profitable
C03489,29,Male,South,Salaried,479000,Mass,Savings,2,Auto Loan,165219,550900,540800,No,14354.92,2706.23,2930.64,619.17,1977.54,1770.57,1186.21,1731.55,20610.95,6665.86,13945.09,67.66,Profitable
C03490,24,Female,West,Business Owner,839000,Mass,Salary,2,Personal Loan,457860,819800,540700,Yes,52926.96,3894.45,4980.04,247.75,2322.24,1478.69,1053.67,1637.41,62049.2,6492.01,55557.18,89.54,Highly Profitable
C03491,55,Female,North,Business Owner,622000,Mass,Savings,4,Personal Loan,788811,1091700,871300,No,89398.14,8118.73,8479.6,2072.91,2163.86,1140.46,1443.37,2967.99,108069.38,7715.68,100353.7,92.86,Highly Profitable
C03492,37,Male,North,Salaried,307000,Mass,Current,3,Education Loan,264131,58500,38400,No,17484.06,4666.25,5526.79,1742.99,1581.88,322.02,1700.54,1790.58,29420.09,5395.03,24025.07,81.66,Profitable
C03493,54,Male,West,Self-Employed,620000,Mass,Savings,4,No Loan,0,1104100,554000,No,6400.97,5077.85,0.0,774.22,2954.72,1569.41,1648.74,543.98,12253.04,6716.85,5536.19,45.18,Low Profitability
C03494,44,Male,West,Self-Employed,536000,Mass,Savings,4,Personal Loan,421695,324800,230400,Yes,48197.91,6210.92,8290.7,1034.03,3119.34,1324.84,990.55,1860.63,63733.56,7295.36,56438.2,88.55,Highly Profitable
C03495,52,Male,West,Salaried,650000,Mass,Salary,1,Home Loan,2170838,508400,424700,Yes,100249.95,4590.39,28001.98,1415.42,1918.64,457.37,1683.82,4720.57,134257.74,8780.4,125477.34,93.46,Highly Profitable
C03496,21,Male,West,Business Owner,187000,Mass,Savings,3,Auto Loan,466788,260200,99200,Yes,35979.42,7026.92,11087.61,870.96,2753.33,1631.43,431.27,2186.53,54964.91,7002.56,47962.35,87.26,Highly Profitable
C03497,28,Male,North,Professional,855000,Mass,Salary,5,Personal Loan,521143,448700,314600,No,58775.92,10727.45,9076.37,549.6,3457.78,812.66,1088.86,1288.25,79129.34,6647.55,72481.79,91.6,Highly Profitable
C03498,65,Male,North,Business Owner,285000,Mass,Savings,3,Auto Loan,399242,376600,342500,No,31125.02,4505.15,4703.09,605.58,2289.55,1219.61,1013.73,1436.61,40938.85,5959.5,34979.35,85.44,Highly Profitable
C03499,43,Male,North,Salaried,1055000,Affluent,Salary,4,Personal Loan,442996,737100,482200,No,52443.26,9583.97,9919.9,2141.6,2794.25,905.67,538.15,975.26,74088.73,5213.33,68875.4,92.96,Highly Profitable
C03500,67,Male,West,Retired,1262000,Affluent,Salary,3,No Loan,0,2147800,823400,No,7258.41,6942.6,0.0,1263.2,2146.23,912.89,1772.97,853.53,15464.22,5685.61,9778.6,63.23,Low Profitability
C03501,60,Male,South,Self-Employed,235000,Mass,Savings,2,Education Loan,136052,101800,100700,No,9366.68,1721.68,2810.06,1231.6,1820.05,412.15,1733.6,716.32,15130.03,4682.12,10447.9,69.05,Profitable
C03502,32,Female,West,Salaried,1427000,Affluent,Salary,2,Home Loan,2261054,2408000,1981300,Yes,116024.73,4887.66,44913.72,1030.25,2799.56,390.73,202.87,5690.18,166856.35,9083.35,157773.0,94.56,Highly Profitable
C03503,32,Male,North,Salaried,656000,Mass,Savings,2,Personal Loan,328621,954700,752000,No,38778.87,1851.34,7416.44,1834.47,1389.58,1777.81,1060.36,1494.77,49881.11,5722.53,44158.58,88.53,Highly Profitable
C03504,66,Male,South,Business Owner,1266000,Affluent,Current,3,Auto Loan,207593,545500,438500,No,16909.47,3612.79,1732.1,2091.15,2254.68,306.24,443.61,1291.25,24345.5,4295.78,20049.72,82.35,Profitable
C03505,67,Female,West,Professional,1168000,Affluent,Current,3,Home Loan,2677257,922200,422600,No,122761.61,7120.99,61876.15,1829.36,1467.83,846.46,743.49,2709.22,193588.11,5766.99,187821.12,97.02,Highly Profitable
C03506,35,Female,South,Salaried,316000,Mass,Savings,5,Home Loan,4562980,101800,68000,No,205561.72,11615.32,55879.25,1263.15,3112.27,2107.42,730.95,6622.44,274319.44,12573.08,261746.36,95.42,Highly Profitable
C03507,61,Female,South,Salaried,438000,Mass,Savings,1,Home Loan,1460428,499100,263100,Yes,68096.83,1488.66,26343.74,581.22,1958.09,1817.68,750.87,2430.47,96510.45,6957.12,89553.33,92.79,Highly Profitable
C03508,39,Female,West,Business Owner,1701000,Affluent,Current,2,Home Loan,4123536,2951000,2828500,Yes,198460.69,3628.96,64339.95,1400.39,2133.57,1284.95,1120.25,4144.82,267829.99,8683.58,259146.41,96.76,Highly Profitable
C03509,46,Male,West,Retired,354000,Mass,Salary,3,Personal Loan,205136,99400,74600,No,22988.2,5694.06,3152.64,1843.19,1885.71,1710.16,1023.17,1452.94,33678.08,6071.97,27606.12,81.97,Profitable
C03510,49,Male,East,Salaried,854000,Mass,Salary,5,Personal Loan,716289,491800,422800,Yes,80919.53,7024.04,11214.42,1091.84,2730.41,2093.2,942.77,1493.6,100249.84,7259.98,92989.86,92.76,Highly Profitable
C03511,42,Female,West,Professional,462000,Mass,Current,3,Auto Loan,484504,645100,523300,Yes,37807.44,4492.72,9508.02,2478.0,2974.69,2085.76,1035.41,1649.86,54286.18,7745.72,46540.46,85.73,Highly Profitable
C03512,60,Male,South,Self-Employed,426000,Mass,Savings,4,Personal Loan,711463,386100,255300,No,79482.94,8864.12,13867.97,2344.19,3367.13,1147.07,1157.12,2254.35,104559.22,7925.68,96633.54,92.42,Highly Profitable
C03513,41,Male,North,Professional,693000,Mass,Salary,4,No Loan,0,491500,459100,No,1505.66,5813.09,0.0,2338.44,2283.59,912.58,603.58,703.64,9657.19,4503.39,5153.8,53.37,Low Profitability
C03514,58,Female,West,Self-Employed,2336000,Premium,Salary,3,Personal Loan,450466,2667600,2062200,No,59997.85,4527.71,11206.91,1524.57,1943.4,1721.45,1504.48,1265.13,77257.04,6434.46,70822.59,91.67,Highly Profitable
C03515,40,Male,West,Salaried,1068000,Affluent,Savings,1,No Loan,0,678200,300300,Yes,3740.94,2895.88,0.0,1426.66,2209.65,1079.35,1083.69,1289.3,8063.49,5661.98,2401.51,29.78,Low Profitability
C03516,49,Male,North,Business Owner,392000,Mass,Savings,2,Home Loan,4467371,271500,135000,Yes,202630.46,5712.14,47679.23,1381.2,2475.72,594.12,621.79,5062.24,257403.03,8753.87,248649.16,96.6,Highly Profitable
C03517,24,Male,North,Retired,779000,Mass,Salary,2,No Loan,0,1153000,1098700,Yes,5128.76,5377.33,0.0,1226.33,2643.75,668.14,474.79,596.17,11732.42,4382.85,7349.57,62.64,Low Profitability
C03518,27,Male,South,Salaried,252000,Mass,Salary,1,No Loan,0,200600,210600,No,599.23,1309.38,0.0,486.55,1074.42,1331.92,1425.19,1054.03,2395.15,4885.55,-2490.41,-103.98,Low Profitability
C03519,48,Male,East,Self-Employed,203000,Mass,Savings,2,Education Loan,247836,265100,189800,No,17043.22,4414.76,3123.98,2204.29,1238.42,1267.44,1041.5,909.73,26786.26,4457.09,22329.16,83.36,Profitable
C03520,48,Female,South,Salaried,768000,Mass,Salary,3,Home Loan,4438786,306200,176900,Yes,200756.33,6273.84,96503.19,2062.43,3631.97,1180.34,495.81,5557.25,305595.79,10865.36,294730.43,96.44,Highly Profitable
C03521,24,Female,West,Salaried,1037000,Affluent,Savings,1,Personal Loan,532002,838000,654700,Yes,60880.25,3795.38,6286.73,1882.75,2448.44,1003.1,1541.39,1830.98,72845.12,6823.91,66021.21,90.63,Highly Profitable
C03522,42,Male,East,Professional,1652000,Affluent,Salary,1,No Loan,0,1752200,1158200,Yes,10362.54,4103.31,0.0,1755.78,2055.07,917.69,1321.38,629.77,16221.63,4923.91,11297.72,69.65,Profitable
C03523,32,Female,South,Salaried,859000,Mass,Savings,3,Auto Loan,490083,507700,490200,Yes,38038.8,4922.91,10052.22,1219.57,2814.71,657.65,723.63,1682.24,54233.5,5878.22,48355.28,89.16,Highly Profitable
C03524,65,Male,East,Professional,702000,Mass,Savings,1,Education Loan,625371,593600,568700,Yes,43181.22,3505.73,9284.0,2489.34,2141.81,1595.51,644.22,1712.21,58460.29,6093.74,52366.55,89.58,Highly Profitable
C03525,23,Male,North,Self-Employed,581000,Mass,Savings,1,Personal Loan,145494,815600,520100,Yes,20241.13,3271.0,1257.5,1157.94,2174.05,1255.9,552.42,807.96,25927.57,4790.33,21137.25,81.52,Profitable
C03526,42,Female,South,Retired,936000,Affluent,Salary,5,Personal Loan,190662,389800,364000,No,23217.41,7250.84,2562.43,730.36,2918.69,1001.76,314.3,912.67,33761.04,5147.43,28613.61,84.75,Profitable
C03527,64,Female,North,Salaried,359000,Mass,Savings,1,No Loan,0,350500,145100,Yes,982.74,2432.12,0.0,900.56,1497.17,1777.04,1710.85,1764.79,4315.41,6749.85,-2434.44,-56.41,Low Profitability
C03528,22,Female,West,Salaried,482000,Mass,Salary,2,Personal Loan,863421,280500,159300,Yes,95753.04,5560.59,16785.2,1816.45,1763.68,1501.58,1731.53,2273.25,119915.27,7270.03,112645.24,93.94,Highly Profitable
C03529,44,Female,East,Salaried,365000,Mass,Savings,1,Personal Loan,690501,301800,95900,No,77158.93,2203.7,11218.4,822.7,952.32,1735.68,847.18,1606.0,91403.73,5141.18,86262.55,94.38,Highly Profitable
C03530,54,Female,West,Professional,525000,Mass,Salary,4,Auto Loan,251336,403900,378300,Yes,20278.95,9380.47,5051.96,1704.71,3627.15,1524.44,349.38,894.44,36416.1,6395.4,30020.7,82.44,Highly Profitable
C03531,47,Female,West,Self-Employed,470000,Mass,Savings,3,No Loan,0,578700,624400,Yes,1734.56,6332.19,0.0,1805.79,3165.26,1487.52,745.34,520.28,9872.54,5918.4,3954.14,40.05,Low Profitability
C03532,61,Male,East,Salaried,453000,Mass,Savings,1,Home Loan,2896581,641400,474800,No,131871.12,1986.34,68765.21,2271.72,1034.04,1082.45,776.0,4029.18,204894.39,6921.67,197972.72,96.62,Highly Profitable
C03533,21,Female,West,Professional,492000,Mass,Savings,3,No Loan,0,479500,432300,No,1658.39,7231.85,0.0,1203.4,2375.87,833.98,615.42,1124.51,10093.64,4949.78,5143.87,50.96,Low Profitability
C03534,28,Female,East,Professional,786000,Mass,Savings,1,No Loan,0,333900,197500,No,1043.86,1601.44,0.0,1275.14,1362.7,739.07,360.56,618.59,3920.44,3080.92,839.52,21.41,Low Profitability
C03535,43,Female,South,Professional,1407000,Affluent,Salary,3,No Loan,0,2227600,1620200,Yes,5988.0,4601.68,0.0,265.49,2683.5,2007.46,362.47,1208.75,10855.16,6262.18,4592.98,42.31,Low Profitability
C03536,58,Male,West,Salaried,820000,Mass,Savings,3,Personal Loan,636692,374900,204400,Yes,71338.01,8366.6,8096.17,521.28,3500.0,681.63,1701.76,1812.53,88322.06,7695.91,80626.15,91.29,Highly Profitable
C03537,26,Male,North,Salaried,511000,Mass,Savings,1,No Loan,0,564400,475400,No,1313.09,2026.13,0.0,705.97,1325.95,1578.34,1471.34,1026.89,4045.2,5402.52,-1357.32,-33.55,Low Profitability
C03538,42,Female,South,Professional,891000,Mass,Savings,3,Education Loan,460432,908900,417500,No,35080.14,3914.34,5226.6,2337.11,2330.14,659.85,573.1,2191.94,46558.19,5755.02,40803.16,87.64,Highly Profitable
C03539,45,Male,North,Self-Employed,744000,Mass,Savings,3,Auto Loan,337747,463500,176200,Yes,27368.58,7268.23,6915.97,1638.16,3145.77,2083.96,1341.22,2283.75,43190.93,8854.7,34336.24,79.5,Highly Profitable
C03540,38,Female,East,Salaried,768000,Mass,Savings,5,Home Loan,4301956,1322800,1341000,Yes,198769.4,6303.7,37698.33,2265.31,4847.94,672.47,290.36,6725.9,245036.74,12536.66,232500.08,94.88,Highly Profitable
C03541,37,Male,East,Salaried,691000,Mass,Savings,5,Auto Loan,601095,875100,861700,Yes,47286.21,9720.28,10465.34,849.36,4735.59,1924.23,605.36,1769.96,68321.19,9035.15,59286.04,86.78,Highly Profitable
C03542,32,Male,West,Retired,1808000,Premium,Current,3,No Loan,0,1673200,1605800,Yes,8549.66,6131.83,0.0,891.39,2502.17,2076.73,1303.16,738.37,15572.88,6620.43,8952.45,57.49,Low Profitability
C03543,26,Female,West,Salaried,739000,Mass,Savings,4,Auto Loan,372561,651600,617900,Yes,29441.82,7379.45,4927.11,1296.84,2326.13,693.1,1199.15,1895.36,43045.22,6113.74,36931.47,85.8,Highly Profitable
C03544,46,Male,East,Business Owner,514000,Mass,Savings,3,Education Loan,307447,155500,135300,No,20907.78,3184.14,3470.06,1683.1,2021.32,1985.4,1199.92,859.86,29245.09,6066.49,23178.6,79.26,Profitable
C03545,47,Male,North,Self-Employed,457000,Mass,Savings,4,No Loan,0,657200,653000,Yes,3529.8,6249.41,0.0,453.05,2881.96,507.97,798.56,516.11,10232.25,4704.6,5527.66,54.02,Low Profitability
C03546,28,Female,West,Professional,1149000,Affluent,Savings,2,Education Loan,578135,330900,141900,Yes,38863.95,6308.57,9355.9,515.47,2118.7,1629.98,715.8,2166.77,55043.9,6631.24,48412.66,87.95,Highly Profitable
C03547,39,Female,South,Business Owner,364000,Mass,Salary,3,No Loan,0,175200,173400,No,821.2,5019.86,0.0,2026.57,1504.01,1263.08,830.67,1076.67,7867.64,4674.43,3193.21,40.59,Low Profitability
C03548,62,Male,East,Self-Employed,1476000,Affluent,Salary,4,No Loan,0,622000,640700,No,1465.24,4567.71,0.0,2170.11,2147.48,2126.12,657.8,1544.65,8203.06,6476.06,1727.0,21.05,Low Profitability
C03549,21,Female,South,Salaried,244000,Mass,Savings,5,No Loan,0,64000,55000,Yes,253.06,12100.4,0.0,116.55,3788.16,1213.8,335.97,701.6,12470.01,6039.52,6430.49,51.57,Low Profitability
C03550,49,Male,North,Professional,1374000,Affluent,Savings,1,Education Loan,134308,2086900,1584900,Yes,19745.23,3749.34,2916.48,1803.13,2084.67,430.02,522.08,1141.03,28214.18,4177.8,24036.38,85.19,Profitable
C03551,65,Male,South,Salaried,1085000,Affluent,Savings,1,Home Loan,2772083,1785200,804500,Yes,128872.52,3019.82,69005.26,960.21,2303.63,539.85,273.47,4557.35,201857.81,7674.29,194183.52,96.2,Highly Profitable
C03552,69,Male,South,Professional,550000,Mass,Salary,5,Home Loan,2234766,650200,641300,Yes,102429.34,5397.87,22576.57,923.92,4983.05,910.75,474.01,3837.21,131327.71,10205.02,121122.69,92.23,Highly Profitable
C03553,55,Female,East,Business Owner,463000,Mass,Current,3,No Loan,0,740000,547800,No,3780.81,7109.21,0.0,1437.39,2546.43,1191.05,654.38,1112.54,12327.42,5504.4,6823.01,55.35,Low Profitability
C03554,60,Male,East,Self-Employed,1379000,Affluent,Salary,5,No Loan,0,1742900,1340400,Yes,6681.65,9881.9,0.0,1911.43,4723.12,2120.06,755.74,1308.86,18474.98,8907.78,9567.2,51.78,Low Profitability
C03555,34,Male,North,Salaried,1883000,Premium,Savings,4,Auto Loan,407100,2410700,1845600,No,41765.94,8389.95,8272.53,2327.2,3388.75,1220.17,1704.01,1724.33,60755.63,8037.25,52718.37,86.77,Highly Profitable
C03556,55,Male,South,Salaried,499000,Mass,Current,4,Personal Loan,776233,807200,796500,Yes,89641.65,7323.41,13015.09,125.25,3197.88,2067.03,1488.1,2200.29,110105.4,8953.3,101152.1,91.87,Highly Profitable
C03557,68,Female,East,Business Owner,963000,Affluent,Current,2,No Loan,0,290500,106400,No,750.02,4476.45,0.0,739.18,1684.47,2035.36,1017.65,1439.77,5965.65,6177.26,-211.6,-3.55,Low Profitability
C03558,65,Male,West,Salaried,1200000,Affluent,Savings,2,No Loan,0,288400,87200,Yes,1117.32,4913.23,0.0,1030.25,2860.62,620.58,1253.8,1478.81,7060.8,6213.81,846.99,12.0,Low Profitability
C03559,40,Female,West,Retired,975000,Affluent,Savings,3,No Loan,0,232500,102400,No,988.21,2640.26,0.0,287.92,2226.21,2046.64,475.99,1583.35,3916.39,6332.19,-2415.8,-61.68,Low Profitability
C03560,69,Female,East,Retired,721000,Mass,Savings,4,Personal Loan,644345,605300,404300,No,73577.55,3476.21,8996.47,185.21,2477.35,784.84,1065.77,2581.73,86235.45,6909.69,79325.76,91.99,Highly Profitable
C03561,33,Male,West,Salaried,565000,Mass,Salary,3,Home Loan,1749329,967000,627600,Yes,83932.97,5295.66,29660.09,2484.46,3564.47,1889.93,1484.77,3789.24,121373.19,10728.42,110644.77,91.16,Highly Profitable
C03562,58,Male,West,Salaried,816000,Mass,Salary,3,Personal Loan,430818,1293700,886500,Yes,52442.48,4138.26,5268.22,1650.0,2525.81,2153.04,451.63,2510.39,63498.96,7640.88,55858.09,87.97,Highly Profitable
C03563,69,Male,West,Salaried,222000,Mass,Savings,4,No Loan,0,319700,111000,No,1045.08,3494.45,0.0,744.23,2098.66,436.75,1448.64,578.82,5283.76,4562.87,720.89,13.64,Low Profitability
C03564,66,Female,North,Retired,1463000,Affluent,Savings,3,No Loan,0,1194500,1103700,No,6222.83,4325.94,0.0,1001.51,2446.61,1594.68,913.77,669.01,11550.28,5624.08,5926.2,51.31,Low Profitability
C03565,69,Male,West,Salaried,274000,Mass,Salary,5,No Loan,0,413700,209700,Yes,2311.55,8213.82,0.0,1797.19,4690.44,1109.88,521.12,1025.64,12322.56,7347.07,4975.48,40.38,Low Profitability
C03566,28,Male,West,Salaried,441000,Mass,Savings,2,Auto Loan,423598,225100,231000,Yes,32543.0,5246.91,3557.35,448.49,3126.19,1164.76,281.48,1005.21,41795.75,5577.64,36218.11,86.66,Highly Profitable
C03567,63,Male,East,Business Owner,581000,Mass,Savings,1,Personal Loan,249813,648300,624900,No,30659.58,1485.95,5916.91,1119.78,1311.62,1361.66,1729.44,1386.03,39182.23,5788.76,33393.47,85.23,Highly Profitable
C03568,40,Female,South,Salaried,404000,Mass,Savings,3,No Loan,0,557800,169500,No,1588.42,2836.97,0.0,2172.09,1967.3,2096.33,478.62,1648.66,6597.47,6190.91,406.56,6.16,Low Profitability
C03569,53,Male,South,Salaried,376000,Mass,Savings,2,No Loan,0,113800,33600,No,268.6,3660.21,0.0,751.06,1932.96,1501.04,1492.86,659.47,4679.87,5586.33,-906.46,-19.37,Low Profitability
C03570,46,Male,West,Salaried,1520000,Affluent,Salary,5,Personal Loan,508245,2420300,1899000,No,64392.87,6957.05,8666.59,514.62,3666.08,2184.47,1061.46,1663.17,80531.13,8575.18,71955.95,89.35,Highly Profitable
C03571,59,Female,South,Business Owner,1880000,Premium,Savings,1,Home Loan,1595318,2538100,801200,Yes,80997.14,3002.54,21858.07,2223.92,1575.0,2133.97,1672.99,3662.54,108081.66,9044.49,99037.17,91.63,Highly Profitable
C03572,41,Female,South,Salaried,1641000,Affluent,Current,5,No Loan,0,1690100,1244000,Yes,4150.96,14510.22,0.0,2380.06,2972.03,1926.98,1514.88,1139.34,21041.24,7553.22,13488.02,64.1,Profitable
C03573,69,Female,South,Self-Employed,1108000,Affluent,Savings,5,Personal Loan,309812,280300,88900,Yes,34754.58,9162.11,3890.11,2212.66,4895.27,1628.36,587.24,1198.71,50019.46,8309.58,41709.88,83.39,Highly Profitable
C03574,62,Male,West,Professional,2715000,Premium,Savings,1,Personal Loan,271140,3518500,2313200,No,46801.7,2061.31,3818.82,2313.61,1087.48,740.46,1784.23,2110.31,54995.44,5722.48,49272.96,89.59,Highly Profitable
C03575,63,Male,North,Self-Employed,605000,Mass,Salary,4,Home Loan,2960566,537200,325700,No,135844.46,5207.62,51642.66,1078.4,1903.55,1388.65,825.81,6125.13,193773.15,10243.15,183530.0,94.71,Highly Profitable
C03576,61,Male,South,Business Owner,574000,Mass,Savings,3,Auto Loan,644759,783800,589600,Yes,50151.82,7133.44,8252.63,1224.02,3853.35,744.24,1502.11,2494.28,66761.9,8593.98,58167.92,87.13,Highly Profitable
C03577,29,Male,South,Salaried,704000,Mass,Savings,4,No Loan,0,147800,81700,No,595.19,7844.41,0.0,1589.53,3366.78,2113.07,1776.25,1038.26,10029.13,8294.36,1734.77,17.3,Low Profitability
C03578,44,Male,South,Self-Employed,1536000,Affluent,Salary,1,Auto Loan,628612,1687100,622600,No,54297.0,1223.67,10886.16,240.85,1290.55,2121.72,689.35,2269.75,66647.68,6371.37,60276.31,90.44,Highly Profitable
C03579,57,Female,North,Salaried,966000,Affluent,Savings,5,Home Loan,1225975,857400,828100,No,58593.65,7915.43,15694.61,1736.29,2101.87,931.91,1393.49,2666.19,83939.97,7093.46,76846.52,91.55,Highly Profitable
C03580,69,Male,North,Self-Employed,1810000,Premium,Savings,3,No Loan,0,1555100,784400,Yes,9201.15,7905.35,0.0,1402.05,3266.79,391.41,476.04,693.26,18508.55,4827.5,13681.05,73.92,Profitable
C03581,61,Male,South,Salaried,726000,Mass,Current,4,Auto Loan,713405,728900,224000,Yes,56297.71,10519.46,11120.67,2349.89,3338.4,1872.78,1153.6,2300.06,80287.72,8664.85,71622.87,89.21,Highly Profitable
C03582,37,Female,West,Salaried,307000,Mass,Savings,3,Personal Loan,167799,108700,73400,No,18912.37,2561.3,3647.13,1405.88,1782.69,968.97,861.26,1586.88,26526.68,5199.81,21326.88,80.4,Profitable
C03583,44,Male,South,Salaried,483000,Mass,Savings,3,Education Loan,426203,818000,814700,No,30354.07,2407.88,8340.36,2478.43,2069.35,907.07,722.84,1796.99,43580.75,5496.26,38084.49,87.39,Highly Profitable
C03584,41,Male,East,Salaried,1230000,Affluent,Current,1,No Loan,0,1614700,789000,No,4858.75,2081.56,0.0,2426.65,1384.03,1401.91,351.33,1216.82,9366.96,4354.08,5012.87,53.52,Low Profitability
C03585,59,Male,South,Self-Employed,533000,Mass,Savings,1,Personal Loan,595925,154600,97900,No,66367.39,1571.21,12688.34,1063.65,957.93,300.91,461.64,2083.7,81690.59,3804.17,77886.42,95.34,Highly Profitable
C03586,61,Male,West,Self-Employed,738000,Mass,Current,3,Education Loan,104008,207500,122900,Yes,7945.7,6174.28,1270.37,182.68,3023.8,1012.45,1709.72,776.12,15573.03,6522.08,9050.95,58.12,Low Profitability
C03587,59,Female,West,Salaried,802000,Mass,Savings,4,No Loan,0,399100,116200,Yes,1311.84,10564.67,0.0,2038.21,3400.85,1091.1,1189.89,1361.79,13914.72,7043.63,6871.09,49.38,Low Profitability
C03588,33,Male,South,Business Owner,1892000,Premium,Current,1,Personal Loan,653108,1032200,1019900,Yes,77406.33,3302.0,13239.58,2146.22,1997.49,2144.5,444.69,2386.24,96094.14,6972.92,89121.22,92.74,Highly Profitable
C03589,31,Male,East,Self-Employed,1135000,Affluent,Savings,5,Home Loan,947420,1091900,977300,Yes,46659.67,5992.96,19130.62,1427.1,4462.81,600.94,966.75,3290.08,73210.35,9320.58,63889.77,87.27,Highly Profitable
C03590,66,Female,North,Self-Employed,1019000,Affluent,Salary,4,Home Loan,3530384,1054800,349600,Yes,163189.92,6176.66,46601.63,1858.39,2846.14,586.17,1375.47,5697.61,217826.6,10505.4,207321.2,95.18,Highly Profitable
C03591,39,Female,North,Professional,764000,Mass,Salary,2,Auto Loan,870439,298400,108100,No,66092.34,4022.64,12776.85,1244.99,1539.68,1476.79,1487.24,2910.77,84136.82,7414.48,76722.33,91.19,Highly Profitable
C03592,31,Female,West,Salaried,443000,Mass,Savings,2,Personal Loan,794778,778100,201500,No,90800.73,2219.37,16241.89,1618.84,1312.17,448.56,1375.18,2158.21,110880.83,5294.11,105586.72,95.23,Highly Profitable
C03593,33,Female,South,Salaried,800000,Mass,Salary,5,No Loan,0,1208700,1314900,Yes,7023.29,9491.01,0.0,1329.2,4496.65,1480.04,454.77,1439.75,17843.5,7871.21,9972.28,55.89,Low Profitability
C03594,66,Male,South,Self-Employed,2316000,Premium,Savings,1,Personal Loan,135786,2768200,1671300,Yes,21032.69,4099.52,2131.75,1251.64,2064.75,1074.14,1680.22,839.1,28515.6,5658.21,22857.39,80.16,Profitable
C03595,65,Male,East,Retired,928000,Affluent,Current,2,No Loan,0,564700,587800,No,1719.6,4457.29,0.0,2068.51,1425.04,304.99,995.25,661.09,8245.39,3386.37,4859.02,58.93,Low Profitability
C03596,21,Male,West,Self-Employed,517000,Mass,Salary,1,No Loan,0,854100,518500,No,4080.48,1157.47,0.0,530.73,1013.63,1137.22,1312.51,1374.29,5768.68,4837.65,931.03,16.14,Low Profitability
C03597,60,Male,South,Professional,556000,Mass,Savings,5,Personal Loan,229457,372600,126000,Yes,26385.93,12226.59,4813.1,1119.01,2633.03,1703.65,651.83,1405.71,44544.64,6394.22,38150.42,85.65,Highly Profitable
C03598,64,Female,North,Professional,1527000,Affluent,Savings,3,No Loan,0,1033400,559900,Yes,3587.84,7985.49,0.0,1718.19,3187.81,551.94,1217.77,1664.78,13291.52,6622.29,6669.23,50.18,Low Profitability
C03599,39,Female,North,Self-Employed,522000,Mass,Savings,2,No Loan,0,382300,231500,No,1208.21,4911.66,0.0,2465.45,1435.7,648.76,1043.78,536.71,8585.33,3664.96,4920.37,57.31,Low Profitability
C03600,32,Male,South,Business Owner,627000,Mass,Savings,2,No Loan,0,143600,57500,Yes,842.91,6951.95,0.0,1472.13,3151.03,745.49,518.39,1412.01,9266.99,5826.92,3440.07,37.12,Low Profitability
C03601,28,Male,West,Salaried,374000,Mass,Savings,2,Home Loan,4035234,94300,27900,No,181957.87,1814.6,57750.49,1420.47,1553.37,1040.78,1637.71,3972.53,242943.43,8204.39,234739.05,96.62,Highly Profitable
C03602,28,Male,West,Self-Employed,601000,Mass,Savings,1,Personal Loan,667499,562000,291700,Yes,74849.79,4096.05,14938.74,1319.25,1814.77,2103.41,1219.4,1948.69,95203.83,7086.28,88117.55,92.56,Highly Profitable
C03603,65,Female,South,Self-Employed,908000,Affluent,Savings,4,Personal Loan,514159,1457200,1032300,No,60184.68,6191.74,9564.74,224.54,3250.08,434.05,734.73,1970.53,76165.7,6389.39,69776.31,91.61,Highly Profitable
C03604,32,Female,North,Business Owner,595000,Mass,Current,3,No Loan,0,1014400,473800,No,3288.06,3824.42,0.0,1662.1,2672.77,1861.18,1172.75,1174.65,8774.58,6881.35,1893.22,21.58,Low Profitability
C03605,68,Female,West,Salaried,710000,Mass,Savings,3,No Loan,0,1015300,1081200,Yes,3659.08,5462.02,0.0,2413.26,2898.15,1821.39,1589.52,873.03,11534.37,7182.09,4352.27,37.73,Low Profitability
C03606,53,Female,North,Salaried,371000,Mass,Savings,2,No Loan,0,303200,199900,Yes,956.74,6123.57,0.0,1834.01,2026.84,1184.81,1087.43,1012.39,8914.31,5311.47,3602.84,40.42,Low Profitability
C03607,65,Female,North,Professional,515000,Mass,Savings,3,No Loan,0,341100,123000,Yes,1433.36,8452.07,0.0,866.98,3738.55,558.47,869.63,1179.33,10752.42,6345.98,4406.44,40.98,Low Profitability
C03608,46,Female,East,Business Owner,2261000,Premium,Current,2,Home Loan,2547469,1143900,688000,Yes,120912.9,3666.93,31512.06,1676.64,2023.0,1463.09,1234.81,4690.52,157768.53,9411.42,148357.11,94.03,Highly Profitable
C03609,59,Female,West,Retired,650000,Mass,Salary,4,No Loan,0,675000,574800,Yes,3478.07,6437.52,0.0,1309.4,3401.04,1674.34,744.07,617.62,11224.98,6437.07,4787.92,42.65,Low Profitability
C03610,48,Male,South,Self-Employed,855000,Mass,Savings,4,Personal Loan,812397,808900,537200,No,92854.84,9442.18,12587.11,1699.85,1964.09,594.97,1081.75,2766.83,116583.98,6407.65,110176.33,94.5,Highly Profitable
C03611,25,Male,West,Salaried,450000,Mass,Salary,1,Personal Loan,397427,414200,220200,Yes,45745.31,2596.98,7475.62,2494.02,2202.6,1628.0,884.2,2582.13,58311.92,7296.92,51015.01,87.49,Highly Profitable
C03612,28,Male,West,Salaried,720000,Mass,Salary,1,No Loan,0,483700,164600,No,2249.06,2000.7,0.0,1563.34,1340.84,2049.01,559.64,989.44,5813.09,4938.93,874.17,15.04,Low Profitability
C03613,45,Male,West,Professional,603000,Mass,Salary,4,No Loan,0,669400,428800,No,1515.42,5563.09,0.0,146.21,1947.74,660.04,478.27,1538.4,7224.72,4624.46,2600.26,35.99,Low Profitability
C03614,47,Female,East,Salaried,1282000,Affluent,Savings,1,Home Loan,2364138,1478300,491900,No,113095.91,1210.22,42767.31,708.61,1198.18,538.78,976.2,4034.02,157782.05,6747.17,151034.87,95.72,Highly Profitable
C03615,66,Male,West,Retired,1249000,Affluent,Savings,3,Personal Loan,553210,1991000,1125400,No,71780.26,4671.95,12964.65,1116.2,1766.07,1567.06,555.08,1707.8,90533.06,5596.01,84937.05,93.82,Highly Profitable
C03616,43,Female,South,Salaried,1324000,Affluent,Savings,3,Auto Loan,786115,1862000,649400,No,68864.72,4137.85,9544.15,267.44,2144.6,1214.12,1165.31,2453.57,82814.16,6977.61,75836.55,91.57,Highly Profitable
C03617,50,Male,North,Professional,732000,Mass,Savings,2,No Loan,0,508200,419100,Yes,1971.92,6158.86,0.0,1210.58,3228.46,1922.48,1661.88,1354.8,9341.37,8167.61,1173.76,12.57,Low Profitability
C03618,65,Male,East,Professional,2150000,Premium,Current,3,Auto Loan,729453,1668900,1513200,Yes,60222.34,4841.34,6089.74,1184.61,2910.09,1280.25,931.6,1431.53,72338.03,6553.46,65784.57,90.94,Highly Profitable
C03619,67,Female,South,Professional,1089000,Affluent,Savings,3,No Loan,0,593700,271300,Yes,2084.66,9097.3,0.0,2205.14,2713.06,1859.72,1600.49,1066.86,13387.09,7240.13,6146.97,45.92,Low Profitability
C03620,43,Male,South,Salaried,319000,Mass,Current,3,No Loan,0,137800,43200,No,587.47,7022.92,0.0,792.69,1793.52,1050.71,1695.45,793.05,8403.08,5332.74,3070.34,36.54,Low Profitability
C03621,69,Male,East,Self-Employed,1635000,Affluent,Savings,2,No Loan,0,539000,293700,Yes,1961.13,5412.62,0.0,1078.8,2575.03,672.63,1158.42,1366.76,8452.55,5772.85,2679.7,31.7,Low Profitability
C03622,67,Male,South,Salaried,698000,Mass,Savings,4,No Loan,0,144000,104600,No,488.72,5528.5,0.0,666.61,1847.02,1013.39,1134.8,1103.9,6683.83,5099.11,1584.72,23.71,Low Profitability
C03623,40,Female,South,Salaried,1309000,Affluent,Salary,1,Home Loan,4467978,1098500,991700,No,203777.2,2030.2,37954.79,2019.24,966.93,983.13,1324.81,9457.52,245781.43,12732.39,233049.04,94.82,Highly Profitable
C03624,38,Male,West,Salaried,392000,Mass,Salary,2,No Loan,0,679200,402400,No,1646.83,3234.26,0.0,1998.85,1336.3,869.04,423.64,1223.48,6879.94,3852.45,3027.49,44.0,Low Profitability
C03625,38,Female,West,Professional,673000,Mass,Current,2,Personal Loan,120275,698400,391800,Yes,14709.11,3764.57,1720.25,2367.45,2888.07,744.97,1175.56,1904.85,22561.38,6713.45,15847.93,70.24,Profitable
C03626,22,Female,South,Salaried,1057000,Affluent,Savings,4,No Loan,0,1452900,1485000,No,8681.9,5461.16,0.0,2096.21,2548.48,1034.5,1093.8,1039.73,16239.27,5716.51,10522.76,64.8,Profitable
C03627,24,Female,North,Retired,801000,Mass,Salary,2,No Loan,0,645800,408300,Yes,2228.42,2523.16,0.0,2035.78,1960.75,2146.1,563.49,1755.78,6787.36,6426.12,361.24,5.32,Low Profitability
C03628,50,Female,North,Salaried,645000,Mass,Savings,4,Auto Loan,334712,505900,318800,No,26262.24,6155.83,4584.28,666.62,2883.64,1234.18,1326.88,1735.98,37668.97,7180.68,30488.29,80.94,Highly Profitable
C03629,53,Male,North,Salaried,181000,Mass,Current,3,Personal Loan,339156,64500,38600,Yes,37582.61,5449.74,3008.15,1740.47,2133.56,563.76,1482.92,1752.07,47780.97,5932.3,41848.67,87.58,Highly Profitable
C03630,56,Male,North,Salaried,466000,Mass,Savings,4,Personal Loan,912884,300500,167900,No,101829.65,3332.49,22236.72,200.52,2953.81,746.82,560.81,1676.16,127599.37,5937.6,121661.77,95.35,Highly Profitable
C03631,38,Female,South,Professional,409000,Mass,Current,3,No Loan,0,688100,598100,Yes,3249.97,4939.79,0.0,153.18,2422.46,970.64,247.6,1553.12,8342.94,5193.82,3149.13,37.75,Low Profitability
C03632,57,Male,West,Salaried,251000,Mass,Salary,3,No Loan,0,240700,117800,No,1414.75,3597.31,0.0,829.43,2606.6,657.99,1034.15,1374.31,5841.49,5673.05,168.44,2.88,Low Profitability
C03633,39,Male,East,Professional,474000,Mass,Salary,4,Personal Loan,236153,230900,132100,Yes,26635.58,6659.45,3958.45,2186.13,4020.59,1709.34,477.78,1083.05,39439.61,7290.76,32148.85,81.51,Highly Profitable
C03634,67,Male,East,Self-Employed,1946000,Premium,Current,3,Auto Loan,888860,2423100,1187200,Yes,80182.78,8240.89,9458.6,761.04,3103.38,1802.25,249.75,2150.57,98643.31,7305.94,91337.36,92.59,Highly Profitable
C03635,48,Female,East,Retired,1323000,Affluent,Salary,4,No Loan,0,1083500,796100,No,6094.41,9317.62,0.0,2329.58,2032.58,1824.91,868.09,1716.41,17741.61,6441.99,11299.62,63.69,Profitable
C03636,60,Male,North,Salaried,442000,Mass,Savings,1,Home Loan,3093350,669700,714100,No,141766.4,854.43,51893.63,629.23,1016.77,2039.95,1096.17,4429.06,195143.7,8581.94,186561.75,95.6,Highly Profitable
C03637,40,Male,North,Self-Employed,506000,Mass,Current,3,Auto Loan,420322,153400,89200,Yes,32415.59,4258.94,6733.02,213.77,3356.75,1931.62,1404.02,1520.28,43621.31,8212.66,35408.65,81.17,Highly Profitable
C03638,69,Female,East,Business Owner,507000,Mass,Savings,4,Education Loan,108975,512600,550000,No,8522.26,6207.35,2407.33,1525.44,3357.99,1403.42,783.23,1170.97,18662.38,6715.62,11946.76,64.02,Profitable
C03639,53,Female,East,Professional,1061000,Affluent,Savings,4,Education Loan,595291,1561800,1262200,Yes,43938.48,5610.94,6067.67,2061.71,3888.21,1248.73,540.91,1681.78,57678.81,7359.63,50319.19,87.24,Highly Profitable
C03640,32,Male,South,Self-Employed,875000,Mass,Salary,4,Home Loan,2982792,1363900,1263100,Yes,141096.42,8268.69,37266.24,1468.15,4120.34,1821.22,724.71,5360.75,188099.5,12027.02,176072.47,93.61,Highly Profitable
C03641,35,Male,North,Professional,473000,Mass,Salary,3,No Loan,0,380300,202700,Yes,2198.29,8531.04,0.0,1312.66,2600.52,2134.46,1001.16,1284.76,12042.0,7020.89,5021.11,41.7,Low Profitability
C03642,61,Female,North,Salaried,504000,Mass,Savings,5,Auto Loan,677777,691800,304900,No,52432.45,8838.89,12496.43,1153.46,2352.02,358.01,1274.26,2009.68,74921.23,5993.97,68927.27,92.0,Highly Profitable
C03643,59,Female,South,Business Owner,1269000,Affluent,Savings,2,Auto Loan,631296,2212400,1637800,Yes,57725.36,4077.93,6757.06,1818.33,2297.76,984.63,1217.81,2699.98,70378.69,7200.17,63178.52,89.77,Highly Profitable
C03644,22,Female,West,Salaried,1619000,Affluent,Savings,1,Personal Loan,469492,1904200,2079700,No,62636.45,1625.93,5437.39,2417.58,1140.25,1569.23,1046.37,2093.19,72117.35,5849.03,66268.32,91.89,Highly Profitable
C03645,49,Male,South,Salaried,427000,Mass,Salary,1,No Loan,0,635900,542800,Yes,1533.66,2805.17,0.0,854.0,1804.46,979.17,608.76,667.27,5192.83,4059.65,1133.18,21.82,Low Profitability
C03646,61,Male,South,Salaried,656000,Mass,Savings,5,Personal Loan,243790,719400,596700,No,28782.5,5785.05,5364.2,922.66,2101.62,1749.39,1099.51,1602.82,40854.42,6553.35,34301.07,83.96,Highly Profitable
C03647,30,Female,South,Professional,751000,Mass,Savings,2,No Loan,0,1091800,690700,No,5141.41,2322.11,0.0,260.55,1767.69,1804.42,1301.94,848.78,7724.07,5722.83,2001.24,25.91,Low Profitability
C03648,22,Female,North,Retired,631000,Mass,Savings,4,Personal Loan,564132,1074100,1071500,Yes,66918.65,10451.26,13638.23,496.55,4272.06,1597.45,1631.25,2230.32,91504.69,9731.08,81773.61,89.37,Highly Profitable
C03649,31,Male,North,Salaried,1303000,Affluent,Savings,1,Home Loan,3377941,1725100,1453300,No,157516.86,1128.86,60426.13,1362.56,1053.35,600.98,204.46,4767.88,220434.41,6626.67,213807.73,96.99,Highly Profitable
C03650,33,Male,East,Professional,644000,Mass,Current,2,Home Loan,4460124,260700,214700,No,202203.62,4697.97,71411.04,857.01,1812.83,2071.72,1133.54,7579.04,279169.63,12597.13,266572.5,95.49,Highly Profitable
C03651,30,Female,South,Self-Employed,1999000,Premium,Salary,3,Home Loan,3802934,570100,284300,No,173153.87,4691.7,53412.3,2067.34,1914.14,923.47,1194.65,5418.74,233325.21,9451.01,223874.2,95.95,Highly Profitable
C03652,34,Male,South,Business Owner,1355000,Affluent,Savings,3,Personal Loan,342942,2018900,2148300,Yes,44518.15,7488.05,4934.48,1593.18,2857.92,2157.31,540.89,1833.99,58533.86,7390.12,51143.74,87.37,Highly Profitable
C03653,38,Male,South,Salaried,480000,Mass,Savings,2,Personal Loan,394482,276600,128000,No,44876.98,3677.31,6472.67,1855.14,1663.48,968.77,1095.22,2124.24,56882.1,5851.71,51030.39,89.71,Highly Profitable
C03654,29,Male,South,Self-Employed,726000,Mass,Salary,3,Education Loan,575227,1157400,804500,No,42304.83,3961.86,6660.97,1160.05,1859.45,605.47,1389.77,2239.04,54087.71,6093.72,47993.99,88.73,Highly Profitable
C03655,59,Male,South,Salaried,409000,Mass,Salary,1,Home Loan,3798641,193700,104300,Yes,171668.74,4388.11,38879.59,339.05,2295.15,847.85,1530.73,2651.71,215275.5,7325.44,207950.06,96.6,Highly Profitable
C03656,48,Male,North,Salaried,564000,Mass,Savings,3,Home Loan,4655095,932400,376400,No,213375.78,5502.44,81637.12,1449.66,1508.91,1847.58,1253.84,7474.52,301964.99,12084.85,289880.14,96.0,Highly Profitable
C03657,23,Female,North,Self-Employed,1130000,Affluent,Savings,1,Home Loan,1804744,1670800,622300,No,89346.46,2329.15,28341.26,722.04,1280.04,885.51,1760.26,2179.41,120738.92,6105.21,114633.71,94.94,Highly Profitable
C03658,40,Male,North,Professional,801000,Mass,Salary,3,Home Loan,1178617,1284900,641100,No,56036.18,4988.25,22993.27,1353.57,1559.64,1436.11,1533.16,2684.71,85371.28,7213.62,78157.66,91.55,Highly Profitable
C03659,26,Male,West,Self-Employed,2237000,Premium,Current,1,Auto Loan,325687,1194500,998200,Yes,28409.72,3051.7,5333.29,367.78,1831.27,1622.15,831.2,1565.63,37162.48,5850.26,31312.22,84.26,Highly Profitable
C03660,47,Male,West,Retired,357000,Mass,Salary,3,No Loan,0,571100,616000,No,3107.96,2558.85,0.0,1970.1,2093.82,878.34,1592.76,558.55,7636.91,5123.48,2513.43,32.91,Low Profitability
C03661,22,Male,West,Professional,687000,Mass,Savings,1,Personal Loan,817606,769100,750100,Yes,93728.37,2994.01,11316.02,1058.53,1458.45,1561.21,539.62,1939.34,109096.93,5498.62,103598.32,94.96,Highly Profitable
C03662,49,Male,East,Salaried,530000,Mass,Current,2,No Loan,0,153000,66600,Yes,351.12,5502.66,0.0,1696.4,2204.78,593.49,1328.61,1542.34,7550.18,5669.22,1880.97,24.91,Low Profitability
C03663,58,Male,West,Salaried,588000,Mass,Current,2,Home Loan,4533715,991500,314000,No,207825.63,2505.92,57752.04,1281.76,2059.88,1497.57,468.18,6681.87,269365.35,10707.5,258657.84,96.02,Highly Profitable
C03664,23,Female,West,Business Owner,716000,Mass,Salary,4,Auto Loan,447333,337300,281200,Yes,34640.07,8235.15,9797.01,1220.24,3024.55,1544.22,1754.91,1665.76,53892.46,7989.45,45903.01,85.18,Highly Profitable
C03665,36,Male,West,Retired,482000,Mass,Salary,3,No Loan,0,242100,66700,No,1252.06,3427.86,0.0,1016.52,2266.92,362.15,1225.41,1012.55,5696.44,4867.03,829.41,14.56,Low Profitability
C03666,50,Male,South,Retired,1186000,Affluent,Savings,5,No Loan,0,1555600,1524900,No,4006.06,10375.47,0.0,1258.71,3017.46,858.79,1392.17,741.3,15640.24,6009.72,9630.52,61.58,Low Profitability
C03667,60,Male,West,Professional,1834000,Premium,Current,5,Personal Loan,870480,2039500,1941000,Yes,101013.87,10930.74,12671.83,1570.49,4222.14,311.54,1187.51,3292.87,126186.93,9014.07,117172.86,92.86,Highly Profitable
C03668,22,Male,North,Self-Employed,194000,Mass,Savings,3,Education Loan,398664,318100,294100,No,27492.97,7002.75,7270.39,637.87,1684.08,1805.64,901.49,962.66,42403.98,5353.87,37050.12,87.37,Highly Profitable
C03669,37,Female,West,Professional,1506000,Affluent,Salary,4,No Loan,0,988700,711400,No,5881.36,5614.47,0.0,1814.69,2772.11,1148.56,758.11,1100.9,13310.53,5779.67,7530.85,56.58,Low Profitability
C03670,61,Male,South,Salaried,2794000,Premium,Salary,3,Personal Loan,319458,611400,658800,Yes,37316.98,9318.54,6234.76,1265.49,3498.68,1110.93,648.87,1151.1,54135.76,6409.58,47726.18,88.16,Highly Profitable
C03671,32,Female,East,Salaried,777000,Mass,Salary,3,No Loan,0,1392200,890500,Yes,7593.04,9106.56,0.0,1580.27,1928.88,1168.08,1465.18,1366.77,18279.87,5928.92,12350.96,67.57,Profitable
C03672,55,Male,East,Business Owner,500000,Mass,Savings,3,Education Loan,590396,333000,362500,Yes,39572.01,5920.3,8915.96,1234.24,3629.11,1068.15,569.52,2506.61,55642.52,7773.38,47869.14,86.03,Highly Profitable
C03673,63,Female,North,Professional,511000,Mass,Savings,2,Personal Loan,695037,213200,213100,Yes,77440.57,6934.37,16321.1,492.88,2163.35,612.82,1568.32,2062.4,101188.92,6406.89,94782.02,93.67,Highly Profitable
C03674,21,Male,South,Retired,591000,Mass,Savings,2,Personal Loan,795135,1048600,374900,No,91603.57,3044.4,7856.39,886.65,1372.53,1557.75,1409.9,2530.65,103391.01,6870.83,96520.18,93.35,Highly Profitable
C03675,65,Female,North,Salaried,887000,Mass,Savings,3,No Loan,0,956900,967100,Yes,4758.63,7356.99,0.0,917.44,2992.97,2042.93,852.45,643.87,13033.06,6532.22,6500.83,49.88,Low Profitability
C03676,35,Male,North,Professional,553000,Mass,Savings,3,Home Loan,4286810,218800,111400,No,193394.12,4236.36,106486.23,1072.44,1855.07,2174.72,1226.64,5713.77,305189.15,10970.2,294218.95,96.41,Highly Profitable
C03677,46,Male,North,Professional,670000,Mass,Salary,2,No Loan,0,1024500,925100,No,4300.87,2468.08,0.0,865.7,2086.65,1814.04,1494.73,1643.0,7634.65,7038.43,596.22,7.81,Low Profitability
C03678,57,Female,West,Business Owner,414000,Mass,Savings,1,Personal Loan,719063,707900,177100,No,83339.7,2053.94,11359.42,1719.35,1071.87,1038.58,226.79,1636.73,98472.41,3973.98,94498.43,95.96,Highly Profitable
C03679,41,Female,South,Salaried,544000,Mass,Savings,3,Personal Loan,655267,872600,422700,Yes,76447.91,9593.83,6578.99,2486.11,3535.04,1369.19,633.3,2826.09,95106.84,8363.62,86743.22,91.21,Highly Profitable
C03680,69,Male,West,Business Owner,558000,Mass,Salary,5,Personal Loan,180603,266600,238500,Yes,20645.05,11280.9,3421.86,1794.94,3994.62,324.13,1752.92,1739.5,37142.75,7811.17,29331.58,78.97,Profitable
C03681,51,Male,North,Self-Employed,686000,Mass,Salary,2,Auto Loan,481575,162500,174900,No,36641.82,4919.86,10202.31,2401.36,1555.37,976.4,850.0,2637.43,54165.36,6019.2,48146.17,88.89,Highly Profitable
C03682,45,Male,North,Business Owner,314000,Mass,Savings,3,No Loan,0,239500,94700,No,1139.23,7094.72,0.0,1871.9,2159.78,1575.52,1314.97,1134.57,10105.85,6184.84,3921.01,38.8,Low Profitability
C03683,43,Female,North,Business Owner,584000,Mass,Savings,5,No Loan,0,429500,275100,Yes,1114.82,8478.52,0.0,1507.94,3417.08,1999.54,491.76,862.52,11101.28,6770.9,4330.38,39.01,Low Profitability
C03684,44,Male,South,Professional,622000,Mass,Savings,2,Auto Loan,217999,509900,382000,No,17384.18,3317.09,3636.44,1793.59,1615.48,509.97,791.8,858.45,26131.3,3775.7,22355.61,85.55,Profitable
C03685,58,Male,South,Salaried,775000,Mass,Savings,4,Home Loan,4347413,1137900,1205800,Yes,201427.09,5034.46,46062.26,2060.16,2903.06,474.25,1484.79,5521.59,254583.97,10383.69,244200.28,95.92,Highly Profitable
C03686,48,Female,South,Salaried,1511000,Affluent,Salary,4,No Loan,0,250700,159300,Yes,1102.56,7294.04,0.0,2100.78,4044.24,593.19,947.8,1675.44,10497.38,7260.67,3236.71,30.83,Low Profitability
C03687,41,Female,North,Self-Employed,662000,Mass,Current,2,No Loan,0,836400,872800,Yes,3924.05,4919.45,0.0,407.75,2801.82,574.79,1638.68,1233.74,9251.24,6249.03,3002.21,32.45,Low Profitability
C03688,63,Female,West,Salaried,358000,Mass,Current,1,Home Loan,2489142,635600,687400,Yes,113338.75,3984.99,25443.62,1601.18,1943.13,1790.58,227.16,3280.78,144368.54,7241.66,137126.88,94.98,Highly Profitable
C03689,38,Female,North,Retired,753000,Mass,Salary,1,No Loan,0,608900,639600,No,2140.05,2454.85,0.0,483.9,1303.77,1652.14,1076.86,956.46,5078.8,4989.24,89.56,1.76,Low Profitability
C03690,56,Female,East,Salaried,474000,Mass,Salary,2,Education Loan,527788,450500,399300,Yes,36165.45,3851.16,9595.32,1852.07,2331.06,2018.53,1486.73,1550.47,51464.0,7386.79,44077.21,85.65,Highly Profitable
C03691,55,Male,East,Self-Employed,467000,Mass,Salary,5,Personal Loan,235109,553900,197900,No,28515.9,8315.8,4170.05,113.27,3334.62,858.54,850.6,2072.46,41115.02,7116.22,33998.8,82.69,Highly Profitable
C03692,65,Male,South,Professional,595000,Mass,Salary,2,Auto Loan,459770,369600,281700,Yes,36470.57,5068.95,4925.95,1639.06,2675.1,1591.23,639.98,2061.47,48104.53,6967.78,41136.75,85.52,Highly Profitable
C03693,29,Female,West,Salaried,526000,Mass,Savings,5,Auto Loan,852558,702500,625600,No,66152.03,5264.99,20122.83,217.47,3390.17,992.68,599.3,1668.84,91757.33,6650.98,85106.35,92.75,Highly Profitable
C03694,58,Male,West,Professional,390000,Mass,Savings,2,Personal Loan,270784,189100,200800,No,30850.48,4310.03,6191.75,2262.61,1518.57,561.25,789.42,925.11,43614.87,3794.35,39820.52,91.3,Highly Profitable
C03695,50,Female,North,Self-Employed,536000,Mass,Savings,5,Personal Loan,143654,137700,125500,No,16447.56,10954.22,1806.33,1885.89,2380.55,1793.47,1386.58,1419.58,31093.99,6980.19,24113.81,77.55,Profitable
C03696,64,Male,East,Salaried,899000,Mass,Current,2,Personal Loan,634454,1323500,937200,No,74546.76,4651.12,10513.49,2309.95,1853.37,1487.78,485.47,1911.94,92021.32,5738.56,86282.76,93.76,Highly Profitable
C03697,54,Male,South,Retired,716000,Mass,Current,3,Auto Loan,226994,315900,134100,No,18492.67,7178.9,3770.79,1264.13,1960.55,1636.09,1140.34,896.28,30706.48,5633.27,25073.22,81.65,Profitable
C03698,52,Female,East,Salaried,405000,Mass,Savings,1,Home Loan,2798599,549600,350900,No,128489.52,2070.64,30963.01,106.74,1279.32,609.57,235.33,7125.54,161629.9,9249.76,152380.13,94.28,Highly Profitable
C03699,23,Female,South,Self-Employed,436000,Mass,Salary,2,No Loan,0,692200,548600,Yes,1975.87,6181.55,0.0,2342.52,2996.44,1525.65,360.98,1717.46,10499.93,6600.53,3899.4,37.14,Low Profitability
C03700,23,Male,West,Salaried,749000,Mass,Savings,2,Personal Loan,665624,168900,88800,No,73560.61,1848.17,12541.37,744.46,2093.94,887.69,540.64,2407.43,88694.61,5929.7,82764.91,93.31,Highly Profitable
C03701,48,Female,West,Salaried,407000,Mass,Salary,1,Personal Loan,883377,535600,341700,Yes,98505.35,3204.62,14583.72,902.9,2233.09,777.95,1058.1,1657.85,117196.59,5726.99,111469.61,95.11,Highly Profitable
C03702,64,Female,West,Professional,427000,Mass,Savings,1,No Loan,0,519400,137500,Yes,3022.8,3380.78,0.0,1428.11,2133.27,1534.44,1428.93,1023.15,7831.69,6119.78,1711.9,21.86,Low Profitability
C03703,35,Male,North,Professional,511000,Mass,Savings,3,No Loan,0,602700,601000,Yes,3274.63,7737.28,0.0,620.89,3282.95,346.2,412.32,600.4,11632.8,4641.87,6990.92,60.1,Low Profitability
C03704,61,Male,West,Salaried,410000,Mass,Savings,2,No Loan,0,261300,73000,No,702.77,2649.06,0.0,2403.64,2044.73,2018.09,1124.39,1542.42,5755.48,6729.64,-974.16,-16.93,Low Profitability
C03705,43,Female,South,Business Owner,740000,Mass,Savings,3,Auto Loan,876699,166700,99700,Yes,66525.57,6116.83,20737.95,411.18,2753.98,608.87,1350.78,2662.49,93791.54,7376.13,86415.42,92.14,Highly Profitable
C03706,60,Female,South,Professional,591000,Mass,Savings,3,No Loan,0,184700,126400,No,1046.27,4561.29,0.0,901.68,2347.52,1096.6,1556.05,1011.38,6509.23,6011.55,497.69,7.65,Low Profitability
C03707,31,Male,West,Professional,1515000,Affluent,Current,4,No Loan,0,909500,979100,Yes,5151.62,10425.01,0.0,2408.48,3531.33,1333.33,583.97,1448.86,17985.12,6897.48,11087.64,61.65,Profitable
C03708,68,Female,West,Self-Employed,369000,Mass,Savings,4,Home Loan,1762488,302700,316300,Yes,80600.76,8483.04,27550.31,2479.29,4645.06,1886.26,420.71,3572.35,119113.4,10524.39,108589.01,91.16,Highly Profitable
C03709,52,Female,West,Professional,1318000,Affluent,Salary,4,Auto Loan,524850,2194300,1754100,Yes,50102.65,7810.96,13040.0,1639.74,3722.02,724.07,1187.95,1827.95,72593.35,7461.99,65131.36,89.72,Highly Profitable
C03710,56,Male,South,Self-Employed,798000,Mass,Savings,2,No Loan,0,1020400,761700,No,3649.21,2045.5,0.0,1983.13,1430.93,2053.48,786.7,1567.45,7677.84,5838.55,1839.28,23.96,Low Profitability
C03711,53,Female,North,Business Owner,1589000,Affluent,Savings,2,Personal Loan,220891,306800,172300,No,25000.12,2155.21,3501.68,1484.55,1744.93,863.38,1194.17,1908.58,32141.56,5711.07,26430.5,82.23,Profitable
C03712,44,Male,West,Retired,1475000,Affluent,Salary,3,No Loan,0,2459600,700800,No,10121.29,6079.67,0.0,1214.19,2035.96,1322.0,593.37,1108.82,17415.15,5060.14,12355.01,70.94,Profitable
C03713,59,Male,East,Salaried,553000,Mass,Savings,3,No Loan,0,740200,353500,Yes,2422.41,3827.75,0.0,929.34,2403.0,621.33,574.18,1357.06,7179.5,4955.57,2223.93,30.98,Low Profitability
C03714,54,Female,North,Salaried,323000,Mass,Savings,2,No Loan,0,311000,301800,No,1128.27,3090.96,0.0,664.71,1601.64,1482.51,1421.16,1267.58,4883.94,5772.89,-888.95,-18.2,Low Profitability
C03715,48,Female,North,Salaried,645000,Mass,Savings,3,Home Loan,4842872,589500,472200,No,219518.19,6122.6,92477.57,738.52,2387.53,597.77,650.86,6707.82,318856.88,10343.98,308512.9,96.76,Highly Profitable
C03716,57,Female,South,Salaried,236000,Mass,Savings,1,Home Loan,3805811,398800,375800,Yes,173231.73,2503.62,45611.87,1269.24,1821.8,459.89,1725.19,5387.73,222616.46,9394.61,213221.86,95.78,Highly Profitable
C03717,27,Male,South,Salaried,1006000,Affluent,Savings,2,No Loan,0,1063900,1022900,No,6163.22,3812.27,0.0,2363.87,1714.33,1234.13,1379.84,723.32,12339.36,5051.63,7287.73,59.06,Low Profitability
C03718,24,Male,South,Professional,761000,Mass,Savings,4,No Loan,0,745500,225800,Yes,3580.62,10245.02,0.0,2188.06,4040.44,1625.42,1714.46,1343.9,16013.69,8724.22,7289.48,45.52,Low Profitability
C03719,57,Male,North,Self-Employed,504000,Mass,Savings,2,No Loan,0,719800,386200,Yes,2856.98,6181.29,0.0,885.65,2208.01,654.67,1227.91,1622.2,9923.92,5712.78,4211.14,42.43,Low Profitability
C03720,21,Male,North,Salaried,547000,Mass,Savings,1,Auto Loan,626197,617400,509100,Yes,49235.18,1711.48,10565.03,2385.01,1582.59,403.99,1452.2,2676.51,63896.7,6115.29,57781.41,90.43,Highly Profitable
C03721,21,Male,South,Salaried,399000,Mass,Salary,2,Home Loan,4219783,223700,218100,No,190830.66,3994.46,80957.59,478.16,1822.94,380.73,818.34,8697.68,276260.86,11719.7,264541.16,95.76,Highly Profitable
C03722,67,Male,North,Salaried,688000,Mass,Savings,2,Home Loan,4813392,1237100,1152000,No,222299.65,3499.82,61183.13,1403.56,1374.76,302.78,1787.57,6757.65,288386.17,10222.77,278163.39,96.46,Highly Profitable
C03723,40,Male,South,Self-Employed,406000,Mass,Salary,2,Personal Loan,197385,249000,151600,No,22336.57,3160.79,3141.43,1754.75,1844.34,744.09,629.34,1368.7,30393.54,4586.46,25807.08,84.91,Profitable
C03724,39,Female,East,Business Owner,686000,Mass,Savings,2,Personal Loan,935076,876100,913100,Yes,107381.33,5044.22,20424.82,2360.36,2663.23,1946.38,336.08,2055.17,135210.73,7000.87,128209.86,94.82,Highly Profitable
C03725,49,Male,East,Salaried,850000,Mass,Salary,1,No Loan,0,814400,411800,No,1646.4,2283.83,0.0,664.85,1191.6,1159.0,1596.22,1661.61,4595.08,5608.43,-1013.35,-22.05,Low Profitability
C03726,30,Female,West,Retired,1001000,Affluent,Salary,1,No Loan,0,351400,200100,Yes,1890.65,2806.39,0.0,839.18,2178.12,2054.05,1089.18,766.12,5536.22,6087.46,-551.25,-9.96,Low Profitability
C03727,38,Male,West,Self-Employed,894000,Mass,Savings,2,No Loan,0,1548700,626000,Yes,6209.06,5995.87,0.0,380.74,2218.38,773.85,856.1,1324.75,12585.67,5173.08,7412.59,58.9,Low Profitability
C03728,48,Male,West,Retired,594000,Mass,Salary,2,Education Loan,108670,418100,185200,No,8626.57,1860.22,2174.77,906.93,2032.21,2168.4,708.06,1633.77,13568.49,6542.44,7026.05,51.78,Low Profitability
C03729,55,Male,South,Salaried,894000,Mass,Savings,2,Auto Loan,554735,1103300,284000,No,44345.28,3462.63,7100.83,2110.38,1672.56,1867.23,1732.57,2288.16,57019.13,7560.52,49458.61,86.74,Highly Profitable
C03730,63,Male,North,Professional,754000,Mass,Savings,4,Home Loan,4049309,1030900,528000,No,186689.74,4287.8,34060.46,1098.29,3333.91,1789.3,1669.08,3763.0,226136.3,10555.29,215581.01,95.33,Highly Profitable
C03731,67,Female,West,Business Owner,751000,Mass,Savings,3,No Loan,0,601800,307300,Yes,1417.87,5398.81,0.0,2473.03,3185.39,1431.61,1587.22,850.49,9289.71,7054.72,2234.99,24.06,Low Profitability
C03732,51,Male,West,Professional,398000,Mass,Salary,3,No Loan,0,230900,70900,No,1261.6,4860.32,0.0,1051.95,1823.94,672.23,1223.94,518.95,7173.88,4239.06,2934.81,40.91,Low Profitability
C03733,47,Female,West,Business Owner,352000,Mass,Salary,3,No Loan,0,87000,46900,Yes,279.19,6837.16,0.0,1822.54,3103.6,2108.17,571.86,1486.29,8938.89,7269.91,1668.98,18.67,Low Profitability
C03734,31,Female,West,Retired,807000,Mass,Savings,2,Personal Loan,830595,1388100,702600,No,95099.68,2310.59,9790.31,1059.31,1791.78,1839.69,1579.86,1639.92,108259.89,6851.25,101408.64,93.67,Highly Profitable
C03735,69,Female,West,Business Owner,915000,Affluent,Savings,5,Personal Loan,781900,1016000,944100,Yes,89061.8,8834.59,16584.73,672.04,3626.74,1881.55,1653.19,2256.67,115153.16,9418.15,105735.01,91.82,Highly Profitable
C03736,69,Male,South,Professional,497000,Mass,Savings,1,Education Loan,182459,662000,253400,Yes,14595.64,2182.11,1890.47,527.72,1769.23,1983.65,723.71,1060.33,19195.93,5536.92,13659.01,71.16,Profitable
C03737,58,Female,West,Professional,1335000,Affluent,Savings,2,Home Loan,4405018,1233000,1068200,No,203453.52,4172.0,99261.75,516.95,1427.02,789.9,1215.22,5156.63,307404.22,8588.77,298815.45,97.21,Highly Profitable
C03738,25,Male,West,Business Owner,2365000,Premium,Savings,2,No Loan,0,1264800,455900,Yes,4241.84,4727.98,0.0,1650.34,2426.12,1952.07,201.11,684.82,10620.16,5264.12,5356.04,50.43,Low Profitability
C03739,28,Male,South,Self-Employed,1836000,Premium,Savings,4,No Loan,0,3290900,2210800,No,16959.42,8599.49,0.0,276.54,2876.72,1231.63,1456.62,1192.57,25835.45,6757.54,19077.91,73.84,Profitable
C03740,54,Female,South,Salaried,605000,Mass,Savings,5,No Loan,0,1056500,925400,Yes,3710.11,11392.42,0.0,1632.17,3523.01,1541.34,1346.53,1271.93,16734.7,7682.81,9051.89,54.09,Low Profitability
C03741,68,Female,West,Professional,552000,Mass,Salary,4,No Loan,0,866100,663000,Yes,3247.99,11144.14,0.0,1097.08,3500.75,2125.47,519.22,797.04,15489.2,6942.48,8546.72,55.18,Low Profitability
C03742,32,Male,West,Self-Employed,1079000,Affluent,Savings,2,Education Loan,244697,1792900,1432500,No,20423.88,3873.82,4455.05,1691.3,1689.77,2007.46,591.1,1476.62,30444.06,5764.94,24679.12,81.06,Profitable
C03743,58,Male,South,Business Owner,1017000,Affluent,Salary,5,Home Loan,1332349,1117500,475400,Yes,62796.9,7454.6,27527.82,153.23,3245.6,774.4,965.39,2886.0,97932.54,7871.39,90061.14,91.96,Highly Profitable
C03744,21,Male,North,Salaried,379000,Mass,Savings,1,No Loan,0,286800,273400,No,689.73,971.34,0.0,430.41,1225.34,1694.19,1254.11,1524.18,2091.47,5697.82,-3606.34,-172.43,Low Profitability
C03745,51,Male,West,Self-Employed,613000,Mass,Salary,3,No Loan,0,439000,465000,No,1135.33,5992.0,0.0,2194.01,1844.91,1875.87,1372.5,1522.53,9321.34,6615.81,2705.53,29.03,Low Profitability
C03746,24,Male,West,Business Owner,1007000,Affluent,Savings,5,Personal Loan,906214,1702500,649000,Yes,109218.85,14121.53,10291.34,2499.79,3553.13,1138.58,234.26,1834.39,136131.51,6760.35,129371.16,95.03,Highly Profitable
C03747,69,Female,West,Self-Employed,428000,Mass,Savings,4,Personal Loan,938435,741400,745100,No,106741.95,6515.8,9841.11,2121.08,3192.6,503.2,262.09,2450.79,125219.93,6408.68,118811.25,94.88,Highly Profitable
C03748,65,Female,North,Self-Employed,465000,Mass,Salary,2,Personal Loan,723737,407700,239700,No,81522.3,2059.36,10762.48,401.7,1913.13,896.91,1131.16,1894.08,94745.84,5835.28,88910.56,93.84,Highly Profitable
C03749,70,Female,East,Salaried,505000,Mass,Salary,3,No Loan,0,581600,490900,Yes,1502.62,5633.12,0.0,582.93,2719.5,1694.96,550.16,1291.69,7718.68,6256.31,1462.36,18.95,Low Profitability
C03750,25,Male,South,Salaried,562000,Mass,Savings,2,Personal Loan,378911,831000,565700,No,45068.89,2995.03,4961.61,523.13,1245.27,1415.65,897.56,2122.19,53548.66,5680.67,47867.99,89.39,Highly Profitable
C03751,50,Female,North,Business Owner,295000,Mass,Savings,1,No Loan,0,386200,357000,No,1527.27,1033.58,0.0,2182.64,1120.28,1766.03,231.51,625.49,4743.49,3743.3,1000.19,21.09,Low Profitability
C03752,44,Female,North,Salaried,1025000,Affluent,Current,3,Personal Loan,715366,1624600,468700,Yes,83808.28,4880.67,7880.58,2084.97,2143.48,2003.44,984.41,1822.2,98654.5,6953.53,91700.97,92.95,Highly Profitable
C03753,23,Female,South,Business Owner,467000,Mass,Savings,1,No Loan,0,539000,283000,Yes,1660.27,3165.43,0.0,1087.54,1870.23,919.38,217.98,1456.16,5913.25,4463.76,1449.49,24.51,Low Profitability
C03754,31,Male,North,Self-Employed,782000,Mass,Current,1,No Loan,0,868900,252300,No,4387.8,1339.08,0.0,397.56,1322.57,1607.11,1782.72,862.57,6124.44,5574.97,549.47,8.97,Low Profitability
C03755,65,Male,West,Retired,738000,Mass,Savings,3,No Loan,0,568300,597000,No,1814.39,7493.09,0.0,2232.57,1887.24,484.14,444.32,835.64,11540.04,3651.33,7888.71,68.36,Low Profitability
C03756,24,Male,South,Salaried,401000,Mass,Savings,3,No Loan,0,108600,42900,No,474.58,3883.48,0.0,1496.94,2546.98,1562.58,1491.67,1364.0,5855.0,6965.23,-1110.23,-18.96,Low Profitability
C03757,46,Male,East,Salaried,265000,Mass,Savings,1,No Loan,0,64000,39100,No,363.38,968.61,0.0,2445.04,1386.06,367.91,775.43,651.56,3777.04,3180.94,596.09,15.78,Low Profitability
C03758,47,Female,North,Self-Employed,735000,Mass,Savings,1,Auto Loan,261963,294300,234000,Yes,20840.78,2907.56,5649.52,777.26,1954.24,778.81,608.06,1508.08,30175.12,4849.19,25325.93,83.93,Profitable
C03759,66,Female,South,Self-Employed,551000,Mass,Salary,4,No Loan,0,135200,86800,No,597.03,4023.1,0.0,189.76,3229.64,1151.5,414.98,1152.45,4809.88,5948.56,-1138.68,-23.67,Low Profitability
C03760,63,Male,North,Salaried,899000,Mass,Savings,1,Personal Loan,693868,928700,655700,Yes,81434.16,3272.91,16071.17,2457.55,2403.41,1905.86,1593.82,2342.72,103235.8,8245.81,94989.98,92.01,Highly Profitable
C03761,47,Male,North,Professional,1094000,Affluent,Savings,3,Personal Loan,378733,892600,377900,Yes,46020.14,6463.93,7424.98,947.25,2674.45,582.33,715.44,1985.93,60856.3,5958.15,54898.15,90.21,Highly Profitable
C03762,62,Male,West,Self-Employed,228000,Mass,Savings,5,No Loan,0,44100,13500,Yes,90.58,13019.87,0.0,1175.69,4461.5,1781.8,1383.57,1558.66,14286.14,9185.53,5100.61,35.7,Low Profitability
C03763,70,Male,South,Salaried,616000,Mass,Savings,3,Personal Loan,715038,114700,53800,No,78950.04,5309.39,17421.77,309.08,2490.72,1372.7,380.34,1998.87,101990.27,6242.64,95747.64,93.88,Highly Profitable
C03764,26,Male,South,Salaried,1241000,Affluent,Savings,1,Auto Loan,479783,1257100,653200,Yes,39850.77,3800.68,10897.59,1523.27,1792.99,1168.5,1770.4,1834.16,56072.31,6566.05,49506.26,88.29,Highly Profitable
C03765,35,Female,South,Professional,1543000,Affluent,Savings,2,No Loan,0,1629500,983300,Yes,6064.35,5837.41,0.0,724.21,2897.12,1520.24,1125.2,1432.91,12625.98,6975.47,5650.51,44.75,Low Profitability
C03766,50,Male,West,Salaried,256000,Mass,Salary,3,Education Loan,332051,54100,27100,Yes,21751.26,3552.95,5914.34,1735.13,3275.78,954.74,1469.98,2168.14,32953.68,7868.64,25085.04,76.12,Profitable
C03767,62,Female,West,Salaried,1319000,Affluent,Salary,4,Auto Loan,655703,1656000,464400,Yes,55545.78,4413.62,13893.9,1924.12,3799.45,2189.71,210.9,2135.62,75777.43,8335.68,67441.76,89.0,Highly Profitable
C03768,57,Male,North,Salaried,402000,Mass,Salary,3,Auto Loan,886041,143800,47500,No,67191.52,3918.86,10183.45,790.51,2000.61,509.97,1278.17,1852.34,82084.34,5641.08,76443.26,93.13,Highly Profitable
C03769,57,Male,North,Business Owner,1032000,Affluent,Savings,1,No Loan,0,996900,820200,Yes,5873.57,3531.7,0.0,1159.57,2081.6,563.3,1641.52,1363.99,10564.85,5650.41,4914.44,46.52,Low Profitability
C03770,62,Male,North,Professional,518000,Mass,Current,1,Personal Loan,572751,213400,64800,No,63966.61,1658.48,7235.57,928.03,1120.51,1979.66,1037.19,2060.51,73788.69,6197.87,67590.82,91.6,Highly Profitable
C03771,57,Female,East,Salaried,1055000,Affluent,Salary,2,Personal Loan,104323,226200,65400,No,12715.23,4856.95,958.12,2449.74,1331.96,716.34,1543.47,1105.24,20980.04,4697.01,16283.04,77.61,Profitable
C03772,55,Male,South,Salaried,574000,Mass,Savings,3,No Loan,0,287200,270000,No,969.27,3922.81,0.0,2135.63,1874.21,416.07,1029.57,1468.6,7027.71,4788.45,2239.26,31.86,Low Profitability
C03773,43,Female,North,Salaried,317000,Mass,Current,3,Personal Loan,890455,290300,82800,No,98689.57,4676.47,17761.14,1111.24,1991.83,1992.97,1757.73,1593.26,122238.42,7335.78,114902.64,94.0,Highly Profitable
C03774,26,Male,West,Business Owner,508000,Mass,Current,1,Auto Loan,357282,699700,215800,No,30526.89,844.05,7139.74,1332.87,1288.65,418.59,418.02,1608.34,39843.55,3733.6,36109.95,90.63,Highly Profitable
C03775,24,Female,West,Salaried,942000,Affluent,Current,4,Education Loan,496114,554100,397300,No,35065.94,9141.12,7679.71,2461.66,1856.66,1933.53,1683.74,1748.41,54348.43,7222.34,47126.09,86.71,Highly Profitable
C03776,38,Female,South,Professional,555000,Mass,Current,3,No Loan,0,710600,445100,No,2092.58,3215.84,0.0,752.98,2338.9,1308.06,1139.81,563.79,6061.39,5350.57,710.82,11.73,Low Profitability
C03777,29,Male,South,Salaried,388000,Mass,Current,4,No Loan,0,610500,653100,No,2536.21,9908.34,0.0,2224.57,2621.96,1315.25,1626.11,1583.66,14669.12,7146.98,7522.15,51.28,Low Profitability
C03778,69,Female,South,Salaried,348000,Mass,Current,2,No Loan,0,207100,216700,Yes,1237.48,3501.93,0.0,2359.79,2014.77,548.66,400.76,945.57,7099.19,3909.76,3189.43,44.93,Low Profitability
C03779,49,Male,North,Salaried,449000,Mass,Salary,3,No Loan,0,454200,368400,Yes,2674.08,8529.71,0.0,1203.95,2754.58,1497.69,1662.11,1067.53,12407.74,6981.92,5425.82,43.73,Low Profitability
C03780,33,Female,West,Professional,446000,Mass,Savings,2,Personal Loan,973896,368200,114500,Yes,108530.94,5349.39,10504.96,694.26,2700.52,1003.58,987.81,1436.73,125079.55,6128.65,118950.9,95.1,Highly Profitable
C03781,67,Male,East,Business Owner,960000,Affluent,Current,3,Auto Loan,812104,187500,127100,Yes,61495.52,7013.68,16740.15,472.72,2820.35,988.9,932.01,2833.69,85722.07,7574.94,78147.13,91.16,Highly Profitable
C03782,37,Male,East,Retired,563000,Mass,Savings,4,Home Loan,2190195,448500,129300,No,99982.48,4017.62,24115.99,274.7,1828.49,1624.43,1111.47,3249.63,128390.79,7814.02,120576.77,93.91,Highly Profitable
C03783,65,Female,North,Salaried,594000,Mass,Salary,3,Auto Loan,292491,458800,468800,Yes,24465.93,3689.63,3421.79,535.99,2348.51,1948.8,1601.64,1298.0,32113.35,7196.95,24916.4,77.59,Profitable
C03784,52,Female,West,Salaried,634000,Mass,Savings,2,No Loan,0,745700,604800,Yes,3486.86,4501.99,0.0,908.07,2651.29,1689.61,1535.07,965.61,8896.93,6841.58,2055.35,23.1,Low Profitability
C03785,68,Male,North,Self-Employed,942000,Affluent,Savings,3,Personal Loan,768931,1488000,1097900,No,91125.68,4223.33,15980.52,1956.37,2637.66,1595.62,398.8,2249.58,113285.9,6881.65,106404.25,93.93,Highly Profitable
C03786,42,Female,East,Self-Employed,994000,Affluent,Salary,2,Home Loan,4701500,1251000,767800,Yes,215410.12,6100.03,88075.26,1032.07,2229.73,1983.63,218.99,7129.67,310617.48,11562.03,299055.44,96.28,Highly Profitable
C03787,24,Male,South,Self-Employed,524000,Mass,Current,4,Auto Loan,762503,385900,263700,Yes,58586.84,5052.61,11598.18,971.97,3822.65,2010.48,1020.64,1581.98,76209.6,8435.73,67773.87,88.93,Highly Profitable
C03788,25,Male,South,Salaried,605000,Mass,Savings,1,Auto Loan,453763,538800,318000,Yes,36311.82,4450.75,4988.6,2126.7,1710.89,1699.07,1784.37,1855.9,47877.88,7050.23,40827.65,85.27,Highly Profitable
C03789,57,Female,West,Salaried,997000,Affluent,Savings,1,Personal Loan,415721,1609000,538500,Yes,52301.27,3251.32,7246.85,1526.85,2036.52,1858.59,1011.89,1963.39,64326.3,6870.39,57455.92,89.32,Highly Profitable
C03790,61,Male,West,Salaried,477000,Mass,Salary,1,Auto Loan,504330,574500,466400,No,39094.78,2270.7,9574.57,1204.35,1232.69,758.5,431.78,2778.16,52144.4,5201.13,46943.27,90.03,Highly Profitable
C03791,69,Male,West,Business Owner,518000,Mass,Savings,2,Personal Loan,519080,410900,450700,No,58720.66,4582.11,6335.26,1610.88,1935.04,1594.35,895.22,1286.45,71248.92,5711.07,65537.85,91.98,Highly Profitable
C03792,33,Female,East,Self-Employed,996000,Affluent,Savings,1,Auto Loan,747190,1135700,392500,No,61084.12,2323.46,10028.83,1444.64,1080.39,1229.48,789.73,1930.36,74881.05,5029.95,69851.1,93.28,Highly Profitable
C03793,54,Male,North,Professional,511000,Mass,Current,1,Home Loan,1906249,619900,678800,No,88974.02,1521.8,22179.98,1166.6,1102.27,1913.24,1728.06,2500.64,113842.39,7244.21,106598.18,93.64,Highly Profitable
C03794,65,Female,South,Salaried,802000,Mass,Current,2,No Loan,0,758500,769600,No,1907.21,2042.74,0.0,1059.1,1331.15,2125.87,1719.99,1726.97,5009.05,6903.98,-1894.93,-37.83,Low Profitability
C03795,42,Male,West,Professional,294000,Mass,Current,1,Education Loan,341358,463900,468600,Yes,24646.17,3635.86,4152.05,2223.96,1890.02,807.87,315.2,1933.45,34658.04,4946.54,29711.5,85.73,Profitable
C03796,43,Male,East,Self-Employed,965000,Affluent,Current,4,No Loan,0,1438800,1376300,Yes,3412.41,8949.52,0.0,542.53,4263.82,1575.59,573.66,1084.06,12904.46,7497.13,5407.33,41.9,Low Profitability
C03797,23,Male,South,Salaried,627000,Mass,Salary,1,Auto Loan,235426,636600,658900,Yes,20201.72,3134.75,5636.22,478.65,1574.58,1924.22,932.83,1190.4,29451.34,5622.02,23829.32,80.91,Profitable
C03798,62,Female,West,Retired,876000,Mass,Salary,4,Personal Loan,186599,1516600,696800,No,24073.88,7735.74,2387.18,2021.79,1873.59,1595.1,1110.59,1584.97,36218.59,6164.24,30054.35,82.98,Highly Profitable
C03799,54,Female,East,Self-Employed,1296000,Affluent,Salary,4,Home Loan,3009563,2232800,1387900,Yes,147196.12,4454.9,45262.91,389.42,2810.71,1607.41,502.51,3959.67,197303.34,8880.31,188423.03,95.5,Highly Profitable
C03800,52,Male,West,Business Owner,583000,Mass,Savings,2,No Loan,0,1016800,668900,Yes,3919.79,6242.06,0.0,2427.53,2336.7,1853.26,1136.31,764.5,12589.39,6090.77,6498.62,51.62,Low Profitability
C03801,65,Male,West,Business Owner,301000,Mass,Savings,1,No Loan,0,154700,47600,No,693.42,1170.05,0.0,769.55,1030.64,1634.87,525.83,1568.61,2633.01,4759.96,-2126.95,-80.78,Low Profitability
C03802,69,Female,West,Salaried,574000,Mass,Current,1,Education Loan,585594,184000,199400,Yes,38798.79,4141.12,14373.78,2147.86,2218.43,1871.38,873.66,2076.49,59461.54,7039.95,52421.59,88.16,Highly Profitable
C03803,41,Male,East,Professional,1365000,Affluent,Savings,3,No Loan,0,1599100,1336900,Yes,6147.71,6890.78,0.0,1653.17,3053.26,2183.25,1037.52,1676.13,14691.66,7950.16,6741.5,45.89,Low Profitability
C03804,66,Female,East,Professional,769000,Mass,Savings,3,Auto Loan,392440,1038500,658200,No,32268.75,4314.86,7156.56,2041.91,1702.39,1333.65,1760.39,2166.81,45782.07,6963.24,38818.84,84.79,Highly Profitable
C03805,64,Male,West,Salaried,390000,Mass,Savings,2,Home Loan,2046406,256100,280000,No,93566.96,4106.7,22669.0,1059.35,2012.16,1565.27,309.99,1947.61,121402.0,5835.03,115566.98,95.19,Highly Profitable
C03806,41,Female,South,Business Owner,629000,Mass,Salary,2,Personal Loan,422892,652400,314000,No,49724.42,2664.32,9184.3,587.58,1399.26,1468.93,1681.78,1595.42,62160.61,6145.38,56015.23,90.11,Highly Profitable
C03807,64,Male,South,Professional,915000,Affluent,Savings,3,Home Loan,4554449,1115400,598400,No,209709.83,6046.94,104144.23,2375.48,2739.75,835.68,418.01,5950.59,322276.49,9944.03,312332.45,96.91,Highly Profitable
C03808,31,Female,South,Salaried,653000,Mass,Current,2,No Loan,0,597200,246200,Yes,1686.16,3929.01,0.0,1988.4,2347.31,1883.11,355.07,915.64,7603.57,5501.14,2102.43,27.65,Low Profitability
C03809,59,Female,West,Salaried,644000,Mass,Current,5,Personal Loan,612390,671800,274500,No,69782.59,11202.0,8210.47,460.12,2231.67,1033.97,670.88,1844.77,89655.18,5781.29,83873.89,93.55,Highly Profitable
C03810,24,Male,North,Salaried,473000,Mass,Savings,2,Personal Loan,317577,129600,53200,Yes,35370.12,7010.81,3924.26,1162.37,2114.87,2114.02,1101.47,1067.93,47467.56,6398.29,41069.27,86.52,Highly Profitable
C03811,21,Male,South,Business Owner,494000,Mass,Savings,2,Auto Loan,324359,884400,680300,Yes,28768.39,5105.2,3085.55,892.99,2879.04,1871.32,865.61,2122.89,37852.14,7738.86,30113.28,79.56,Highly Profitable
C03812,48,Female,West,Professional,791000,Mass,Savings,1,Home Loan,2256224,612900,306500,Yes,103228.8,3582.03,34158.37,471.16,1656.48,594.55,1035.8,4372.7,141440.37,7659.53,133780.84,94.58,Highly Profitable
C03813,44,Female,North,Business Owner,918000,Affluent,Savings,3,No Loan,0,448600,475100,Yes,2094.56,5807.02,0.0,1521.83,2897.92,413.66,1446.09,595.33,9423.41,5353.0,4070.41,43.19,Low Profitability
C03814,55,Male,South,Salaried,636000,Mass,Salary,2,Education Loan,583340,599100,565700,Yes,41278.13,5688.61,9326.52,1875.61,2138.21,566.31,1529.25,1668.7,58168.87,5902.48,52266.39,89.85,Highly Profitable
C03815,33,Male,West,Self-Employed,533000,Mass,Salary,2,Home Loan,2579861,359100,139000,Yes,118016.26,4755.34,43598.75,660.59,3278.12,1779.42,1739.75,5464.31,167030.93,12261.6,154769.33,92.66,Highly Profitable
C03816,67,Female,East,Professional,1061000,Affluent,Savings,2,Personal Loan,350000,844600,809900,No,41335.97,4354.31,8101.85,1419.66,1559.43,1685.4,1681.89,1113.89,55211.79,6040.6,49171.19,89.06,Highly Profitable
C03817,54,Male,West,Salaried,554000,Mass,Savings,2,Auto Loan,563463,597600,325000,Yes,43817.62,3206.13,7096.08,582.0,1878.45,1444.32,506.17,1096.21,54701.84,4925.16,49776.68,91.0,Highly Profitable
C03818,31,Female,East,Professional,821000,Mass,Salary,3,Personal Loan,518944,500300,221900,Yes,58810.06,7611.91,9311.88,1686.39,2627.12,644.55,1345.76,1964.84,77420.24,6582.27,70837.97,91.5,Highly Profitable
C03819,56,Male,West,Professional,938000,Affluent,Savings,1,Home Loan,2985361,1172200,1072300,No,138535.03,1457.47,31633.32,1777.48,1035.75,1154.56,1399.38,4035.01,173403.3,7624.7,165778.59,95.6,Highly Profitable
C03820,37,Female,West,Salaried,349000,Mass,Savings,4,Personal Loan,558232,301000,294500,No,62654.46,5093.84,10429.25,1305.94,1967.53,1316.89,965.82,2126.1,79483.49,6376.34,73107.15,91.98,Highly Profitable
C03821,55,Female,West,Salaried,756000,Mass,Savings,2,No Loan,0,218400,232900,No,476.32,2112.98,0.0,1695.11,1544.22,2143.97,1616.65,1706.24,4284.41,7011.09,-2726.68,-63.64,Low Profitability
C03822,38,Female,South,Self-Employed,180000,Mass,Current,3,Personal Loan,217760,290400,176300,Yes,25127.72,5181.26,2274.56,1777.16,2818.14,715.38,1413.28,857.69,34360.7,5804.48,28556.22,83.11,Profitable
C03823,60,Male,South,Business Owner,662000,Mass,Salary,3,No Loan,0,620700,451700,Yes,2743.56,8489.96,0.0,2289.53,2225.12,967.8,843.31,610.53,13523.05,4646.77,8876.28,65.64,Low Profitability
C03824,42,Female,West,Professional,963000,Affluent,Salary,3,Personal Loan,593171,1610900,1244700,Yes,74539.87,6423.42,11048.85,2103.87,2167.83,1521.1,875.11,1512.13,94116.01,6076.18,88039.83,93.54,Highly Profitable
C03825,44,Male,West,Business Owner,843000,Mass,Savings,3,No Loan,0,655900,513900,Yes,3213.18,8235.36,0.0,2073.08,3062.59,699.96,798.33,1267.12,13521.62,5828.0,7693.62,56.9,Low Profitability
C03826,39,Female,South,Salaried,1087000,Affluent,Savings,2,No Loan,0,1136300,672500,No,2400.98,3031.2,0.0,152.15,1415.58,640.28,1010.14,940.9,5584.33,4006.9,1577.44,28.25,Low Profitability
C03827,57,Male,North,Salaried,849000,Mass,Current,5,Auto Loan,450615,1351100,512700,Yes,37445.02,13322.25,9943.38,730.76,4372.17,1140.29,1370.99,2233.34,61441.42,9116.8,52324.62,85.16,Highly Profitable
C03828,59,Male,South,Professional,519000,Mass,Salary,3,Personal Loan,717505,473700,146800,Yes,80773.82,6648.07,15496.14,563.52,2833.89,1289.61,708.48,2453.67,103481.55,7285.65,96195.91,92.96,Highly Profitable
C03829,41,Female,West,Salaried,300000,Mass,Savings,2,Home Loan,2009213,358400,365600,Yes,92530.47,3531.64,23488.6,2485.22,2484.88,1607.76,565.07,3325.92,122035.93,7983.63,114052.3,93.46,Highly Profitable
C03830,28,Male,South,Business Owner,745000,Mass,Savings,2,Personal Loan,505223,415400,233300,Yes,57404.23,3703.2,4809.42,1453.41,2414.19,1744.55,254.45,2326.19,67370.26,6739.38,60630.88,90.0,Highly Profitable
C03831,48,Female,South,Salaried,911000,Affluent,Savings,1,No Loan,0,494600,199600,No,2659.48,2399.64,0.0,517.84,1033.17,1950.87,1475.29,1241.86,5576.96,5701.19,-124.22,-2.23,Low Profitability
C03832,25,Female,East,Salaried,266000,Mass,Salary,3,Personal Loan,667858,278100,302000,No,74136.22,4588.6,15207.15,1469.08,2725.46,943.93,779.59,2362.76,95401.05,6811.73,88589.32,92.86,Highly Profitable
C03833,37,Female,South,Salaried,874000,Mass,Savings,2,Auto Loan,869855,1015400,946800,No,69045.44,1790.84,12148.1,1766.09,1809.82,1257.8,1406.02,1954.66,84750.47,6428.3,78322.17,92.42,Highly Profitable
C03834,57,Male,West,Salaried,735000,Mass,Salary,5,No Loan,0,905500,981600,Yes,1891.92,9354.94,0.0,2075.93,5251.91,1940.37,378.64,1618.28,13322.79,9189.2,4133.58,31.03,Low Profitability
C03835,56,Male,West,Business Owner,573000,Mass,Savings,2,Personal Loan,438472,812700,395800,No,50664.54,4579.23,10770.94,769.44,1380.07,1180.38,1051.35,1943.27,66784.15,5555.07,61229.07,91.68,Highly Profitable
C03836,39,Female,South,Salaried,892000,Mass,Savings,3,No Loan,0,1491700,960300,Yes,7824.37,9698.47,0.0,1438.66,3544.33,562.62,837.57,1003.45,18961.49,5947.97,13013.52,68.63,Profitable
C03837,47,Male,North,Retired,602000,Mass,Savings,4,No Loan,0,328800,308200,No,1475.91,3401.61,0.0,824.36,2102.37,1127.3,959.09,1549.14,5701.88,5737.9,-36.03,-0.63,Low Profitability
C03838,54,Male,East,Self-Employed,581000,Mass,Savings,4,Auto Loan,162719,681000,489700,No,14334.29,6403.03,2272.77,1180.38,3048.52,1762.75,1680.55,1523.68,24190.47,8015.49,16174.98,66.87,Profitable
C03839,31,Male,South,Self-Employed,348000,Mass,Current,1,Auto Loan,398753,306600,169200,Yes,31552.26,3363.83,4142.35,1076.97,2449.52,1191.86,304.04,917.29,40135.42,4862.71,35272.71,87.88,Highly Profitable
C03840,65,Male,North,Self-Employed,875000,Mass,Salary,5,No Loan,0,260100,100100,No,1285.06,12343.37,0.0,613.53,2430.38,765.66,871.87,1772.61,14241.96,5840.52,8401.44,58.99,Low Profitability
C03841,67,Female,North,Self-Employed,341000,Mass,Savings,4,No Loan,0,306300,222800,No,1227.3,5811.22,0.0,803.85,2360.18,2088.71,1525.9,852.53,7842.37,6827.32,1015.06,12.94,Low Profitability
C03842,32,Male,North,Salaried,480000,Mass,Savings,5,Personal Loan,474987,698200,529700,Yes,53768.5,13008.86,4211.76,716.88,4149.99,878.95,1188.94,1800.17,71706.0,8018.05,63687.95,88.82,Highly Profitable
C03843,41,Male,West,Retired,899000,Mass,Salary,4,Home Loan,2161915,252200,217600,No,98704.89,7352.21,22413.52,2047.54,3338.98,1286.67,1772.54,3751.74,130518.15,10149.93,120368.22,92.22,Highly Profitable
C03844,31,Male,West,Self-Employed,638000,Mass,Savings,4,No Loan,0,733900,676600,Yes,3431.96,9803.23,0.0,449.17,2580.8,970.98,1390.29,875.31,13684.35,5817.38,7866.97,57.49,Low Profitability
C03845,59,Male,North,Salaried,1792000,Affluent,Savings,3,Home Loan,4419097,1481300,519000,No,206641.89,7240.5,79981.9,2432.86,2203.56,1092.21,352.24,9232.73,296297.15,12880.73,283416.41,95.65,Highly Profitable
C03846,48,Male,West,Self-Employed,970000,Affluent,Savings,4,Home Loan,1136438,1192300,934500,No,57987.66,3913.13,14624.44,1064.3,1947.05,1522.32,804.78,1990.11,77589.54,6264.26,71325.28,91.93,Highly Profitable
C03847,25,Male,West,Self-Employed,1058000,Affluent,Savings,3,No Loan,0,1592600,1456000,Yes,4066.5,4396.83,0.0,641.62,3150.14,1214.3,726.42,957.4,9104.95,6048.26,3056.69,33.57,Low Profitability
C03848,37,Male,West,Salaried,1120000,Affluent,Savings,3,Home Loan,3990058,1169000,678800,No,185410.88,3753.28,78380.68,1930.47,2170.94,494.07,985.11,7053.54,269475.31,10703.66,258771.65,96.03,Highly Profitable
C03849,40,Female,West,Retired,613000,Mass,Savings,3,No Loan,0,399400,193400,Yes,1045.73,6587.95,0.0,320.94,3429.59,1266.39,1194.37,918.34,7954.63,6808.69,1145.94,14.41,Low Profitability
C03850,61,Male,West,Salaried,522000,Mass,Savings,5,No Loan,0,155900,102500,No,633.35,6050.21,0.0,2056.69,4195.76,866.37,602.98,1786.04,8740.25,7451.15,1289.1,14.75,Low Profitability
C03851,66,Male,South,Self-Employed,359000,Mass,Salary,1,No Loan,0,224900,115500,Yes,1103.82,4259.83,0.0,845.92,2344.72,1498.88,1205.8,867.64,6209.56,5917.05,292.51,4.71,Low Profitability
C03852,32,Male,North,Retired,315000,Mass,Savings,4,No Loan,0,236800,161800,Yes,966.49,5005.69,0.0,512.29,3430.74,645.16,622.23,1328.63,6484.47,6026.76,457.71,7.06,Low Profitability
C03853,26,Male,North,Salaried,1316000,Affluent,Savings,2,Auto Loan,869832,1589900,814400,No,71422.42,2181.47,12134.53,2127.51,1656.87,1405.77,398.84,2322.65,87865.92,5784.13,82081.8,93.42,Highly Profitable
C03854,37,Female,South,Salaried,497000,Mass,Salary,2,Home Loan,1520928,393000,239500,No,69673.19,2115.54,27735.95,1528.77,1741.59,1155.04,1020.05,2651.98,101053.45,6568.65,94484.8,93.5,Highly Profitable
C03855,39,Male,East,Salaried,1145000,Affluent,Savings,1,Education Loan,361336,932600,958600,Yes,28217.11,3542.78,3321.63,1392.38,2148.59,1835.52,981.06,1225.97,36473.9,6191.15,30282.75,83.03,Highly Profitable
C03856,46,Male,West,Salaried,312000,Mass,Savings,2,Personal Loan,552369,196300,202000,No,61223.38,1753.78,7629.64,817.12,1264.72,944.19,850.59,1768.29,71423.92,4827.79,66596.13,93.24,Highly Profitable
C03857,68,Male,North,Salaried,633000,Mass,Savings,5,No Loan,0,474000,518200,Yes,1387.35,12090.1,0.0,1301.45,3735.75,490.11,1050.84,1321.52,14778.9,6598.22,8180.68,55.35,Low Profitability
C03858,64,Female,West,Professional,1406000,Affluent,Salary,2,No Loan,0,828100,549200,No,1805.87,2445.57,0.0,1974.53,1253.32,461.97,999.9,1417.52,6225.97,4132.7,2093.27,33.62,Low Profitability
C03859,64,Male,North,Professional,810000,Mass,Savings,3,Auto Loan,735123,1102700,433200,No,58120.74,7160.71,10005.05,1244.96,2118.6,1155.77,1135.47,2150.5,76531.46,6560.34,69971.12,91.43,Highly Profitable
C03860,52,Female,East,Business Owner,822000,Mass,Salary,1,No Loan,0,1456500,1464800,No,5287.96,1105.59,0.0,1614.22,1066.06,1283.9,1747.26,1668.88,8007.76,5766.1,2241.66,27.99,Low Profitability
C03861,26,Male,South,Salaried,507000,Mass,Current,5,Personal Loan,348508,690600,523000,Yes,39799.35,6604.25,3304.63,193.22,2924.12,1012.77,1330.37,1215.37,49901.45,6482.63,43418.82,87.01,Highly Profitable
C03862,56,Female,South,Professional,426000,Mass,Current,4,Personal Loan,495504,115700,102500,No,54841.83,5936.62,8131.01,1523.06,1792.17,1796.28,1584.33,1314.05,70432.52,6486.83,63945.69,90.79,Highly Profitable
C03863,58,Female,North,Self-Employed,683000,Mass,Current,2,No Loan,0,815500,316600,Yes,1763.7,4507.61,0.0,654.09,2420.31,1564.04,995.94,1730.94,6925.4,6711.22,214.18,3.09,Low Profitability
C03864,31,Male,South,Salaried,377000,Mass,Savings,2,No Loan,0,493800,257600,Yes,2717.36,6260.69,0.0,1864.62,2169.27,1374.3,1307.92,854.03,10842.67,5705.52,5137.15,47.38,Low Profitability
C03865,53,Male,West,Self-Employed,660000,Mass,Savings,2,No Loan,0,946500,458000,No,5262.5,3369.21,0.0,852.56,1933.0,1461.17,303.74,1795.78,9484.28,5493.7,3990.58,42.08,Low Profitability
C03866,44,Male,North,Salaried,1201000,Affluent,Savings,2,No Loan,0,1691500,1227700,Yes,8109.23,5499.79,0.0,806.2,1912.12,1750.46,1501.79,1211.44,14415.22,6375.81,8039.42,55.77,Low Profitability
C03867,43,Male,North,Retired,349000,Mass,Savings,2,No Loan,0,345100,378800,No,1510.86,4246.06,0.0,1094.97,1224.64,1455.09,1713.93,1603.44,6851.89,5997.1,854.79,12.48,Low Profitability
C03868,35,Male,West,Business Owner,997000,Affluent,Salary,5,Personal Loan,801376,581200,447800,No,91163.93,9547.43,16849.44,382.46,2085.62,723.22,1758.26,1553.12,117943.27,6120.22,111823.05,94.81,Highly Profitable
C03869,47,Male,West,Business Owner,1211000,Affluent,Savings,4,Personal Loan,536198,422600,311400,Yes,60302.74,4159.32,9457.01,1908.56,3147.57,1071.67,496.11,1809.77,75827.64,6525.13,69302.51,91.39,Highly Profitable
C03870,31,Male,South,Business Owner,607000,Mass,Savings,2,Personal Loan,845354,99400,89000,Yes,93482.77,4920.01,9763.98,1607.38,2250.16,558.7,1743.38,1508.63,109774.14,6060.87,103713.27,94.48,Highly Profitable
C03871,70,Female,West,Business Owner,713000,Mass,Salary,5,No Loan,0,108700,57600,Yes,360.96,10992.97,0.0,773.53,3871.71,1955.44,1067.98,993.7,12127.46,7888.83,4238.63,34.95,Low Profitability
C03872,37,Male,West,Salaried,538000,Mass,Salary,1,Home Loan,3975406,911800,424200,No,182332.33,1096.4,45431.12,1953.88,1206.5,715.35,1566.6,2894.45,230813.74,6382.89,224430.85,97.23,Highly Profitable
C03873,34,Male,North,Self-Employed,590000,Mass,Salary,2,No Loan,0,680300,654700,Yes,4027.54,6345.51,0.0,2407.64,2220.46,1440.49,1399.87,1100.92,12780.7,6161.74,6618.95,51.79,Low Profitability
C03874,47,Male,West,Professional,1098000,Affluent,Salary,3,Auto Loan,535188,1205000,1285100,Yes,46626.02,8608.91,8154.94,2156.96,2949.11,401.77,1650.1,2462.06,65546.83,7463.04,58083.79,88.61,Highly Profitable
C03875,38,Female,South,Salaried,1043000,Affluent,Savings,1,Personal Loan,621321,804700,489400,No,71302.29,1299.89,12787.63,1094.2,1358.99,903.78,1183.72,2624.33,86484.01,6070.82,80413.19,92.98,Highly Profitable
C03876,48,Male,South,Retired,869000,Mass,Savings,1,No Loan,0,1275300,363600,No,7167.37,865.57,0.0,806.64,954.02,2000.51,722.43,1364.62,8839.58,5041.57,3798.01,42.97,Low Profitability
C03877,67,Female,South,Self-Employed,978000,Affluent,Savings,2,No Loan,0,502000,201900,Yes,1199.34,6114.27,0.0,119.48,2212.47,1808.98,1416.46,1442.73,7433.1,6880.63,552.47,7.43,Low Profitability
C03878,67,Male,West,Salaried,781000,Mass,Savings,3,Home Loan,2964162,1068300,1045300,No,139382.13,3445.08,55194.23,721.08,2322.23,476.76,660.05,6139.22,198742.52,9598.26,189144.25,95.17,Highly Profitable
C03879,24,Male,South,Self-Employed,356000,Mass,Savings,5,Personal Loan,311909,266500,94200,Yes,35790.97,13017.65,2623.21,378.01,4843.82,1360.32,626.22,1364.87,51809.84,8195.22,43614.62,84.18,Highly Profitable
C03880,27,Male,East,Professional,1257000,Affluent,Salary,3,No Loan,0,1656500,1488500,Yes,7598.64,5248.13,0.0,2087.49,2590.73,1029.7,473.63,1719.12,14934.26,5813.17,9121.09,61.07,Low Profitability
C03881,65,Male,West,Self-Employed,428000,Mass,Salary,3,Personal Loan,691361,563100,437600,No,77907.25,7009.57,6287.92,1965.81,2404.64,556.72,323.72,1381.06,93170.54,4666.14,88504.39,94.99,Highly Profitable
C03882,55,Female,West,Business Owner,662000,Mass,Current,3,No Loan,0,443700,385000,Yes,2346.63,9246.65,0.0,1229.76,2932.48,1854.76,1487.48,1787.91,12823.04,8062.64,4760.4,37.12,Low Profitability
C03883,68,Female,East,Self-Employed,1119000,Affluent,Current,2,No Loan,0,1892800,886000,No,5846.24,2946.64,0.0,380.9,1380.75,1952.83,683.46,1592.68,9173.78,5609.72,3564.06,38.85,Low Profitability
C03884,29,Male,West,Business Owner,324000,Mass,Savings,4,No Loan,0,320000,85000,No,821.99,9869.96,0.0,1346.93,2248.76,1258.69,837.21,1543.08,12038.87,5887.74,6151.13,51.09,Low Profitability
C03885,28,Female,North,Salaried,987000,Affluent,Savings,3,Auto Loan,574358,567800,161100,Yes,45464.33,3460.74,7819.55,1373.26,2238.02,660.9,1439.89,2034.9,58117.88,6373.7,51744.17,89.03,Highly Profitable
C03886,65,Male,West,Salaried,363000,Mass,Salary,2,No Loan,0,458000,396700,Yes,1151.99,4540.56,0.0,1614.8,2400.76,1097.08,257.07,984.44,7307.35,4739.35,2568.0,35.14,Low Profitability
C03887,37,Female,West,Salaried,971000,Affluent,Savings,1,Home Loan,962231,1348600,1040300,Yes,47925.46,4534.15,9981.82,1361.73,2242.99,361.77,729.09,2581.53,63803.15,5915.38,57887.77,90.73,Highly Profitable
C03888,37,Female,West,Salaried,1356000,Affluent,Current,5,Personal Loan,296536,2330500,2247500,No,42684.49,7636.07,4599.11,338.92,4026.35,1634.99,1673.74,1371.64,55258.6,8706.72,46551.88,84.24,Highly Profitable
C03889,69,Male,North,Salaried,467000,Mass,Savings,1,No Loan,0,126500,74600,No,358.02,1919.84,0.0,1633.64,1190.65,2016.2,524.99,976.25,3911.5,4708.08,-796.58,-20.37,Low Profitability
C03890,53,Male,South,Business Owner,434000,Mass,Salary,5,Education Loan,604607,451800,326300,Yes,40950.83,7239.38,14456.11,2477.31,4650.98,329.81,333.59,2711.35,65123.63,8025.73,57097.9,87.68,Highly Profitable
C03891,52,Male,West,Self-Employed,730000,Mass,Current,2,Home Loan,4735672,700200,641400,No,215368.58,1863.2,82556.83,1620.33,1378.22,1544.11,1753.14,9272.55,301408.93,13948.02,287460.91,95.37,Highly Profitable
C03892,28,Female,South,Salaried,427000,Mass,Current,3,No Loan,0,282600,190000,No,739.7,6658.04,0.0,970.99,2201.0,468.99,1279.23,1550.35,8368.73,5499.57,2869.16,34.28,Low Profitability
C03893,39,Male,North,Salaried,211000,Mass,Savings,2,Personal Loan,226365,299000,327200,No,26256.23,2607.63,2541.98,1592.41,1898.66,739.7,1508.8,818.02,32998.24,4965.18,28033.06,84.95,Profitable
C03894,58,Female,East,Salaried,690000,Mass,Savings,4,Auto Loan,294218,324700,286200,No,23495.29,4530.4,7310.7,1441.11,2280.5,1317.09,460.6,1228.21,36777.49,5286.4,31491.1,85.63,Highly Profitable
C03895,23,Female,East,Salaried,842000,Mass,Savings,3,Education Loan,239430,581700,483300,Yes,18027.05,5024.79,2509.48,328.02,2733.86,907.82,218.12,2085.7,25889.34,5945.5,19943.84,77.03,Profitable
C03896,25,Male,South,Salaried,584000,Mass,Savings,1,Home Loan,950531,825900,769200,No,47501.95,2198.35,16701.98,1621.91,1080.82,311.18,1097.42,2262.89,68024.19,4752.31,63271.88,93.01,Highly Profitable
C03897,33,Male,East,Self-Employed,745000,Mass,Salary,2,Home Loan,2393152,698400,636000,No,111676.98,1823.51,57665.16,1667.01,1448.83,2167.23,1255.93,2891.37,172832.66,7763.36,165069.3,95.51,Highly Profitable
C03898,67,Female,South,Salaried,1246000,Affluent,Salary,2,No Loan,0,466700,203800,Yes,2001.9,3859.41,0.0,939.79,2448.85,625.25,558.04,1254.1,6801.1,4886.24,1914.86,28.16,Low Profitability
C03899,66,Male,East,Self-Employed,575000,Mass,Savings,4,Education Loan,415045,934700,400800,No,31609.22,4521.26,9692.14,822.01,1815.91,1301.95,230.22,1645.46,46644.63,4993.54,41651.09,89.29,Highly Profitable
C03900,51,Female,West,Business Owner,618000,Mass,Savings,4,No Loan,0,837900,641100,Yes,4373.65,9000.34,0.0,1293.45,3541.11,1279.71,1750.65,672.58,14667.44,7244.05,7423.39,50.61,Low Profitability
C03901,36,Male,West,Salaried,692000,Mass,Salary,4,No Loan,0,746300,463200,No,1820.53,8633.25,0.0,447.71,1988.21,2104.06,785.5,1658.53,10901.49,6536.3,4365.18,40.04,Low Profitability
C03902,70,Male,South,Salaried,589000,Mass,Savings,1,Education Loan,213495,680500,674300,Yes,17538.14,2285.38,4296.84,320.66,2068.04,1764.14,1349.62,1679.51,24441.02,6861.31,17579.72,71.93,Profitable
C03903,52,Male,North,Salaried,589000,Mass,Savings,3,No Loan,0,696700,346000,No,1407.67,5535.86,0.0,1911.52,2531.64,1355.94,954.92,1407.28,8855.05,6249.78,2605.27,29.42,Low Profitability
C03904,42,Female,South,Salaried,1792000,Affluent,Savings,5,Personal Loan,870905,1745100,927100,No,99303.96,9299.42,8681.02,538.97,3998.47,1699.17,611.04,3246.15,117823.37,9554.82,108268.54,91.89,Highly Profitable
C03905,49,Male,East,Salaried,750000,Mass,Savings,4,Personal Loan,128853,1034100,404700,Yes,17525.59,9460.78,1668.47,696.23,3964.21,1908.43,1725.62,1581.34,29351.08,9179.6,20171.47,68.72,Profitable
C03906,42,Female,West,Professional,595000,Mass,Savings,1,Auto Loan,424627,791500,858400,No,35940.58,1172.42,4270.59,1014.77,1110.51,914.5,1080.97,1488.84,42398.36,4594.82,37803.53,89.16,Highly Profitable
C03907,63,Male,South,Salaried,1499000,Affluent,Savings,3,No Loan,0,231800,80800,Yes,1317.93,6409.13,0.0,1825.4,3147.98,530.23,744.46,678.27,9552.47,5100.93,4451.54,46.6,Low Profitability
C03908,23,Female,West,Retired,1272000,Affluent,Current,4,Personal Loan,170394,422800,458900,No,20264.09,8464.74,2631.88,1459.65,2597.0,1841.19,1378.34,773.13,32820.36,6589.66,26230.7,79.92,Profitable
C03909,30,Female,West,Salaried,987000,Affluent,Current,3,No Loan,0,189300,161000,Yes,856.4,8853.53,0.0,1198.2,2202.64,663.58,1193.85,540.88,10908.13,4600.95,6307.19,57.82,Low Profitability
C03910,62,Male,North,Professional,501000,Mass,Savings,1,No Loan,0,214800,70000,No,835.63,934.93,0.0,2462.08,1112.54,948.23,1326.2,1139.25,4232.64,4526.23,-293.58,-6.94,Low Profitability
C03911,41,Female,West,Business Owner,3146000,Premium,Savings,1,Auto Loan,848075,847100,321200,Yes,66247.52,2601.48,18569.58,1230.22,2165.14,1974.58,1528.4,1823.16,88648.8,7491.29,81157.51,91.55,Highly Profitable
C03912,36,Male,North,Salaried,296000,Mass,Salary,5,Personal Loan,661734,139000,73400,Yes,73551.22,8514.28,10075.3,1509.01,4362.53,1563.71,459.99,1877.51,93649.81,8263.73,85386.07,91.18,Highly Profitable
C03913,32,Male,North,Salaried,263000,Mass,Current,2,No Loan,0,273100,128700,Yes,1187.37,6530.33,0.0,298.45,1968.93,465.18,297.97,1641.22,8016.15,4373.3,3642.85,45.44,Low Profitability
C03914,22,Male,West,Self-Employed,864000,Mass,Savings,2,No Loan,0,1084300,1168000,No,5158.51,3842.17,0.0,752.34,1596.86,762.31,940.44,1289.91,9753.01,4589.51,5163.5,52.94,Low Profitability
C03915,61,Female,South,Professional,575000,Mass,Savings,4,No Loan,0,957800,738800,Yes,4280.12,8266.98,0.0,802.86,2534.82,595.08,235.85,1781.06,13349.96,5146.82,8203.14,61.45,Low Profitability
C03916,44,Female,South,Salaried,180000,Mass,Savings,3,Personal Loan,574812,246600,77200,No,63805.41,7294.24,12699.24,636.33,1838.11,360.44,535.64,2517.67,84435.22,5251.86,79183.36,93.78,Highly Profitable
C03917,55,Male,West,Salaried,648000,Mass,Savings,5,No Loan,0,130900,91200,Yes,696.16,6047.22,0.0,811.14,3441.13,712.09,465.04,1074.78,7554.52,5693.04,1861.48,24.64,Low Profitability
C03918,50,Male,West,Salaried,731000,Mass,Salary,1,No Loan,0,675000,683500,Yes,1453.94,2203.05,0.0,1260.74,2331.66,1530.43,1424.56,1354.7,4917.73,6641.35,-1723.62,-35.05,Low Profitability
C03919,50,Female,East,Salaried,638000,Mass,Savings,3,No Loan,0,806900,487200,No,3843.35,5608.2,0.0,2155.08,2449.66,326.51,1453.31,1732.65,11606.63,5962.13,5644.49,48.63,Low Profitability
C03920,67,Male,South,Retired,827000,Mass,Current,1,Education Loan,664327,554100,452300,Yes,44602.65,2643.88,15425.89,1647.47,2479.29,2128.6,413.25,2459.49,64319.89,7480.64,56839.24,88.37,Highly Profitable
C03921,55,Female,West,Business Owner,541000,Mass,Savings,1,Home Loan,4712643,410400,372300,Yes,213788.33,3203.15,92275.8,2015.35,1831.48,743.82,698.91,10484.82,311282.62,13759.04,297523.59,95.58,Highly Profitable
C03922,39,Male,West,Salaried,649000,Mass,Salary,1,Personal Loan,519892,957000,389800,No,59589.75,2094.83,11459.32,1270.79,1115.06,854.47,1336.04,1733.42,74414.69,5038.99,69375.7,93.23,Highly Profitable
C03923,70,Female,South,Salaried,1437000,Affluent,Savings,3,No Loan,0,327100,319600,Yes,1922.63,7591.07,0.0,1463.05,2868.99,366.15,524.73,1205.18,10976.76,4965.05,6011.71,54.77,Low Profitability
C03924,28,Female,South,Salaried,1186000,Affluent,Savings,3,Personal Loan,911721,1234000,779300,No,104892.01,5751.31,18093.91,266.23,1978.47,432.29,756.57,1896.12,129003.46,5063.44,123940.02,96.07,Highly Profitable
C03925,46,Female,West,Professional,624000,Mass,Savings,2,Education Loan,164469,921900,274900,No,15459.67,4032.13,2616.63,439.43,1505.28,2197.6,787.62,816.67,22547.86,5307.17,17240.69,76.46,Profitable
C03926,69,Female,North,Retired,946000,Affluent,Savings,1,Personal Loan,969803,1386600,1382500,No,113869.68,2128.6,23346.84,2094.8,1249.13,935.02,315.07,1301.89,141439.92,3801.11,137638.82,97.31,Highly Profitable
C03927,60,Male,North,Salaried,1132000,Affluent,Savings,3,No Loan,0,395000,288200,Yes,981.76,5161.69,0.0,2482.69,2131.92,1591.45,517.43,1245.6,8626.13,5486.4,3139.73,36.4,Low Profitability
C03928,27,Male,South,Self-Employed,418000,Mass,Savings,1,Education Loan,251025,645400,270100,Yes,19069.26,3405.66,5386.41,1978.83,1950.5,1726.82,545.38,2153.58,29840.16,6376.27,23463.89,78.63,Profitable
C03929,50,Male,West,Retired,840000,Mass,Savings,1,Personal Loan,990910,233100,121200,Yes,110397.89,3857.84,11757.22,572.22,1940.38,1237.78,1368.28,2907.26,126585.17,7453.69,119131.48,94.11,Highly Profitable
C03930,27,Female,North,Salaried,763000,Mass,Savings,3,No Loan,0,1277800,937900,No,4508.74,5995.56,0.0,158.85,2753.08,1179.05,660.96,1616.14,10663.15,6209.23,4453.92,41.77,Low Profitability
C03931,23,Female,West,Salaried,1005000,Affluent,Savings,2,Personal Loan,944200,509400,289400,No,105075.49,2431.07,20875.05,194.78,1421.59,938.28,1388.04,1754.03,128576.4,5501.95,123074.45,95.72,Highly Profitable
C03932,21,Female,East,Salaried,417000,Mass,Current,3,No Loan,0,141800,63600,Yes,717.16,6303.55,0.0,744.05,3199.4,1633.64,1026.58,1462.35,7764.76,7321.97,442.78,5.7,Low Profitability
C03933,56,Male,South,Salaried,687000,Mass,Savings,3,No Loan,0,186900,122900,No,818.0,6331.66,0.0,2214.29,2421.45,1298.34,329.19,616.35,9363.94,4665.34,4698.6,50.18,Low Profitability
C03934,45,Male,South,Salaried,462000,Mass,Current,1,Auto Loan,858281,331100,134900,No,65979.41,1442.6,13661.66,611.79,1326.3,1111.11,549.93,2637.36,81695.46,5624.69,76070.76,93.12,Highly Profitable
C03935,57,Male,South,Retired,840000,Mass,Salary,4,Personal Loan,722071,609100,279300,Yes,81942.3,11721.07,16824.21,1642.47,3093.59,588.19,271.84,1762.46,112130.05,5716.09,106413.96,94.9,Highly Profitable
C03936,21,Female,North,Self-Employed,445000,Mass,Salary,3,Home Loan,1412680,453100,431700,Yes,64964.47,3686.9,18824.67,431.97,2995.34,1568.52,1744.99,3619.77,87908.0,9928.63,77979.37,88.71,Highly Profitable
C03937,35,Male,East,Salaried,519000,Mass,Savings,1,Education Loan,612825,705500,313400,Yes,42565.51,2715.49,14345.14,1795.7,1670.72,1130.19,1521.53,2612.38,61421.84,6934.81,54487.02,88.71,Highly Profitable
C03938,57,Male,West,Salaried,749000,Mass,Savings,3,Home Loan,2495824,742300,624300,No,115535.55,3345.28,21535.86,452.98,1766.54,498.16,629.56,5049.89,140869.67,7944.16,132925.51,94.36,Highly Profitable
C03939,33,Female,South,Business Owner,417000,Mass,Savings,3,Home Loan,2046099,736100,340700,No,94246.06,3855.91,37242.23,1022.69,2781.56,951.58,763.32,4841.62,136366.89,9338.07,127028.82,93.15,Highly Profitable
C03940,60,Female,West,Salaried,288000,Mass,Savings,3,Education Loan,599030,143100,61600,No,39712.02,6993.23,11133.02,594.55,2669.3,386.76,1335.29,1777.54,58432.82,6168.9,52263.92,89.44,Highly Profitable
C03941,28,Male,West,Salaried,1240000,Affluent,Savings,4,Personal Loan,285616,616800,285900,Yes,33666.5,7039.26,3560.65,763.98,3368.08,534.17,930.24,1332.01,45030.39,6164.51,38865.88,86.31,Highly Profitable
C03942,25,Male,North,Salaried,491000,Mass,Savings,5,No Loan,0,644800,417900,No,3134.28,7922.08,0.0,1803.72,3317.81,2187.79,1160.12,578.95,12860.08,7244.67,5615.41,43.67,Low Profitability
C03943,29,Female,South,Business Owner,324000,Mass,Savings,5,Education Loan,394691,216600,81100,No,26906.07,7593.68,4446.19,1447.96,4131.25,1803.61,242.24,2150.12,40393.89,8327.22,32066.67,79.38,Highly Profitable
C03944,21,Male,South,Salaried,380000,Mass,Savings,3,No Loan,0,164600,56100,Yes,602.77,7515.42,0.0,341.92,3099.01,2176.73,1679.5,922.16,8460.11,7877.4,582.71,6.89,Low Profitability
C03945,56,Female,North,Salaried,663000,Mass,Savings,3,No Loan,0,966300,863100,No,3715.81,4319.16,0.0,2102.72,2584.87,2086.93,613.62,531.9,10137.69,5817.32,4320.37,42.62,Low Profitability
C03946,55,Male,North,Self-Employed,1666000,Affluent,Savings,1,No Loan,0,871800,235200,No,2383.91,2215.25,0.0,1548.46,1128.33,2119.71,1250.49,1678.75,6147.62,6177.28,-29.66,-0.48,Low Profitability
C03947,22,Female,East,Salaried,648000,Mass,Savings,4,Auto Loan,262955,897900,518700,Yes,22868.25,7208.31,5797.49,777.62,3999.22,1209.66,1719.96,1591.99,36651.66,8520.83,28130.83,76.75,Profitable
C03948,60,Male,West,Retired,965000,Affluent,Savings,1,Auto Loan,500353,473900,278000,No,39477.28,1213.64,4843.75,1057.7,1169.01,1586.49,1256.96,2323.68,46592.36,6336.14,40256.22,86.4,Highly Profitable
C03949,43,Male,South,Business Owner,567000,Mass,Savings,3,Personal Loan,681930,963900,972700,No,77825.31,4597.06,6781.0,2216.83,2169.13,323.47,1406.5,2616.01,91420.19,6515.12,84905.07,92.87,Highly Profitable
C03950,29,Female,South,Salaried,775000,Mass,Salary,1,No Loan,0,493600,448300,Yes,1038.81,3222.45,0.0,881.47,2392.09,1021.72,1745.78,756.54,5142.73,5916.13,-773.4,-15.04,Low Profitability
C03951,54,Female,North,Salaried,625000,Mass,Salary,2,No Loan,0,866900,593000,No,2627.71,2421.51,0.0,770.69,1993.21,1583.21,1278.54,1320.79,5819.91,6175.75,-355.85,-6.11,Low Profitability
C03952,66,Male,West,Self-Employed,958000,Affluent,Savings,1,Home Loan,1036624,1473800,969500,No,53619.59,1008.11,25536.6,605.36,1069.32,592.41,1009.87,1971.68,80769.66,4643.28,76126.38,94.25,Highly Profitable
C03953,34,Female,North,Salaried,375000,Mass,Salary,1,No Loan,0,132100,96500,No,717.7,2230.25,0.0,1991.11,1288.46,2000.75,1049.82,836.82,4939.06,5175.85,-236.79,-4.79,Low Profitability
C03954,24,Male,West,Professional,730000,Mass,Savings,1,Personal Loan,175538,191400,106100,No,19792.3,1676.51,1850.4,712.69,1377.05,503.62,266.7,1462.6,24031.9,3609.97,20421.93,84.98,Profitable
C03955,50,Female,West,Self-Employed,762000,Mass,Savings,2,Personal Loan,747956,866600,732800,No,86336.9,2425.54,8151.48,1238.06,1220.26,1892.04,332.52,1191.39,98151.97,4636.21,93515.76,95.28,Highly Profitable
C03956,51,Female,West,Self-Employed,870000,Mass,Savings,2,Home Loan,1107266,1020600,850300,Yes,53256.23,4032.42,20123.52,124.0,2342.45,1468.96,1096.37,2468.44,77536.17,7376.22,70159.95,90.49,Highly Profitable
C03957,58,Male,West,Retired,334000,Mass,Salary,3,Personal Loan,426146,393300,290400,Yes,48136.32,6148.95,6977.53,2401.84,2850.12,1933.57,1058.61,1103.81,63664.64,6946.11,56718.53,89.09,Highly Profitable
C03958,31,Female,South,Salaried,539000,Mass,Savings,2,No Loan,0,486500,145500,No,1815.04,4047.11,0.0,2099.68,1907.73,725.5,1012.27,1344.99,7961.83,4990.49,2971.34,37.32,Low Profitability
C03959,55,Male,South,Salaried,974000,Affluent,Savings,3,Home Loan,4433988,1648300,589800,Yes,208566.67,6290.9,61326.13,1666.61,2684.09,1510.95,423.28,8575.29,277850.31,13193.62,264656.69,95.25,Highly Profitable
C03960,28,Male,West,Business Owner,793000,Mass,Savings,4,No Loan,0,1024500,290300,Yes,4428.37,6720.74,0.0,836.7,4393.44,723.47,1686.0,802.9,11985.81,7605.81,4379.99,36.54,Low Profitability
C03961,23,Female,North,Professional,1817000,Premium,Salary,3,No Loan,0,495100,426200,Yes,2258.99,4953.46,0.0,550.22,3082.92,796.72,1652.39,536.67,7762.67,6068.71,1693.96,21.82,Low Profitability
C03962,34,Female,North,Business Owner,523000,Mass,Savings,1,Personal Loan,493088,755900,495800,Yes,56097.68,2101.24,10432.49,1151.28,2310.67,515.82,676.94,1465.74,69782.69,4969.17,64813.52,92.88,Highly Profitable
C03963,33,Male,North,Business Owner,235000,Mass,Savings,1,No Loan,0,142100,150900,No,352.79,983.64,0.0,636.76,1202.1,1923.12,842.35,1321.13,1973.19,5288.7,-3315.51,-168.03,Low Profitability
C03964,65,Male,South,Salaried,542000,Mass,Savings,2,No Loan,0,727900,771200,No,2918.39,2775.59,0.0,2348.8,2016.28,1824.06,816.06,1799.69,8042.78,6456.09,1586.69,19.73,Low Profitability
C03965,52,Male,North,Self-Employed,180000,Mass,Salary,5,No Loan,0,44600,41400,Yes,217.35,8471.46,0.0,1860.47,3218.32,835.01,558.79,1391.63,10549.28,6003.75,4545.52,43.09,Low Profitability
C03966,54,Female,South,Salaried,1030000,Affluent,Savings,1,Personal Loan,206825,1457500,913300,Yes,26805.72,4616.88,3800.56,1754.92,1744.32,641.46,729.01,617.69,36978.09,3732.48,33245.6,89.91,Highly Profitable
C03967,65,Male,North,Business Owner,699000,Mass,Current,3,No Loan,0,730800,379200,No,3062.94,2515.29,0.0,1728.95,1958.17,1816.89,1790.26,1719.14,7307.18,7284.45,22.72,0.31,Low Profitability
C03968,39,Male,South,Salaried,871000,Mass,Savings,1,No Loan,0,1166500,490900,Yes,6609.08,3993.43,0.0,1936.42,1973.47,1180.59,1112.47,1615.13,12538.93,5881.66,6657.27,53.09,Low Profitability
C03969,58,Male,North,Salaried,951000,Affluent,Savings,2,No Loan,0,918200,411000,No,3719.59,3337.97,0.0,204.82,1844.61,923.03,1638.06,1179.53,7262.37,5585.23,1677.14,23.09,Low Profitability
C03970,36,Male,South,Retired,1240000,Affluent,Savings,4,Personal Loan,467073,1825100,1992600,No,58537.63,4190.62,4335.52,719.95,2308.23,1594.73,1371.61,2112.55,67783.72,7387.12,60396.6,89.1,Highly Profitable
C03971,22,Male,East,Salaried,180000,Mass,Savings,2,Home Loan,3591125,308300,216100,No,162939.0,4825.53,86089.92,1481.48,1222.09,1031.39,1604.85,7535.98,255335.93,11394.31,243941.62,95.54,Highly Profitable
C03972,60,Male,South,Salaried,228000,Mass,Salary,2,Personal Loan,797339,313500,81600,Yes,89202.62,5464.76,12228.49,624.16,1945.94,1683.3,785.18,1272.64,107520.04,5687.05,101832.99,94.71,Highly Profitable
C03973,37,Male,South,Salaried,462000,Mass,Current,4,Personal Loan,701524,636600,183100,Yes,79210.09,6082.85,16035.61,1539.74,2658.89,697.79,1227.23,1211.89,102868.29,5795.8,97072.49,94.37,Highly Profitable
C03974,54,Male,West,Salaried,592000,Mass,Salary,1,Personal Loan,416837,300500,192300,No,46855.26,1296.3,4906.39,2400.59,1031.58,1379.16,794.9,1224.29,55458.55,4429.92,51028.63,92.01,Highly Profitable
C03975,62,Female,East,Self-Employed,781000,Mass,Salary,3,Auto Loan,192642,573900,359800,No,15955.31,3420.32,4055.81,897.27,2480.94,1962.27,1507.89,1137.18,24328.72,7088.27,17240.45,70.86,Profitable
C03976,36,Male,West,Salaried,750000,Mass,Savings,2,No Loan,0,267200,158900,No,1548.5,2648.67,0.0,1917.71,1745.19,1841.67,1425.64,1048.09,6114.88,6060.59,54.29,0.89,Low Profitability
C03977,58,Female,West,Salaried,771000,Mass,Current,5,Personal Loan,276561,793000,753400,No,32158.43,5937.35,2234.02,1140.36,3504.81,2092.73,1449.31,1654.98,41470.16,8701.83,32768.33,79.02,Highly Profitable
C03978,22,Female,West,Salaried,296000,Mass,Salary,4,Home Loan,2990329,262500,222500,No,135573.6,4953.31,25655.86,1820.29,2674.64,340.07,513.86,6224.37,168003.05,9752.94,158250.11,94.19,Highly Profitable
C03979,22,Female,East,Salaried,452000,Mass,Savings,1,Personal Loan,822723,287600,98200,Yes,91861.11,3949.99,19463.73,252.08,2146.25,2064.15,1572.94,1285.06,115526.9,7068.4,108458.5,93.88,Highly Profitable
C03980,46,Female,East,Salaried,586000,Mass,Savings,5,Personal Loan,431791,154800,86400,No,48246.72,6869.02,7629.7,975.16,3559.34,756.84,1796.67,1432.36,63720.61,7545.21,56175.4,88.16,Highly Profitable
C03981,33,Male,East,Salaried,644000,Mass,Savings,2,Education Loan,364342,1086300,822500,Yes,28576.27,5335.73,4677.08,1841.54,2711.08,2094.42,1528.49,1405.73,40430.62,7739.72,32690.9,80.86,Highly Profitable
C03982,67,Male,South,Salaried,532000,Mass,Savings,1,Education Loan,282866,611200,351500,Yes,20441.31,1850.54,3157.53,2130.36,1732.96,784.92,972.8,1792.76,27579.74,5283.44,22296.3,80.84,Profitable
C03983,51,Male,North,Salaried,805000,Mass,Savings,3,Personal Loan,241376,552400,235900,No,27826.78,6181.58,5287.03,1100.18,1820.75,655.69,688.69,1417.3,40395.57,4582.43,35813.14,88.66,Highly Profitable
C03984,54,Male,East,Professional,374000,Mass,Salary,4,Personal Loan,637150,270700,212200,No,71637.19,9512.3,7194.1,1422.77,2133.84,1492.69,407.85,2680.1,89766.35,6714.48,83051.87,92.52,Highly Profitable
C03985,59,Female,East,Professional,537000,Mass,Salary,3,Home Loan,2378391,430900,328300,No,108217.67,7481.9,53141.98,2418.35,2425.76,1680.7,858.16,3455.31,171259.89,8419.93,162839.96,95.08,Highly Profitable
C03986,23,Female,North,Salaried,923000,Affluent,Savings,3,Personal Loan,958184,1374500,1482300,No,113145.33,3423.02,17802.19,1191.9,2776.73,2127.99,631.83,2708.62,135562.43,8245.18,127317.26,93.92,Highly Profitable
C03987,28,Female,West,Salaried,783000,Mass,Savings,3,Education Loan,687480,389300,283000,Yes,45815.91,6341.15,13215.73,665.86,3228.26,872.21,891.31,2550.33,66038.64,7542.11,58496.52,88.58,Highly Profitable
C03988,43,Male,South,Self-Employed,570000,Mass,Savings,5,Home Loan,3572353,891000,884900,No,162789.24,12276.13,55146.44,149.55,3088.51,1158.91,284.74,8508.25,230361.36,13040.41,217320.95,94.34,Highly Profitable
C03989,34,Female,East,Business Owner,577000,Mass,Savings,4,No Loan,0,383000,404800,Yes,894.06,5508.98,0.0,2312.5,2767.87,1449.02,669.62,724.84,8715.54,5611.35,3104.2,35.62,Low Profitability
C03990,47,Male,East,Retired,539000,Mass,Savings,3,Personal Loan,721852,855500,530000,No,82341.18,5151.25,12582.19,230.43,1628.38,1865.24,1737.87,1765.83,100305.06,6997.32,93307.73,93.02,Highly Profitable
C03991,49,Male,East,Salaried,582000,Mass,Salary,2,Home Loan,2893285,947600,279500,No,132669.06,4317.55,58254.3,672.75,1723.94,1784.96,391.09,5107.32,195913.66,9007.31,186906.35,95.4,Highly Profitable
C03992,59,Male,East,Business Owner,531000,Mass,Salary,4,Auto Loan,360243,690000,256700,Yes,29729.78,4494.83,2900.67,2155.79,2945.34,2093.23,318.07,2294.96,39281.07,7651.6,31629.46,80.52,Highly Profitable
C03993,59,Female,East,Professional,573000,Mass,Savings,4,Auto Loan,583434,931900,632200,Yes,47312.99,4671.8,4925.46,2354.38,3855.95,1329.77,1302.91,1892.79,59264.62,8381.42,50883.2,85.86,Highly Profitable
C03994,21,Male,South,Self-Employed,824000,Mass,Savings,5,Education Loan,153399,1139400,1149700,No,16060.99,5670.76,3592.62,1697.27,2094.55,1861.22,1525.17,809.41,27021.63,6290.34,20731.28,76.72,Profitable
C03995,37,Female,South,Salaried,814000,Mass,Savings,1,Personal Loan,409017,316200,254900,Yes,46504.25,2204.21,8002.79,720.87,2105.01,1826.47,354.81,1801.11,57432.13,6087.41,51344.72,89.4,Highly Profitable
C03996,61,Female,West,Salaried,340000,Mass,Savings,3,No Loan,0,587400,247400,Yes,2815.73,3053.03,0.0,743.62,3535.05,693.19,1731.19,764.22,6612.39,6723.66,-111.27,-1.68,Low Profitability
C03997,50,Female,South,Salaried,1875000,Premium,Savings,5,Home Loan,2964844,869400,735400,No,137211.07,7665.77,25055.0,1313.03,3949.36,954.18,258.85,4321.91,171244.87,9484.3,161760.57,94.46,Highly Profitable
C03998,33,Male,North,Salaried,519000,Mass,Salary,3,No Loan,0,501400,506500,No,1097.89,3223.72,0.0,2341.91,1695.97,679.7,1601.37,1236.89,6663.52,5213.93,1449.59,21.75,Low Profitability
C03999,41,Female,East,Professional,906000,Affluent,Salary,4,Education Loan,261765,709200,195500,Yes,20552.93,10179.28,5418.84,2372.36,2990.62,380.16,1529.42,1632.4,38523.4,6532.59,31990.81,83.04,Highly Profitable
C04000,39,Female,North,Salaried,388000,Mass,Salary,5,Home Loan,1814144,281100,128300,No,82601.83,8133.88,17335.29,1133.42,2254.82,1915.4,1269.44,2730.77,109204.43,8170.42,101034.01,92.52,Highly Profitable
C04001,39,Male,West,Salaried,1565000,Affluent,Salary,3,Education Loan,184467,2258200,858600,No,24059.86,2763.17,2066.47,870.77,2414.14,2013.64,1213.92,1724.77,29760.26,7366.47,22393.79,75.25,Profitable
C04002,45,Male,West,Professional,941000,Affluent,Salary,3,No Loan,0,592900,543400,Yes,1770.69,6716.98,0.0,1028.89,3439.03,1099.79,1453.71,1726.97,9516.56,7719.5,1797.06,18.88,Low Profitability
C04003,42,Male,South,Self-Employed,864000,Mass,Salary,1,No Loan,0,896100,903000,No,4194.14,1616.42,0.0,660.63,1272.29,993.3,324.73,1408.08,6471.19,3998.39,2472.8,38.21,Low Profitability
C04004,51,Male,North,Salaried,634000,Mass,Current,3,Personal Loan,418771,447200,322600,Yes,48039.2,5893.34,5691.24,512.94,3021.17,1194.36,803.35,1951.21,60136.71,6970.09,53166.62,88.41,Highly Profitable
C04005,37,Male,West,Salaried,254000,Mass,Savings,2,No Loan,0,412600,400600,No,1010.09,2850.41,0.0,1741.34,1743.97,1493.98,347.35,1304.4,5601.84,4889.7,712.14,12.71,Low Profitability
C04006,43,Female,West,Salaried,1747000,Affluent,Savings,1,Home Loan,4280300,709200,573300,No,194418.58,2449.97,34911.46,723.63,1179.14,2175.78,446.95,5187.25,232503.65,8989.12,223514.52,96.13,Highly Profitable
C04007,52,Male,North,Salaried,1119000,Affluent,Savings,3,Personal Loan,757426,491900,397600,No,86268.04,3660.77,8403.3,2092.3,2153.04,1956.04,1526.12,2837.51,100424.41,8472.71,91951.7,91.56,Highly Profitable
C04008,30,Male,West,Professional,587000,Mass,Savings,1,Home Loan,3309986,195800,145400,Yes,149603.73,3459.08,42816.18,693.52,2321.95,608.81,1322.96,3987.03,196572.51,8240.75,188331.76,95.81,Highly Profitable
C04009,30,Female,West,Salaried,911000,Affluent,Salary,4,No Loan,0,1275700,373200,Yes,4630.7,8576.23,0.0,1420.35,4395.3,1966.57,787.17,544.65,14627.28,7693.68,6933.6,47.4,Low Profitability
C04010,56,Male,North,Self-Employed,340000,Mass,Savings,3,Auto Loan,697539,141600,148200,Yes,53083.17,6994.6,12449.63,1804.43,3535.23,1221.12,849.83,1504.17,74331.83,7110.35,67221.48,90.43,Highly Profitable
C04011,28,Female,North,Salaried,245000,Mass,Savings,3,Home Loan,2539076,252300,139400,Yes,115399.86,9502.22,31724.53,1666.4,3591.8,1829.72,1284.28,5795.84,158293.0,12501.64,145791.36,92.1,Highly Profitable
C04012,40,Male,North,Retired,706000,Mass,Savings,2,Education Loan,111005,999100,931400,Yes,11927.68,6270.41,1985.37,372.08,2508.91,1905.69,1222.07,1238.02,20555.54,6874.69,13680.85,66.56,Profitable
C04013,52,Male,West,Business Owner,451000,Mass,Savings,2,No Loan,0,153600,144200,Yes,698.25,2568.14,0.0,759.66,2611.05,1018.58,979.85,1105.31,4026.05,5714.79,-1688.74,-41.95,Low Profitability
C04014,70,Male,East,Retired,537000,Mass,Savings,2,No Loan,0,905000,969200,Yes,2980.72,4657.28,0.0,139.68,2356.48,353.4,1398.45,792.25,7777.68,4900.59,2877.1,36.99,Low Profitability
C04015,34,Male,North,Salaried,680000,Mass,Savings,2,Auto Loan,309493,420700,222000,No,25448.74,1987.56,6138.25,1516.78,1977.92,993.16,535.76,1052.47,35091.33,4559.31,30532.02,87.01,Highly Profitable
C04016,70,Male,West,Professional,364000,Mass,Savings,4,No Loan,0,530500,582400,Yes,1132.6,6875.3,0.0,1578.83,2719.78,356.96,682.91,823.39,9586.73,4583.04,5003.69,52.19,Low Profitability
C04017,48,Female,West,Professional,670000,Mass,Savings,4,Personal Loan,271529,977800,494300,No,33260.98,4823.2,5461.67,1241.65,2278.27,1276.64,303.71,1706.92,44787.49,5565.54,39221.96,87.57,Highly Profitable
C04018,66,Male,West,Business Owner,381000,Mass,Savings,4,Education Loan,634917,276100,175000,Yes,42875.99,9020.9,14437.68,1621.8,3288.22,2103.41,1117.85,1866.4,67956.37,8375.88,59580.5,87.67,Highly Profitable
C04019,44,Female,West,Salaried,1222000,Affluent,Savings,4,Personal Loan,410550,1293400,1099800,No,49705.78,4894.05,7239.52,2143.08,1772.17,1981.71,1415.07,1821.13,63982.43,6990.08,56992.36,89.08,Highly Profitable
C04020,35,Male,West,Salaried,662000,Mass,Current,3,No Loan,0,788400,301000,Yes,1629.73,9320.0,0.0,710.77,2701.53,1028.61,1040.6,1184.85,11660.5,5955.58,5704.92,48.93,Low Profitability
C04021,42,Male,South,Salaried,936000,Affluent,Savings,3,No Loan,0,782200,372700,Yes,2165.18,4177.41,0.0,1391.8,3254.64,1737.46,787.64,831.31,7734.4,6611.05,1123.35,14.52,Low Profitability
C04022,50,Female,South,Salaried,264000,Mass,Savings,2,Personal Loan,154939,195500,169900,Yes,18172.61,4493.04,3757.89,424.49,3204.37,1688.82,519.39,1931.93,26848.03,7344.51,19503.52,72.64,Profitable
C04023,24,Male,North,Business Owner,968000,Affluent,Current,3,Home Loan,1230273,1506200,1624000,Yes,63491.25,6899.02,11267.68,663.37,2952.72,1397.61,1096.03,2383.03,82321.32,7829.38,74491.94,90.49,Highly Profitable
C04024,33,Female,South,Self-Employed,1595000,Affluent,Savings,1,No Loan,0,770700,672700,Yes,2143.77,2401.4,0.0,831.65,1680.48,1638.64,419.95,1683.98,5376.82,5423.06,-46.24,-0.86,Low Profitability
C04025,43,Female,West,Self-Employed,747000,Mass,Savings,3,Home Loan,4139173,1091800,1073200,No,192715.32,2875.97,45920.46,1808.53,1851.95,2016.38,1067.94,2871.12,243320.28,7807.39,235512.9,96.79,Highly Profitable
C04026,28,Female,East,Salaried,933000,Affluent,Salary,2,Personal Loan,624461,453600,127900,Yes,69886.18,3620.85,7904.65,452.75,2729.96,834.38,496.64,2511.48,81864.43,6572.47,75291.96,91.97,Highly Profitable
C04027,38,Male,West,Salaried,614000,Mass,Savings,3,Auto Loan,175210,801400,593400,No,17924.51,5055.89,3296.48,1771.15,2780.87,633.83,352.94,1347.55,28048.04,5115.18,22932.86,81.76,Profitable
C04028,32,Female,South,Salaried,860000,Mass,Savings,2,No Loan,0,537200,551700,Yes,2889.18,5840.1,0.0,324.76,2352.49,911.23,1743.99,779.12,9054.04,5786.83,3267.21,36.09,Low Profitability
C04029,51,Female,West,Salaried,1689000,Affluent,Salary,1,Home Loan,2133176,2837800,2355500,No,112028.16,1970.28,48000.01,1731.24,987.46,1460.91,295.06,3759.79,163729.69,6503.22,157226.47,96.03,Highly Profitable
C04030,34,Female,East,Professional,2408000,Premium,Salary,3,Education Loan,246561,2766500,2282300,No,23105.5,5176.86,3052.24,1979.1,1683.21,1216.82,1611.66,972.0,33313.7,5483.7,27830.0,83.54,Profitable
C04031,54,Male,North,Salaried,833000,Mass,Savings,2,Home Loan,3558261,858200,362700,Yes,162873.97,7009.55,29928.27,2264.73,2849.16,1577.33,1732.58,7660.07,202076.53,13819.13,188257.39,93.16,Highly Profitable
C04032,38,Male,West,Business Owner,400000,Mass,Salary,1,Personal Loan,114389,254800,250200,Yes,13807.9,2640.32,2080.58,2092.02,1978.8,1146.77,1310.15,912.75,20620.82,5348.46,15272.36,74.06,Profitable
C04033,54,Male,South,Self-Employed,986000,Affluent,Salary,2,No Loan,0,975400,961100,No,3922.1,4546.22,0.0,1634.76,1269.42,1537.26,1744.91,1254.49,10103.09,5806.07,4297.02,42.53,Low Profitability
C04034,31,Male,West,Professional,354000,Mass,Savings,2,No Loan,0,91600,70700,No,290.04,1643.24,0.0,1990.35,1720.55,468.52,1412.86,1164.65,3923.63,4766.58,-842.95,-21.48,Low Profitability
C04035,61,Male,South,Salaried,497000,Mass,Current,4,Home Loan,3997018,192100,117700,No,180784.36,4669.99,64267.64,1825.19,3176.69,1124.65,487.69,5111.8,251547.19,9900.83,241646.36,96.06,Highly Profitable
C04036,32,Male,South,Self-Employed,529000,Mass,Savings,3,No Loan,0,336900,320300,Yes,1724.47,8328.24,0.0,1235.9,2890.08,1526.74,1092.66,1577.33,11288.61,7086.82,4201.8,37.22,Low Profitability
C04037,69,Female,West,Salaried,2151000,Premium,Savings,4,Auto Loan,242205,3691700,2382100,No,29763.53,5092.45,3572.49,1988.5,2969.85,853.43,1349.63,1290.69,40416.97,6463.61,33953.35,84.01,Highly Profitable
C04038,35,Female,North,Salaried,1536000,Affluent,Current,1,Education Loan,448597,1416200,1344300,Yes,32477.4,2558.18,4894.75,112.81,2271.07,913.74,1148.95,2040.98,40043.13,6374.75,33668.38,84.08,Highly Profitable
C04039,51,Female,West,Self-Employed,1371000,Affluent,Savings,2,No Loan,0,1111500,736000,Yes,4776.62,5497.13,0.0,2030.3,2767.65,338.52,873.6,903.14,12304.05,4882.9,7421.15,60.31,Low Profitability
C04040,69,Male,South,Business Owner,1099000,Affluent,Salary,3,No Loan,0,1565800,1163100,No,5615.08,5167.58,0.0,2317.81,2205.81,1794.71,728.41,761.15,13100.46,5490.08,7610.38,58.09,Low Profitability
C04041,49,Male,West,Salaried,425000,Mass,Salary,1,Education Loan,336531,550200,487400,No,24906.74,1175.29,3012.91,2292.83,1372.01,1222.6,1656.33,1672.06,31387.77,5923.01,25464.76,81.13,Profitable
C04042,46,Female,North,Salaried,797000,Mass,Salary,1,Personal Loan,215120,992700,471800,No,25827.33,2293.77,4893.08,2496.54,1020.87,616.47,1556.2,1853.14,35510.72,5046.68,30464.04,85.79,Highly Profitable
C04043,38,Female,East,Business Owner,1924000,Premium,Savings,3,Personal Loan,580271,2211400,1016800,No,73895.3,5601.67,5879.0,769.14,1736.59,1497.57,1568.55,1627.12,86145.11,6429.84,79715.27,92.54,Highly Profitable
C04044,52,Female,West,Salaried,895000,Mass,Savings,3,Home Loan,1855310,326200,266700,No,84203.3,5895.44,17016.32,428.34,1689.46,526.97,813.11,3571.14,107543.41,6600.67,100942.73,93.86,Highly Profitable
C04045,42,Female,East,Self-Employed,1234000,Affluent,Salary,2,No Loan,0,980400,1040000,Yes,2404.94,5933.21,0.0,1282.12,2970.35,1183.42,889.52,548.46,9620.27,5591.75,4028.52,41.88,Low Profitability
C04046,58,Male,South,Professional,289000,Mass,Savings,2,Education Loan,459831,473100,297600,Yes,31532.99,3510.14,11132.62,922.02,1935.62,555.94,1760.37,1738.16,47097.78,5990.09,41107.69,87.28,Highly Profitable
C04047,37,Female,West,Self-Employed,1041000,Affluent,Savings,4,Auto Loan,274607,1804500,1828800,No,25854.72,6423.45,3157.31,1197.45,2447.41,1585.6,1592.13,1174.18,36632.93,6799.32,29833.61,81.44,Profitable
C04048,43,Male,North,Business Owner,392000,Mass,Salary,1,No Loan,0,338700,233900,Yes,896.59,3412.01,0.0,970.86,2338.3,659.35,1266.62,1421.69,5279.46,5685.97,-406.51,-7.7,Low Profitability
C04049,44,Male,South,Business Owner,620000,Mass,Savings,5,No Loan,0,94100,101400,No,486.73,4623.57,0.0,2152.12,2575.7,2112.25,694.75,789.61,7262.42,6172.31,1090.11,15.01,Low Profitability
C04050,70,Female,North,Professional,1530000,Affluent,Savings,5,Education Loan,191718,1490000,1375600,Yes,16825.89,11591.17,3752.45,1402.41,2971.24,1443.11,782.61,722.89,33571.92,5919.85,27652.06,82.37,Profitable
C04051,28,Male,West,Business Owner,847000,Mass,Savings,4,Home Loan,4593456,444500,435900,No,208242.91,8570.08,89827.56,2002.96,2659.81,342.09,1331.44,3778.38,308643.5,8111.72,300531.78,97.37,Highly Profitable
C04052,61,Male,West,Salaried,1096000,Affluent,Savings,2,No Loan,0,504500,417600,Yes,2841.11,3444.49,0.0,815.43,2544.45,1097.61,268.75,752.95,7101.03,4663.76,2437.27,34.32,Low Profitability
C04053,26,Male,South,Salaried,632000,Mass,Savings,1,No Loan,0,390700,386100,No,2009.02,2232.19,0.0,1047.27,1173.3,604.88,1673.74,1223.21,5288.48,4675.12,613.36,11.6,Low Profitability
C04054,25,Male,South,Retired,243000,Mass,Savings,5,No Loan,0,85600,64500,No,350.63,6391.04,0.0,787.31,3179.56,1449.89,704.29,1063.95,7528.98,6397.69,1131.3,15.03,Low Profitability
C04055,64,Female,North,Salaried,418000,Mass,Savings,2,Education Loan,685228,94300,69000,No,44763.84,3826.72,11033.08,2431.5,1373.53,1753.87,706.99,2325.61,62055.14,6160.01,55895.13,90.07,Highly Profitable
C04056,49,Male,West,Self-Employed,1018000,Affluent,Salary,2,Personal Loan,362310,899700,893100,Yes,45056.0,5675.23,6604.77,1169.01,2353.25,886.06,201.87,1093.79,58505.01,4534.97,53970.04,92.25,Highly Profitable
C04057,48,Male,South,Professional,841000,Mass,Savings,2,Personal Loan,611416,490500,128900,Yes,69628.03,6026.46,12780.9,1083.36,2755.18,1583.54,1256.6,1722.28,89518.75,7317.61,82201.14,91.83,Highly Profitable
C04058,31,Male,East,Self-Employed,1747000,Affluent,Current,2,Education Loan,608143,1000500,657300,No,41670.8,3570.36,6340.29,2115.65,1925.96,1955.36,1031.15,2748.25,53697.09,7660.71,46036.38,85.73,Highly Profitable
C04059,21,Male,West,Salaried,750000,Mass,Savings,4,Personal Loan,262494,386700,382700,No,31115.36,3970.03,4487.03,1917.0,2349.38,2020.07,972.3,1616.28,41489.42,6958.03,34531.39,83.23,Highly Profitable
C04060,63,Male,West,Salaried,428000,Mass,Current,4,Personal Loan,824066,414900,172900,No,91596.1,3959.56,12966.11,2308.83,2976.88,533.51,876.86,2766.93,110830.61,7154.18,103676.43,93.54,Highly Profitable
C04061,39,Female,East,Salaried,690000,Mass,Salary,4,Education Loan,693487,938300,998600,No,49216.42,4158.5,10457.11,1910.42,2055.7,974.62,673.49,2729.22,65742.45,6433.03,59309.41,90.21,Highly Profitable
C04062,29,Male,South,Salaried,1212000,Affluent,Savings,3,No Loan,0,1495500,1315300,No,5347.27,7096.69,0.0,932.93,1851.46,818.71,877.26,1223.91,13376.88,4771.34,8605.55,64.33,Low Profitability
C04063,47,Female,South,Retired,266000,Mass,Current,2,Education Loan,140480,468200,420500,Yes,11904.61,3171.26,3504.66,824.36,2218.11,1384.11,207.92,1065.24,19404.88,4875.38,14529.5,74.88,Profitable
C04064,54,Female,East,Business Owner,847000,Mass,Savings,3,No Loan,0,1404400,1145500,No,7994.22,3180.58,0.0,1742.96,1747.16,1850.62,678.71,605.15,12917.77,4881.64,8036.13,62.21,Low Profitability
C04065,64,Female,South,Professional,350000,Mass,Savings,2,Personal Loan,922601,293500,185000,No,102776.12,4960.78,19190.77,411.15,1885.64,1523.44,1681.05,2068.56,127338.82,7158.68,120180.15,94.38,Highly Profitable
C04066,24,Male,West,Self-Employed,766000,Mass,Salary,1,No Loan,0,1142400,733200,Yes,5489.06,2443.51,0.0,313.17,1804.68,2167.74,1516.38,1510.09,8245.74,6998.89,1246.85,15.12,Low Profitability
C04067,56,Male,South,Salaried,1044000,Affluent,Salary,1,Education Loan,191673,474400,457000,Yes,14966.68,4519.32,3648.4,2006.68,1797.18,375.06,1209.47,1429.53,25141.08,4811.24,20329.84,80.86,Profitable
C04068,38,Female,South,Salaried,948000,Affluent,Savings,3,Personal Loan,720017,474300,174700,Yes,81706.77,7580.05,17857.2,1626.17,3043.79,678.19,1525.3,2202.17,108770.19,7449.44,101320.75,93.15,Highly Profitable
C04069,35,Male,East,Salaried,1463000,Affluent,Salary,1,No Loan,0,1911400,1326000,No,8403.51,1925.63,0.0,625.28,1175.13,1917.59,1067.64,1676.27,10954.42,5836.63,5117.79,46.72,Low Profitability
C04070,33,Female,West,Self-Employed,804000,Mass,Savings,5,No Loan,0,408100,209500,Yes,1227.02,14019.35,0.0,1706.8,4143.41,1046.07,352.42,1664.62,16953.17,7206.52,9746.65,57.49,Low Profitability
C04071,39,Female,North,Self-Employed,928000,Affluent,Current,5,Personal Loan,624830,830100,902000,Yes,71429.82,9171.75,5805.28,842.73,3537.57,1779.68,937.99,1352.6,87249.58,7607.84,79641.73,91.28,Highly Profitable
C04072,69,Female,South,Self-Employed,947000,Affluent,Savings,1,Home Loan,4810071,645300,163400,Yes,219461.97,3174.69,83831.22,781.95,2076.34,2146.19,1678.04,9030.29,307249.83,14930.86,292318.97,95.14,Highly Profitable
C04073,26,Female,West,Self-Employed,411000,Mass,Current,2,Personal Loan,353902,219400,66700,No,39971.68,2418.35,5130.38,756.21,2046.72,1421.44,303.75,1961.5,48276.62,5733.41,42543.2,88.12,Highly Profitable
C04074,68,Male,North,Retired,653000,Mass,Savings,4,Auto Loan,175531,264400,283500,Yes,14086.49,5246.3,3490.58,1316.25,4169.3,1565.36,1378.41,793.68,24139.61,7906.74,16232.87,67.25,Profitable
C04075,32,Male,East,Salaried,181000,Mass,Salary,5,Auto Loan,728057,209900,149500,Yes,55769.44,8967.97,6280.77,2359.25,3808.39,1030.53,1319.79,2617.37,73377.43,8776.08,64601.35,88.04,Highly Profitable
C04076,57,Female,North,Business Owner,861000,Mass,Salary,4,Personal Loan,349298,209000,76900,Yes,39175.23,11866.59,5452.96,2376.22,3507.9,2008.51,717.48,1999.31,58871.01,8233.2,50637.81,86.01,Highly Profitable
C04077,37,Male,South,Salaried,180000,Mass,Savings,2,Personal Loan,962905,235700,148800,Yes,107049.5,5508.64,15798.94,1411.33,1915.33,1573.61,1586.71,3014.55,129768.4,8090.2,121678.2,93.77,Highly Profitable
C04078,43,Male,East,Self-Employed,1117000,Affluent,Current,1,No Loan,0,1816600,952400,Yes,5154.76,2577.33,0.0,2184.47,2057.0,1447.54,1259.01,1696.16,9916.56,6459.71,3456.85,34.86,Low Profitability
C04079,46,Female,West,Salaried,1738000,Affluent,Salary,2,Education Loan,429887,1245700,1276300,No,32193.39,4681.43,6250.32,1312.55,1621.82,352.5,549.19,2179.79,44437.69,4703.29,39734.4,89.42,Highly Profitable
C04080,49,Female,East,Self-Employed,921000,Affluent,Savings,2,No Loan,0,766100,639300,No,3205.58,3685.49,0.0,1280.95,2037.07,1239.77,1224.22,1140.37,8172.03,5641.43,2530.6,30.97,Low Profitability
C04081,53,Female,South,Salaried,1003000,Affluent,Savings,2,No Loan,0,1127800,407100,Yes,2425.38,6199.79,0.0,191.62,2619.62,2190.68,1524.4,1640.72,8816.79,7975.42,841.36,9.54,Low Profitability
C04082,47,Female,North,Salaried,1358000,Affluent,Savings,4,Home Loan,2656960,1696500,1197700,No,123240.59,9763.19,41030.75,1888.24,2818.98,1153.53,1603.52,3354.45,175922.76,8930.48,166992.28,94.92,Highly Profitable
C04083,45,Male,North,Professional,551000,Mass,Savings,2,Education Loan,553784,578000,210600,No,37775.8,4784.61,6826.53,1629.36,2023.21,2118.35,1719.25,1948.81,51016.3,7809.63,43206.68,84.69,Highly Profitable
C04084,30,Female,East,Salaried,348000,Mass,Savings,4,Personal Loan,605985,448600,365800,No,69040.9,7906.88,5314.1,981.15,2050.26,2164.73,277.49,2524.07,83243.04,7016.55,76226.49,91.57,Highly Profitable
C04085,67,Female,West,Salaried,668000,Mass,Savings,2,Auto Loan,512019,991400,860700,Yes,41242.78,3843.32,12716.06,452.74,2671.02,1528.13,452.79,1863.29,58254.9,6515.22,51739.68,88.82,Highly Profitable
C04086,43,Female,West,Self-Employed,460000,Mass,Savings,2,No Loan,0,820400,597100,Yes,4547.9,4339.07,0.0,2476.92,2121.81,870.19,472.22,625.57,11363.9,4089.8,7274.1,64.01,Low Profitability
C04087,41,Male,West,Self-Employed,730000,Mass,Savings,2,Personal Loan,835362,582600,624000,No,94723.73,4800.56,20677.41,2060.13,1455.19,671.39,583.71,2809.53,122261.82,5519.82,116742.0,95.49,Highly Profitable
C04088,41,Male,West,Business Owner,805000,Mass,Salary,2,No Loan,0,897400,944700,Yes,4267.75,5459.98,0.0,1605.43,2809.39,1337.64,1295.75,1475.19,11333.15,6917.97,4415.18,38.96,Low Profitability
C04089,63,Female,North,Self-Employed,538000,Mass,Salary,4,Auto Loan,793718,414600,176200,No,61476.01,9968.59,18263.51,139.9,2925.57,499.42,867.09,1569.01,89848.01,5861.09,83986.92,93.48,Highly Profitable
C04090,33,Male,East,Salaried,473000,Mass,Current,2,Personal Loan,530464,256600,64200,No,59866.32,4722.19,8304.56,2187.46,2077.61,1261.47,392.98,1420.44,75080.53,5152.49,69928.04,93.14,Highly Profitable
C04091,57,Male,East,Salaried,214000,Mass,Savings,4,Personal Loan,316695,384300,312600,No,36579.15,5775.34,4413.34,1563.53,3174.08,1549.67,1759.59,960.06,48331.36,7443.4,40887.96,84.6,Highly Profitable
C04092,53,Female,West,Professional,638000,Mass,Savings,5,No Loan,0,110300,72200,No,507.06,11440.82,0.0,479.22,3936.67,1134.08,361.72,1752.96,12427.09,7185.43,5241.67,42.18,Low Profitability
C04093,44,Male,North,Salaried,550000,Mass,Savings,4,Personal Loan,477573,141200,75500,No,53071.51,6836.28,5196.79,2053.89,1773.68,585.85,1609.55,1582.33,67158.46,5551.41,61607.05,91.73,Highly Profitable
C04094,64,Male,South,Professional,572000,Mass,Current,3,No Loan,0,636100,654800,Yes,3491.7,6692.17,0.0,1548.59,2293.17,1830.49,742.23,582.3,11732.45,5448.19,6284.26,53.56,Low Profitability
C04095,31,Male,West,Salaried,1047000,Affluent,Savings,3,No Loan,0,1383300,1496400,Yes,3084.23,5643.36,0.0,1373.97,3268.6,1328.14,397.29,532.14,10101.56,5526.17,4575.39,45.29,Low Profitability
C04096,37,Male,South,Business Owner,2063000,Premium,Savings,2,No Loan,0,2790400,2904800,Yes,9423.79,5608.41,0.0,435.89,2344.62,813.71,283.88,640.03,15468.08,4082.25,11385.84,73.61,Profitable
C04097,24,Female,East,Retired,575000,Mass,Salary,3,No Loan,0,753500,508700,Yes,2371.0,6434.0,0.0,711.34,2280.82,329.81,958.84,1389.8,9516.34,4959.28,4557.07,47.89,Low Profitability
C04098,67,Male,East,Business Owner,866000,Mass,Savings,5,No Loan,0,1256700,1065500,No,4513.86,4814.25,0.0,1757.13,2109.51,1333.97,861.95,772.01,11085.24,5077.44,6007.8,54.2,Low Profitability
C04099,45,Male,North,Salaried,805000,Mass,Salary,1,No Loan,0,1109800,439300,Yes,4350.02,2981.73,0.0,940.33,1667.24,1757.73,980.43,1169.67,8272.08,5575.06,2697.01,32.6,Low Profitability
C04100,50,Female,North,Self-Employed,1307000,Affluent,Salary,4,No Loan,0,1373500,1453500,Yes,7999.75,9411.81,0.0,931.72,4106.88,991.46,1269.06,1581.27,18343.27,7948.68,10394.6,56.67,Profitable
C04101,29,Female,West,Self-Employed,424000,Mass,Savings,4,Personal Loan,915218,392500,192800,No,102910.42,4058.04,18783.42,532.64,3000.74,1555.94,634.39,2879.34,126284.53,8070.4,118214.13,93.61,Highly Profitable
C04102,41,Female,North,Self-Employed,417000,Mass,Salary,5,Personal Loan,140198,558100,231000,No,17902.57,8290.92,1292.79,593.97,3130.09,1811.8,202.47,1129.61,28080.25,6273.97,21806.28,77.66,Profitable
C04103,40,Male,North,Salaried,445000,Mass,Savings,2,Auto Loan,514673,604500,182000,No,39857.53,3907.35,4748.22,1718.27,1602.23,1192.46,1062.07,1890.04,50231.37,5746.8,44484.56,88.56,Highly Profitable
C04104,39,Male,East,Business Owner,201000,Mass,Salary,2,Personal Loan,338935,140400,100800,Yes,37875.69,5160.54,7009.32,2312.42,2484.54,813.3,282.33,1321.96,52357.98,4902.12,47455.86,90.64,Highly Profitable
C04105,39,Female,East,Salaried,683000,Mass,Savings,2,No Loan,0,105800,111700,No,240.58,4689.53,0.0,230.34,1480.72,1086.22,1507.96,821.14,5160.46,4896.04,264.42,5.12,Low Profitability
C04106,32,Male,East,Salaried,392000,Mass,Salary,4,Home Loan,2108506,262100,95700,No,95784.11,9613.48,38081.89,1281.72,3017.76,1746.32,1493.43,3709.16,144761.2,9966.67,134794.53,93.12,Highly Profitable
C04107,57,Female,East,Business Owner,804000,Mass,Current,1,No Loan,0,830000,292700,Yes,2670.87,3501.29,0.0,2394.78,2068.72,714.97,393.12,1145.94,8566.95,4322.74,4244.2,49.54,Low Profitability
C04108,62,Male,West,Salaried,188000,Mass,Savings,2,Home Loan,869831,191400,92200,Yes,40021.37,4880.67,13639.86,1384.6,2013.99,784.85,1724.21,3098.42,59926.5,7621.47,52305.03,87.28,Highly Profitable
C04109,37,Male,South,Professional,678000,Mass,Current,2,No Loan,0,526700,429600,No,1091.07,3142.1,0.0,1116.0,1571.16,983.48,844.26,851.56,5349.17,4250.46,1098.71,20.54,Low Profitability
C04110,57,Female,West,Professional,608000,Mass,Salary,2,Personal Loan,310959,1026500,734600,No,39496.91,3589.11,5827.49,796.9,1566.56,1492.3,1094.49,1364.59,49710.41,5517.94,44192.47,88.9,Highly Profitable
C04111,68,Female,West,Retired,519000,Mass,Salary,2,Personal Loan,284289,485800,161200,No,33849.29,3357.99,3232.1,1910.74,1591.05,757.47,1400.53,1281.83,42350.12,5030.89,37319.23,88.12,Highly Profitable
C04112,59,Female,North,Business Owner,1212000,Affluent,Current,3,Education Loan,638644,459900,287900,No,42491.17,2903.46,5685.93,2248.57,1532.75,1240.51,504.24,1698.18,53329.13,4975.69,48353.44,90.67,Highly Profitable
C04113,48,Male,South,Self-Employed,450000,Mass,Current,5,No Loan,0,211200,64800,Yes,491.52,11828.61,0.0,2475.63,4372.92,1506.57,217.12,743.99,14795.75,6840.61,7955.15,53.77,Low Profitability
C04114,61,Male,South,Salaried,827000,Mass,Savings,2,Education Loan,138599,253100,246500,Yes,10447.23,6879.4,1641.01,841.19,2904.3,1291.32,1380.96,849.41,19808.83,6425.98,13382.84,67.56,Profitable
C04115,55,Male,West,Self-Employed,495000,Mass,Salary,4,Personal Loan,939090,293400,100100,Yes,104609.62,8695.76,23409.8,405.34,3674.1,312.78,1465.35,2554.78,137120.52,8007.0,129113.51,94.16,Highly Profitable
C04116,67,Male,West,Salaried,1743000,Affluent,Current,3,Education Loan,193516,1137800,740300,Yes,19224.88,3704.12,1927.83,1836.73,2111.8,1250.4,1255.31,682.39,26693.57,5299.91,21393.66,80.15,Profitable
C04117,68,Male,West,Salaried,649000,Mass,Salary,1,Personal Loan,975682,455200,311300,No,109068.61,1348.82,9702.17,2094.01,1188.67,975.88,1195.11,1934.25,122213.62,5293.92,116919.71,95.67,Highly Profitable
C04118,38,Male,West,Business Owner,1015000,Affluent,Current,4,Home Loan,1581878,1552600,1087800,No,75473.63,4033.64,30622.31,2194.92,2060.01,387.09,1643.75,2345.4,112324.51,6436.25,105888.26,94.27,Highly Profitable
C04119,34,Male,West,Salaried,979000,Affluent,Savings,1,Home Loan,4537040,1383400,1062100,Yes,208982.01,4102.64,57131.69,1550.05,1827.59,2038.84,1613.32,9194.0,271766.38,14673.75,257092.63,94.6,Highly Profitable
C04120,55,Female,South,Salaried,1314000,Affluent,Savings,4,Auto Loan,364472,1272700,1077100,No,34610.11,4131.01,8953.14,2404.8,3110.31,1533.91,352.25,1132.6,50099.06,6129.07,43969.99,87.77,Highly Profitable
C04121,64,Female,South,Professional,759000,Mass,Savings,3,Personal Loan,113636,670300,170100,Yes,14149.72,4491.23,1366.96,369.02,3109.21,2035.41,522.99,898.61,20376.93,6566.22,13810.72,67.78,Profitable
C04122,61,Female,North,Salaried,339000,Mass,Savings,3,Home Loan,1243605,262300,72500,No,57422.93,5061.85,23132.78,839.12,1725.71,880.42,1229.56,3593.09,86456.68,7428.78,79027.9,91.41,Highly Profitable
C04123,27,Male,South,Salaried,893000,Mass,Savings,2,Personal Loan,711228,153900,118500,No,78868.99,1821.06,10603.78,819.28,1749.53,2055.83,329.46,2255.0,92113.1,6389.82,85723.28,93.06,Highly Profitable
C04124,61,Female,West,Salaried,815000,Mass,Current,3,Personal Loan,304520,1359100,550200,No,36596.24,5633.61,2903.6,1057.13,1639.6,1138.75,1075.31,1503.73,46190.58,5357.39,40833.19,88.4,Highly Profitable
C04125,33,Male,East,Business Owner,180000,Mass,Savings,4,Auto Loan,802092,113600,108700,Yes,60565.75,10659.33,16070.62,1902.12,3277.25,914.33,423.36,2807.4,89197.82,7422.35,81775.47,91.68,Highly Profitable
C04126,38,Male,West,Business Owner,279000,Mass,Savings,3,No Loan,0,429400,336400,No,1276.6,3677.02,0.0,148.56,2281.01,1899.08,1712.91,1070.78,5102.18,6963.78,-1861.6,-36.49,Low Profitability
C04127,57,Female,South,Business Owner,1032000,Affluent,Savings,4,No Loan,0,1416300,1534300,Yes,6091.68,11314.24,0.0,141.67,4212.98,383.15,825.59,884.27,17547.59,6305.99,11241.6,64.06,Profitable
C04128,33,Male,East,Salaried,1529000,Affluent,Savings,3,Home Loan,2659940,518000,450000,No,121049.18,5695.07,43436.25,429.41,2346.48,1690.12,571.11,6347.07,170609.91,10954.78,159655.13,93.58,Highly Profitable
C04129,56,Male,East,Business Owner,669000,Mass,Savings,2,Home Loan,3888854,446100,145900,No,177570.23,2152.54,95628.21,545.81,1770.78,1942.43,1409.16,7748.82,275896.8,12871.19,263025.61,95.33,Highly Profitable
C04130,51,Male,West,Self-Employed,1092000,Affluent,Current,1,No Loan,0,1037000,410000,No,2950.38,1895.53,0.0,2473.99,1276.04,1955.53,528.89,608.63,7319.89,4369.1,2950.8,40.31,Low Profitability
C04131,22,Male,South,Salaried,743000,Mass,Savings,3,Home Loan,3830242,432800,125300,Yes,174322.21,4646.81,59300.09,719.05,2170.54,360.34,1569.37,5625.78,238988.16,9726.03,229262.14,95.93,Highly Profitable
C04132,36,Female,West,Self-Employed,714000,Mass,Savings,4,Home Loan,3063612,580800,511100,No,140955.3,5576.82,29688.78,1197.94,3023.94,1975.1,1522.59,6421.15,177418.84,12942.77,164476.07,92.7,Highly Profitable
C04133,29,Female,West,Self-Employed,647000,Mass,Salary,1,No Loan,0,398600,142600,Yes,1747.3,3155.1,0.0,169.59,2136.39,1659.02,607.64,1298.36,5071.99,5701.41,-629.42,-12.41,Low Profitability
C04134,29,Female,West,Self-Employed,732000,Mass,Savings,1,Personal Loan,750383,877600,714500,Yes,86598.62,3904.74,15852.89,2333.16,1772.59,1906.42,731.79,1197.19,108689.41,5608.0,103081.42,94.84,Highly Profitable
C04135,58,Male,East,Business Owner,867000,Mass,Salary,1,Auto Loan,670674,646000,466500,No,52650.24,2214.42,15394.79,213.05,1351.63,1568.04,254.02,1411.3,70472.5,4585.0,65887.5,93.49,Highly Profitable
C04136,31,Female,East,Salaried,561000,Mass,Salary,3,Personal Loan,616271,404700,319000,No,68764.07,5956.33,11870.22,2265.57,2144.27,1723.15,678.43,1344.6,88856.19,5890.46,82965.73,93.37,Highly Profitable
C04137,42,Male,West,Self-Employed,1390000,Affluent,Savings,3,Personal Loan,139715,831400,567300,Yes,17468.19,5871.93,2039.09,580.71,2179.04,1473.29,461.31,1376.48,25959.93,5490.11,20469.82,78.85,Profitable
C04138,53,Male,North,Self-Employed,404000,Mass,Savings,3,No Loan,0,594900,155300,Yes,2860.66,5475.18,0.0,2281.39,3403.82,1194.42,256.99,1340.01,10617.23,6195.24,4421.99,41.65,Low Profitability
C04139,56,Female,East,Self-Employed,1784000,Affluent,Savings,2,Auto Loan,767052,2169000,1009100,Yes,68783.79,4762.89,10814.98,893.6,1933.77,2064.43,1721.4,1838.36,85255.26,7557.96,77697.3,91.13,Highly Profitable
C04140,65,Male,North,Self-Employed,622000,Mass,Savings,2,Auto Loan,558300,833200,835100,No,46346.1,3865.14,9130.98,1244.3,1695.38,509.9,1707.39,1733.73,60586.51,5646.4,54940.12,90.68,Highly Profitable
C04141,43,Female,North,Professional,680000,Mass,Savings,4,Personal Loan,768546,543900,565600,Yes,86417.03,5805.9,15631.35,1806.29,3555.0,421.12,1199.25,2382.0,109660.56,7557.38,102103.18,93.11,Highly Profitable
C04142,65,Male,North,Professional,496000,Mass,Savings,2,No Loan,0,761400,253300,No,4473.54,3885.11,0.0,1883.6,1795.48,1564.31,941.91,1635.21,10242.24,5936.91,4305.33,42.04,Low Profitability
C04143,65,Female,South,Business Owner,877000,Mass,Savings,2,Home Loan,2421470,734100,778000,Yes,112318.39,6268.92,20232.2,181.67,2217.42,1579.84,950.45,5493.46,139001.19,10241.16,128760.03,92.63,Highly Profitable
C04144,54,Female,North,Business Owner,569000,Mass,Salary,3,Personal Loan,778180,251100,205900,Yes,86256.24,8061.28,7236.85,146.69,2727.43,1899.62,1212.25,1961.77,101701.06,7801.08,93899.98,92.33,Highly Profitable
C04145,29,Male,South,Salaried,539000,Mass,Savings,4,Auto Loan,850376,535000,553300,No,64992.3,5958.08,16428.77,872.01,1768.34,1532.23,594.13,2345.88,88251.15,6240.58,82010.58,92.93,Highly Profitable
C04146,44,Male,North,Professional,981000,Affluent,Current,2,No Loan,0,867300,512600,No,3624.97,4368.09,0.0,1327.8,1327.57,466.42,1299.37,1615.24,9320.86,4708.59,4612.26,49.48,Low Profitability
C04147,28,Female,West,Self-Employed,1326000,Affluent,Current,5,No Loan,0,399600,134500,No,1983.73,7313.4,0.0,2196.11,2808.81,1970.81,242.71,536.39,11493.25,5558.73,5934.52,51.63,Low Profitability
C04148,27,Male,West,Salaried,395000,Mass,Savings,1,No Loan,0,491100,249000,No,1017.68,1897.71,0.0,534.29,951.02,488.34,1243.68,848.72,3449.68,3531.76,-82.08,-2.38,Low Profitability
C04149,56,Male,West,Salaried,1102000,Affluent,Savings,1,Personal Loan,327927,1641800,1372900,No,39503.77,2092.54,2734.85,994.42,956.16,1153.93,1029.79,1752.96,45325.58,4892.84,40432.74,89.21,Highly Profitable
C04150,38,Female,North,Salaried,1391000,Affluent,Savings,3,No Loan,0,1026100,950100,No,4425.75,6252.94,0.0,1144.95,2302.13,1495.78,1312.56,1398.73,11823.64,6509.2,5314.44,44.95,Low Profitability
C04151,23,Male,West,Salaried,265000,Mass,Current,3,Education Loan,592589,371700,108800,Yes,40733.44,5587.96,12344.04,1270.5,2636.57,1501.51,1180.14,1976.87,59935.94,7295.09,52640.85,87.83,Highly Profitable
C04152,48,Female,South,Salaried,440000,Mass,Savings,2,No Loan,0,491300,326200,Yes,2432.0,4190.78,0.0,1791.63,1834.29,1151.4,609.44,1269.76,8414.41,4864.89,3549.52,42.18,Low Profitability
C04153,26,Male,North,Salaried,1372000,Affluent,Current,3,Home Loan,1515370,823800,251000,No,70338.68,5531.11,33462.95,2283.77,1791.36,927.96,1060.08,4729.47,111616.5,8508.87,103107.63,92.38,Highly Profitable
C04154,64,Male,South,Business Owner,859000,Mass,Current,1,Personal Loan,456422,616400,606600,No,51654.23,1199.24,9711.96,409.8,1235.64,872.16,1256.24,2347.49,62975.22,5711.54,57263.69,90.93,Highly Profitable
C04155,64,Female,East,Salaried,1792000,Affluent,Salary,3,Personal Loan,720264,3066300,2008100,Yes,95349.61,4755.76,15796.03,1228.49,2467.52,2149.6,225.91,2647.04,117129.89,7490.08,109639.81,93.61,Highly Profitable
C04156,41,Male,South,Salaried,635000,Mass,Savings,2,Education Loan,508053,321300,330200,Yes,34706.77,2642.82,9988.75,2463.59,2461.87,946.11,1748.96,1971.14,49801.93,7128.08,42673.85,85.69,Highly Profitable
C04157,48,Male,East,Professional,524000,Mass,Savings,3,Personal Loan,803243,209900,66500,No,89160.09,2576.37,6713.22,1537.95,1827.81,1404.41,801.49,2781.62,99987.63,6815.34,93172.3,93.18,Highly Profitable
C04158,60,Male,North,Salaried,1480000,Affluent,Savings,3,No Loan,0,406800,216000,Yes,871.76,4538.34,0.0,2136.62,3441.61,1399.64,635.19,1058.72,7546.73,6535.15,1011.58,13.4,Low Profitability
C04159,21,Male,West,Professional,442000,Mass,Savings,4,No Loan,0,704900,581600,Yes,3570.34,6640.74,0.0,2235.35,3546.8,1384.62,1340.58,1767.24,12446.42,8039.24,4407.19,35.41,Low Profitability
C04160,56,Male,East,Business Owner,612000,Mass,Savings,3,Auto Loan,444832,770500,384900,No,36173.03,6816.56,6115.43,270.5,1687.19,1480.31,1461.48,958.08,49375.5,5587.06,43788.44,88.68,Highly Profitable
C04161,41,Male,East,Salaried,952000,Affluent,Current,3,Education Loan,130080,326100,314800,No,10172.3,3037.14,2273.26,1254.23,1604.18,798.65,868.47,990.07,16736.93,4261.37,12475.56,74.54,Profitable
C04162,63,Male,East,Salaried,1005000,Affluent,Salary,3,No Loan,0,1420400,1546500,Yes,3659.55,5489.72,0.0,2408.47,2766.63,943.31,1168.1,1165.56,11557.74,6043.6,5514.14,47.71,Low Profitability
C04163,55,Male,South,Salaried,451000,Mass,Savings,5,Home Loan,3599559,536000,262100,Yes,164045.37,10501.26,43003.91,458.22,4227.0,433.89,622.62,5598.52,218008.75,10882.03,207126.72,95.01,Highly Profitable
C04164,33,Female,South,Salaried,808000,Mass,Savings,4,Personal Loan,833602,1436000,799700,No,97591.8,6390.23,11413.75,552.24,1981.36,1384.92,1323.86,2000.28,115948.01,6690.42,109257.59,94.23,Highly Profitable
C04165,69,Female,West,Salaried,597000,Mass,Savings,4,Home Loan,4903634,593300,636200,No,222727.32,9954.16,56731.81,1314.54,3390.54,753.89,995.94,9054.32,290727.82,14194.69,276533.13,95.12,Highly Profitable
C04166,30,Male,South,Salaried,277000,Mass,Current,3,Education Loan,194662,277600,153900,Yes,14307.46,7966.7,4814.4,419.61,2848.75,625.72,423.19,1520.41,27508.17,5418.07,22090.1,80.3,Profitable
C04167,64,Female,West,Salaried,543000,Mass,Savings,3,No Loan,0,304800,220200,No,1539.72,3778.73,0.0,2163.76,1536.58,1883.44,1514.41,1739.33,7482.22,6673.76,808.46,10.81,Low Profitability
C04168,67,Female,West,Self-Employed,285000,Mass,Savings,2,Home Loan,2350465,132500,119800,No,106475.9,4053.23,44924.83,1930.68,1345.37,1405.59,1639.82,4758.5,157384.64,9149.28,148235.36,94.19,Highly Profitable
C04169,30,Male,North,Salaried,487000,Mass,Savings,4,Personal Loan,572020,662500,412500,Yes,64886.03,5743.82,12597.11,2138.97,3269.07,1360.77,752.16,1554.87,85365.93,6936.87,78429.06,91.87,Highly Profitable
C04170,66,Female,North,Professional,361000,Mass,Current,2,Home Loan,3616486,276100,156500,No,163718.9,3917.38,73128.23,1072.53,1310.51,596.4,794.11,8283.0,241837.04,10984.03,230853.02,95.46,Highly Profitable
C04171,33,Male,West,Salaried,1071000,Affluent,Savings,1,Personal Loan,733442,1440700,967100,No,84198.39,862.09,16448.29,1652.63,1331.34,1145.11,1435.37,2625.25,103161.4,6537.07,96624.33,93.66,Highly Profitable
C04172,57,Female,South,Professional,826000,Mass,Savings,3,Home Loan,4297782,1179400,1076300,No,200468.62,3417.95,102767.39,884.96,2743.0,1354.85,1570.03,7701.04,307538.92,13368.92,294170.0,95.65,Highly Profitable
C04173,58,Male,East,Salaried,1632000,Affluent,Savings,1,No Loan,0,2677200,1379700,Yes,8113.02,3091.14,0.0,251.6,2264.08,1132.22,1039.8,599.48,11455.76,5035.57,6420.19,56.04,Low Profitability
C04174,44,Male,South,Business Owner,422000,Mass,Savings,4,Personal Loan,115993,360900,197800,Yes,13626.23,7595.44,2060.93,1959.6,3731.28,1314.34,1583.75,1116.93,25242.21,7746.31,17495.9,69.31,Profitable
C04175,22,Female,North,Salaried,749000,Mass,Savings,4,Home Loan,2155799,230800,94800,No,97662.01,6963.03,52599.81,2432.03,3138.26,328.27,229.35,2569.88,159656.88,6265.76,153391.12,96.08,Highly Profitable
C04176,42,Male,East,Self-Employed,382000,Mass,Salary,3,No Loan,0,71000,60100,No,304.32,3723.1,0.0,786.29,1658.45,679.13,463.71,1175.17,4813.7,3976.47,837.24,17.39,Low Profitability
C04177,37,Male,West,Salaried,495000,Mass,Salary,2,No Loan,0,312600,317100,No,1044.92,4926.93,0.0,790.32,1539.53,712.01,1582.12,1411.11,6762.17,5244.78,1517.39,22.44,Low Profitability
C04178,56,Female,South,Self-Employed,562000,Mass,Savings,3,Personal Loan,661430,949000,387100,No,75277.69,4493.97,7894.24,595.7,1737.45,1018.44,1275.24,957.85,88261.6,4988.97,83272.63,94.35,Highly Profitable
C04179,34,Male,West,Salaried,2073000,Premium,Current,3,No Loan,0,2868800,801500,Yes,11111.68,7366.33,0.0,1123.81,2990.49,2087.44,1225.47,1648.53,19601.82,7951.93,11649.89,59.43,Profitable
C04180,30,Female,North,Self-Employed,855000,Mass,Savings,2,Home Loan,4810883,917100,526500,Yes,220783.48,4465.9,59188.62,1001.72,2024.82,1328.28,1248.97,10386.79,285439.71,14988.86,270450.85,94.75,Highly Profitable
C04181,55,Female,North,Salaried,652000,Mass,Salary,5,Auto Loan,211113,355600,212900,Yes,17490.25,11922.17,2145.08,2223.7,4315.21,787.08,377.31,1335.22,33781.22,6814.82,26966.39,79.83,Profitable
C04182,45,Male,South,Self-Employed,1267000,Affluent,Salary,1,No Loan,0,1680300,1342500,Yes,3459.71,3029.75,0.0,1996.66,2500.23,1661.7,1582.73,709.62,8486.12,6454.28,2031.84,23.94,Low Profitability
C04183,23,Male,West,Salaried,1014000,Affluent,Savings,4,Home Loan,1710366,1391600,449100,No,83954.59,9613.02,30582.87,2213.35,2362.58,715.75,356.36,3679.39,126363.83,7114.08,119249.75,94.37,Highly Profitable
C04184,67,Female,West,Salaried,679000,Mass,Savings,4,Home Loan,2798257,360000,341400,Yes,126988.84,9516.65,68433.95,2306.75,3543.02,599.46,527.18,5699.95,207246.19,10369.62,196876.57,95.0,Highly Profitable
C04185,58,Male,North,Self-Employed,1015000,Affluent,Savings,5,Personal Loan,747545,1338200,987400,No,89842.56,4643.06,13866.38,1730.18,2907.07,866.02,1381.73,2024.47,110082.19,7179.3,102902.89,93.48,Highly Profitable
C04186,37,Female,North,Retired,592000,Mass,Current,3,No Loan,0,206200,147200,No,526.62,6904.76,0.0,1644.01,1834.55,856.27,582.89,1491.02,9075.39,4764.73,4310.66,47.5,Low Profitability
C04187,32,Male,South,Self-Employed,3616000,Premium,Salary,3,Education Loan,416153,1149100,596300,No,31184.16,3326.02,8155.49,1218.74,1821.95,1100.54,1486.36,1800.98,43884.42,6209.83,37674.59,85.85,Highly Profitable
C04188,44,Male,West,Business Owner,1369000,Affluent,Savings,5,Personal Loan,540451,330100,185000,No,60522.05,4506.17,7857.84,299.01,3053.1,1657.22,1362.36,1340.06,73185.08,7412.74,65772.34,89.87,Highly Profitable
C04189,49,Male,North,Self-Employed,560000,Mass,Salary,4,No Loan,0,832600,247400,No,3301.65,4707.22,0.0,1171.07,1722.06,1399.98,1387.63,684.05,9179.94,5193.71,3986.22,43.42,Low Profitability
C04190,63,Female,West,Self-Employed,1063000,Affluent,Current,4,Home Loan,3276683,634100,564800,Yes,149514.31,5556.83,41936.31,970.19,3461.82,1235.78,876.93,6115.58,197977.64,11690.11,186287.53,94.1,Highly Profitable
C04191,45,Male,West,Salaried,947000,Affluent,Savings,4,Personal Loan,360273,1086100,829800,Yes,45152.8,9222.74,8250.63,1008.23,2946.18,2102.13,1094.45,1563.73,63634.4,7706.49,55927.9,87.89,Highly Profitable
C04192,56,Male,North,Salaried,818000,Mass,Savings,3,Auto Loan,850846,317700,343100,Yes,64934.26,7089.9,9058.82,1303.43,2253.85,361.29,915.5,3178.53,82386.41,6709.16,75677.25,91.86,Highly Profitable
C04193,46,Male,South,Professional,929000,Affluent,Savings,1,Education Loan,539407,817500,450100,Yes,37841.39,4049.01,5209.92,1365.52,2224.64,1067.62,1383.41,1599.28,48465.83,6274.95,42190.88,87.05,Highly Profitable
C04194,58,Male,West,Salaried,448000,Mass,Current,2,No Loan,0,87700,71600,No,516.11,3696.42,0.0,618.41,1878.56,1601.27,394.0,791.78,4830.94,4665.61,165.33,3.42,Low Profitability
C04195,21,Male,West,Business Owner,551000,Mass,Current,3,Home Loan,2087093,864500,891800,Yes,97043.33,6029.78,36147.29,759.56,2380.83,908.8,927.23,4617.31,139979.96,8834.17,131145.79,93.69,Highly Profitable
C04196,40,Male,North,Self-Employed,1743000,Affluent,Salary,2,Education Loan,141113,1813700,1550600,No,13743.09,4971.44,2766.17,587.67,1292.86,1203.32,1466.95,1910.74,22068.37,5873.87,16194.5,73.38,Profitable
C04197,48,Male,West,Salaried,783000,Mass,Salary,3,Personal Loan,500322,1267900,360400,No,58930.43,5581.01,11026.65,1867.35,1974.13,357.17,552.6,1479.39,77405.43,4363.29,73042.14,94.36,Highly Profitable
C04198,36,Male,North,Salaried,476000,Mass,Savings,3,Home Loan,2949488,438800,345500,Yes,134874.31,7467.73,40645.38,2414.52,3270.95,686.15,899.23,6151.02,185401.94,11007.34,174394.6,94.06,Highly Profitable
C04199,67,Male,North,Self-Employed,648000,Mass,Savings,2,Personal Loan,604332,435400,310700,Yes,67803.37,5235.33,12541.1,687.38,2318.61,454.98,665.67,2267.72,86267.17,5706.96,80560.21,93.38,Highly Profitable
C04200,37,Female,West,Salaried,522000,Mass,Salary,2,No Loan,0,423500,285600,No,1999.75,3117.73,0.0,2172.79,2077.49,2144.19,915.85,1625.38,7290.27,6762.91,527.36,7.23,Low Profitability
C04201,60,Female,West,Salaried,1147000,Affluent,Current,3,Home Loan,3101188,633500,456200,No,143138.63,7446.42,26117.7,1852.58,2042.29,1714.32,280.68,3572.45,178555.34,7609.74,170945.6,95.74,Highly Profitable
C04202,48,Male,East,Self-Employed,514000,Mass,Salary,4,Education Loan,239235,828100,531200,Yes,18445.65,5451.21,4843.53,834.88,3256.66,1541.36,960.32,1321.43,29575.27,7079.77,22495.5,76.06,Profitable
C04203,32,Male,South,Retired,717000,Mass,Savings,4,No Loan,0,457300,383200,No,1266.99,4257.09,0.0,1359.82,3067.51,304.02,850.66,561.29,6883.9,4783.48,2100.42,30.51,Low Profitability
C04204,47,Male,South,Salaried,486000,Mass,Salary,1,Personal Loan,857306,307200,80700,No,95798.86,1383.16,9889.44,1563.94,1380.37,1186.35,1700.02,2790.9,108635.41,7057.64,101577.77,93.5,Highly Profitable
C04205,62,Female,North,Business Owner,2358000,Premium,Savings,3,Education Loan,274478,2811100,1153300,No,28385.92,7012.5,6680.31,1951.44,2654.92,1645.35,606.33,990.04,44030.18,5896.64,38133.54,86.61,Highly Profitable
C04206,67,Male,South,Salaried,989000,Affluent,Savings,4,No Loan,0,348600,195400,Yes,761.55,10221.67,0.0,1406.46,3408.03,1455.74,614.47,1649.34,12389.68,7127.58,5262.1,42.47,Low Profitability
C04207,50,Male,East,Salaried,968000,Affluent,Savings,3,Home Loan,1290641,495300,314400,Yes,60215.48,4052.95,10862.51,1673.77,3110.62,1277.38,440.9,2228.02,76804.71,7056.92,69747.79,90.81,Highly Profitable
C04208,61,Female,South,Professional,1028000,Affluent,Salary,2,Personal Loan,918235,883400,318800,No,104823.8,2081.52,19206.93,869.25,1328.65,1875.75,599.51,2685.51,126981.5,6489.42,120492.08,94.89,Highly Profitable
C04209,54,Male,West,Business Owner,563000,Mass,Savings,2,No Loan,0,254100,240700,Yes,1201.09,5506.49,0.0,395.93,2791.28,936.91,1709.4,1209.88,7103.51,6647.46,456.04,6.42,Low Profitability
C04210,57,Male,North,Salaried,1616000,Affluent,Salary,2,No Loan,0,928500,965600,No,4587.78,2525.77,0.0,244.22,1515.4,1893.9,1203.98,1102.41,7357.76,5715.68,1642.08,22.32,Low Profitability
C04211,26,Male,North,Self-Employed,674000,Mass,Current,2,No Loan,0,879500,781500,Yes,4030.3,4721.45,0.0,800.39,2302.32,1037.73,224.94,895.89,9552.14,4460.88,5091.26,53.3,Low Profitability
C04212,27,Female,North,Salaried,1856000,Premium,Savings,2,Personal Loan,680643,1135400,1180200,No,78677.98,1615.61,10347.53,1702.66,1321.78,1403.19,255.1,1076.08,92343.78,4056.14,88287.63,95.61,Highly Profitable
C04213,52,Male,North,Business Owner,585000,Mass,Savings,3,No Loan,0,702800,619700,No,3754.02,4906.44,0.0,313.86,1798.28,1287.69,243.18,1325.89,8974.32,4655.04,4319.27,48.13,Low Profitability
C04214,52,Female,East,Salaried,1038000,Affluent,Savings,3,Personal Loan,418719,1002500,626500,No,51814.55,6813.04,6058.87,1873.29,2139.16,1079.98,604.92,2548.42,66559.76,6372.48,60187.28,90.43,Highly Profitable
C04215,45,Female,South,Professional,767000,Mass,Savings,4,No Loan,0,1086500,634700,No,3485.93,5679.24,0.0,1077.38,3311.92,806.23,292.08,1114.99,10242.56,5525.22,4717.34,46.06,Low Profitability
C04216,53,Male,West,Self-Employed,811000,Mass,Savings,2,No Loan,0,1126200,440800,No,3522.0,4595.12,0.0,1223.48,1434.84,1151.76,307.32,882.49,9340.6,3776.41,5564.19,59.57,Low Profitability
C04217,27,Male,West,Salaried,279000,Mass,Current,3,Education Loan,412080,132800,43000,No,27323.31,4169.32,3521.35,611.26,1525.7,530.49,900.5,2017.86,35625.24,4974.55,30650.68,86.04,Highly Profitable
C04218,32,Male,North,Professional,408000,Mass,Savings,3,No Loan,0,696200,304000,Yes,4137.56,7604.47,0.0,1773.49,2978.27,953.86,212.28,1428.81,13515.53,5573.22,7942.31,58.76,Low Profitability
C04219,36,Female,West,Retired,1606000,Affluent,Savings,5,Personal Loan,189883,2366700,1662200,Yes,27167.05,8600.6,4261.04,2429.16,4445.24,1401.54,226.34,1619.84,42457.84,7692.96,34764.88,81.88,Highly Profitable
C04220,36,Female,West,Salaried,345000,Mass,Savings,2,No Loan,0,354900,129400,No,1412.43,3350.1,0.0,1062.6,1260.33,417.24,1191.75,1745.44,5825.13,4614.76,1210.37,20.78,Low Profitability
C04221,63,Male,North,Professional,1143000,Affluent,Savings,2,No Loan,0,1227100,1298900,No,3407.48,4416.26,0.0,377.34,1364.47,1712.76,1316.25,658.67,8201.08,5052.15,3148.93,38.4,Low Profitability
C04222,56,Female,North,Professional,2925000,Premium,Salary,2,Home Loan,4042444,4438900,1934100,No,198065.63,4484.58,37498.82,141.14,1344.02,1378.14,1743.73,4221.93,240190.18,8687.81,231502.37,96.38,Highly Profitable
C04223,33,Male,East,Professional,949000,Affluent,Savings,3,Personal Loan,765072,900500,863200,No,87323.61,2790.29,14169.04,2178.82,2073.03,2133.52,974.02,1814.69,106461.75,6995.25,99466.5,93.43,Highly Profitable
C04224,27,Male,West,Retired,2255000,Premium,Current,5,Home Loan,2122352,2118600,2004200,No,104580.93,11899.03,49243.45,1792.75,2511.12,472.71,1108.98,3927.56,167516.17,8020.37,159495.8,95.21,Highly Profitable
C04225,56,Female,West,Self-Employed,1024000,Affluent,Savings,3,Personal Loan,699766,1218400,450800,No,79579.86,5061.3,10654.47,2131.34,2459.06,730.74,1148.04,2359.76,97426.98,6697.6,90729.37,93.13,Highly Profitable
C04226,67,Female,West,Business Owner,809000,Mass,Savings,4,No Loan,0,239200,204300,Yes,1250.78,5358.05,0.0,1042.41,3736.22,1322.43,1397.22,1025.73,7651.24,7481.6,169.64,2.22,Low Profitability
C04227,29,Male,North,Professional,860000,Mass,Savings,3,No Loan,0,955100,907800,Yes,4620.16,8016.3,0.0,1619.91,3400.2,1221.53,864.47,1434.3,14256.37,6920.5,7335.87,51.46,Low Profitability
C04228,52,Female,West,Self-Employed,635000,Mass,Salary,1,Home Loan,4144912,329800,330300,No,188499.63,1879.88,41572.84,1030.85,1120.15,1246.95,1776.05,4003.91,232983.19,8147.06,224836.13,96.5,Highly Profitable
C04229,31,Female,South,Self-Employed,624000,Mass,Savings,4,Personal Loan,756820,213800,226800,Yes,83896.51,8039.51,13850.6,888.76,3231.58,949.46,998.33,1365.52,106675.37,6544.89,100130.49,93.86,Highly Profitable
C04230,28,Female,West,Salaried,524000,Mass,Savings,2,Home Loan,3683294,783600,815400,Yes,170035.46,5280.07,91512.83,1516.78,2999.87,1945.58,404.29,4652.94,268345.15,10002.68,258342.46,96.27,Highly Profitable
C04231,53,Female,North,Professional,883000,Mass,Salary,1,No Loan,0,688700,354300,Yes,3058.8,2110.63,0.0,624.32,1918.46,397.52,1396.25,679.11,5793.75,4391.34,1402.4,24.21,Low Profitability
C04232,43,Female,South,Business Owner,2348000,Premium,Savings,5,No Loan,0,2300200,1098400,No,6725.68,8939.87,0.0,1849.56,2119.84,1957.4,1031.18,1591.79,17515.1,6700.21,10814.89,61.75,Profitable
C04233,45,Male,West,Self-Employed,1532000,Affluent,Savings,2,Auto Loan,616679,971600,571200,Yes,49343.4,5477.01,13977.24,1620.9,1958.81,1774.91,1240.02,1431.96,70418.55,6405.7,64012.86,90.9,Highly Profitable
C04234,28,Female,North,Salaried,783000,Mass,Savings,1,No Loan,0,157400,101600,No,327.64,1883.06,0.0,1075.54,1387.03,1798.1,1022.55,1440.88,3286.24,5648.56,-2362.32,-71.88,Low Profitability
C04235,65,Male,North,Salaried,981000,Affluent,Savings,2,Home Loan,1012891,863200,387400,No,48492.67,3635.94,13295.7,784.66,1651.25,2029.57,1241.24,2317.07,66208.98,7239.13,58969.85,89.07,Highly Profitable
C04236,42,Female,South,Salaried,668000,Mass,Salary,3,No Loan,0,927100,299600,Yes,5189.6,4892.61,0.0,963.4,2490.85,1376.68,924.71,1741.45,11045.62,6533.7,4511.92,40.85,Low Profitability
C04237,24,Male,North,Self-Employed,1530000,Affluent,Savings,1,Education Loan,360387,2143900,1732500,Yes,28358.14,1976.15,5352.15,847.45,1995.08,1945.1,825.1,1831.17,36533.89,6596.44,29937.45,81.94,Profitable
C04238,60,Female,North,Salaried,285000,Mass,Savings,2,Education Loan,584664,476300,189600,No,40723.95,3681.29,13336.55,967.18,1797.36,1069.71,502.18,2309.55,58708.96,5678.8,53030.16,90.33,Highly Profitable
C04239,23,Male,South,Professional,2024000,Premium,Salary,3,Home Loan,4124391,3110200,3196200,Yes,196540.59,7541.51,99836.4,138.22,3036.84,1600.13,730.77,6636.02,304056.71,12003.74,292052.97,96.05,Highly Profitable
C04240,49,Male,North,Self-Employed,519000,Mass,Salary,5,Personal Loan,681179,919100,454500,Yes,79491.61,13390.16,6881.74,916.84,4112.05,879.13,260.1,1376.0,100680.34,6627.29,94053.05,93.42,Highly Profitable
C04241,61,Male,North,Retired,567000,Mass,Savings,2,Auto Loan,202066,619800,259100,Yes,18027.22,6617.9,2122.99,1397.96,2408.21,1832.15,993.51,1321.14,28166.07,6555.01,21611.06,76.73,Profitable
C04242,49,Female,West,Salaried,357000,Mass,Salary,3,Personal Loan,735500,83600,34700,Yes,81297.08,6162.74,6915.02,1257.78,3229.56,365.91,888.86,1788.48,95632.62,6272.81,89359.81,93.44,Highly Profitable
C04243,54,Female,South,Retired,762000,Mass,Savings,3,Auto Loan,819669,1199800,595200,No,66506.38,5918.31,11852.85,438.85,2417.58,1906.09,384.95,2074.38,84716.4,6783.01,77933.39,91.99,Highly Profitable
C04244,54,Male,East,Salaried,481000,Mass,Salary,1,Personal Loan,355383,827700,637600,No,42284.75,1588.66,8709.72,2372.69,1047.83,523.3,1099.41,997.76,54955.82,3668.29,51287.52,93.33,Highly Profitable
C04245,48,Female,East,Business Owner,1327000,Affluent,Savings,2,No Loan,0,1215400,1314500,Yes,6943.7,3750.42,0.0,542.63,2256.26,596.23,1627.97,1208.67,11236.74,5689.13,5547.62,49.37,Low Profitability
C04246,33,Female,East,Self-Employed,1015000,Affluent,Savings,3,Education Loan,360476,343100,227600,No,25050.42,7221.27,6535.82,1487.03,1453.79,1737.54,1017.92,1222.16,40294.54,5431.42,34863.12,86.52,Highly Profitable
C04247,35,Female,South,Salaried,478000,Mass,Savings,4,Home Loan,3240337,91100,69200,Yes,146221.33,9721.89,51455.51,991.22,4152.31,749.88,277.95,5250.62,208389.94,10430.76,197959.19,94.99,Highly Profitable
C04248,43,Male,South,Salaried,432000,Mass,Salary,2,Personal Loan,505890,502100,485100,Yes,57492.1,7110.0,6647.62,1715.98,2338.05,1233.52,865.19,1191.2,72965.7,5627.97,67337.73,92.29,Highly Profitable
C04249,64,Female,South,Salaried,492000,Mass,Savings,1,Education Loan,322377,615800,328800,No,22740.52,2117.29,2581.69,1145.77,1207.52,1247.38,1659.71,1957.38,28585.27,6071.98,22513.29,78.76,Profitable
C04250,46,Male,North,Business Owner,416000,Mass,Savings,1,Auto Loan,676723,73500,29600,Yes,50901.76,4085.64,8437.63,198.43,1914.78,1012.97,1723.9,1864.03,63623.45,6515.68,57107.77,89.76,Highly Profitable
C04251,24,Female,North,Salaried,600000,Mass,Current,3,No Loan,0,1029800,637000,No,6099.38,4580.68,0.0,1621.14,2754.26,2071.82,1553.68,1331.75,12301.19,7711.52,4589.67,37.31,Low Profitability
C04252,46,Female,West,Retired,441000,Mass,Current,3,Home Loan,2899444,460700,240000,No,132790.23,2943.01,23293.31,2321.62,1880.72,1371.36,889.61,3193.63,161348.17,7335.32,154012.85,95.45,Highly Profitable
C04253,60,Female,West,Salaried,1331000,Affluent,Current,3,Personal Loan,581676,1544300,1523000,Yes,73213.04,6145.76,13513.44,2186.87,2800.32,1662.38,806.98,1999.57,95059.11,7269.24,87789.87,92.35,Highly Profitable
C04254,29,Female,South,Retired,532000,Mass,Current,3,Home Loan,1863553,575000,621700,Yes,86781.33,5642.27,17580.25,887.91,3868.33,1991.56,659.11,1925.04,110891.75,8444.04,102447.72,92.39,Highly Profitable
C04255,25,Male,North,Salaried,961000,Affluent,Salary,5,No Loan,0,646700,540000,No,1411.17,9019.78,0.0,880.32,2369.09,1468.0,429.01,1556.56,11311.27,5822.65,5488.62,48.52,Low Profitability
C04256,52,Male,West,Salaried,965000,Affluent,Savings,5,No Loan,0,1578700,1272000,Yes,5961.72,6934.24,0.0,1510.3,3326.92,1620.22,1641.17,917.46,14406.26,7505.76,6900.5,47.9,Low Profitability
C04257,40,Male,West,Salaried,253000,Mass,Savings,3,No Loan,0,39500,33900,Yes,97.45,5711.12,0.0,572.02,3693.13,1140.52,1286.32,1327.93,6380.58,7447.9,-1067.32,-16.73,Low Profitability
C04258,70,Male,East,Professional,1036000,Affluent,Savings,3,No Loan,0,1432700,927700,Yes,7457.32,4804.03,0.0,1606.46,3149.8,2191.36,1514.86,1437.88,13867.8,8293.9,5573.9,40.19,Low Profitability
C04259,31,Female,South,Self-Employed,274000,Mass,Salary,1,No Loan,0,204200,160200,Yes,560.31,2886.4,0.0,2022.82,1586.6,1774.23,359.52,911.67,5469.52,4632.01,837.51,15.31,Low Profitability
C04260,35,Female,North,Salaried,443000,Mass,Savings,2,No Loan,0,205500,63800,Yes,951.6,5874.39,0.0,588.45,2246.56,2133.71,474.62,1330.96,7414.44,6185.86,1228.59,16.57,Low Profitability
C04261,52,Female,North,Salaried,1010000,Affluent,Savings,3,Home Loan,4671821,878300,588000,No,214302.15,7458.83,109625.41,2399.03,2014.1,541.77,255.41,10205.14,333785.42,13016.4,320769.01,96.1,Highly Profitable
C04262,48,Male,North,Salaried,750000,Mass,Current,5,No Loan,0,357600,190400,Yes,1629.06,11997.14,0.0,1307.76,5006.51,343.51,914.17,1205.46,14933.95,7469.65,7464.3,49.98,Low Profitability
C04263,42,Male,West,Self-Employed,580000,Mass,Savings,1,Personal Loan,654906,918500,271100,No,77103.73,2427.85,9478.4,622.46,1325.89,1294.63,895.89,2378.22,89632.45,5894.62,83737.83,93.42,Highly Profitable
C04264,61,Male,North,Salaried,263000,Mass,Savings,4,Personal Loan,377685,384700,274300,No,43431.53,5130.05,7961.84,260.6,2625.29,1689.88,1533.47,2143.09,56784.03,7991.72,48792.3,85.93,Highly Profitable
C04265,37,Male,South,Professional,1190000,Affluent,Current,5,Personal Loan,621832,1861200,1035200,Yes,74562.01,5167.68,10359.75,787.62,4112.05,1882.64,247.05,2002.22,90877.06,8243.95,82633.1,90.93,Highly Profitable
C04266,46,Male,North,Business Owner,889000,Mass,Savings,4,No Loan,0,1359400,1022300,Yes,4430.52,5311.2,0.0,1236.27,3532.03,1912.75,1026.85,1415.71,10977.99,7887.35,3090.64,28.15,Low Profitability
C04267,64,Female,North,Professional,437000,Mass,Current,4,No Loan,0,660300,453100,No,1379.48,7514.27,0.0,1248.53,2896.3,845.24,1385.55,1554.02,10142.29,6681.11,3461.18,34.13,Low Profitability
C04268,27,Male,West,Self-Employed,412000,Mass,Savings,2,Personal Loan,553702,457100,221600,No,63482.13,4657.68,11727.65,590.68,1273.21,1742.36,1220.99,1145.96,80458.13,5382.51,75075.62,93.31,Highly Profitable
C04269,62,Female,North,Salaried,1231000,Affluent,Savings,1,Home Loan,3705463,2016700,1429800,No,171613.96,2355.37,86285.66,719.78,1075.52,598.99,1743.19,7360.95,260974.77,10778.65,250196.12,95.87,Highly Profitable
C04270,46,Male,West,Retired,826000,Mass,Salary,2,No Loan,0,204500,117000,No,800.92,4424.21,0.0,1727.93,1594.7,1286.66,1608.24,1080.32,6953.07,5569.92,1383.15,19.89,Low Profitability
C04271,45,Female,North,Salaried,331000,Mass,Savings,4,No Loan,0,205800,212600,No,830.2,8384.03,0.0,1959.57,2709.46,747.24,476.53,821.15,11173.8,4754.39,6419.42,57.45,Low Profitability
C04272,30,Female,North,Self-Employed,468000,Mass,Savings,1,Auto Loan,576264,234300,133400,No,44108.12,1317.13,10703.51,358.65,1036.17,740.19,827.66,1015.6,56487.4,3619.62,52867.78,93.59,Highly Profitable
C04273,65,Female,South,Professional,2054000,Premium,Salary,2,Personal Loan,350021,718500,204100,Yes,41589.8,3427.29,4044.31,1698.21,2659.1,869.43,1394.85,2271.82,50759.61,7195.21,43564.4,85.82,Highly Profitable
C04274,39,Female,North,Salaried,1215000,Affluent,Savings,3,Education Loan,628524,195000,175300,No,41812.88,5078.51,8053.48,2299.19,2130.77,884.07,874.17,1717.92,57244.06,5606.93,51637.13,90.21,Highly Profitable
C04275,31,Female,West,Salaried,700000,Mass,Savings,3,Auto Loan,815028,570100,609500,No,62714.79,4109.85,7564.35,184.51,2666.19,936.16,876.5,2335.07,74573.5,6813.91,67759.59,90.86,Highly Profitable
C04276,33,Female,North,Salaried,709000,Mass,Savings,3,No Loan,0,953300,375600,No,2187.63,3053.67,0.0,1571.4,1973.93,2035.41,540.51,1504.4,6812.69,6054.24,758.45,11.13,Low Profitability
C04277,28,Female,South,Salaried,212000,Mass,Savings,5,Home Loan,3756256,257400,277200,Yes,170429.12,10082.76,64784.19,1498.39,3097.39,1605.04,465.63,6981.46,246794.46,12149.51,234644.95,95.08,Highly Profitable
C04278,60,Male,West,Salaried,1436000,Affluent,Savings,1,No Loan,0,1758000,1361800,No,6995.3,1693.48,0.0,665.85,1333.81,308.36,1251.38,787.44,9354.64,3680.98,5673.66,60.65,Low Profitability
C04279,24,Male,South,Salaried,546000,Mass,Current,3,No Loan,0,882000,855800,No,2213.32,6348.71,0.0,2079.43,1762.79,1062.71,1780.79,1311.53,10641.45,5917.83,4723.62,44.39,Low Profitability
C04280,67,Male,East,Salaried,449000,Mass,Savings,3,Auto Loan,288578,776600,506300,Yes,25284.28,7236.06,4480.89,115.72,2915.87,613.57,1684.83,1659.32,37116.95,6873.59,30243.36,81.48,Highly Profitable
C04281,51,Female,West,Professional,1057000,Affluent,Savings,2,No Loan,0,1345500,1048300,No,3891.6,3192.96,0.0,2329.94,1572.29,1670.3,1586.57,614.04,9414.51,5443.21,3971.3,42.18,Low Profitability
C04282,48,Male,South,Self-Employed,495000,Mass,Savings,3,No Loan,0,143600,138600,Yes,334.2,8483.93,0.0,1535.46,3601.61,2166.82,1769.19,1022.06,10353.59,8559.67,1793.92,17.33,Low Profitability
C04283,31,Female,South,Business Owner,257000,Mass,Savings,3,Education Loan,383279,325500,353300,Yes,25932.04,7117.69,4311.13,1278.38,3384.16,1247.71,489.6,1440.76,38639.24,6562.23,32077.0,83.02,Highly Profitable
C04284,63,Female,North,Self-Employed,877000,Mass,Savings,3,No Loan,0,934300,380300,No,2978.16,4605.68,0.0,1876.33,2648.28,2163.89,891.82,1408.83,9460.17,7112.84,2347.33,24.81,Low Profitability
C04285,21,Male,South,Professional,304000,Mass,Savings,1,No Loan,0,77900,79000,No,426.4,1395.43,0.0,2361.27,1247.17,824.2,423.72,1226.41,4183.11,3721.5,461.6,11.03,Low Profitability
C04286,69,Male,West,Professional,678000,Mass,Salary,4,No Loan,0,389300,318100,No,1257.21,5361.6,0.0,2072.46,2711.68,1403.97,961.12,1186.73,8691.26,6263.5,2427.76,27.93,Low Profitability
C04287,67,Female,West,Professional,834000,Mass,Savings,5,Personal Loan,160288,452200,477000,No,19947.42,7941.58,3474.1,1462.67,2887.83,1335.79,336.99,1718.3,32825.76,6278.91,26546.85,80.87,Profitable
C04288,58,Male,South,Professional,601000,Mass,Savings,1,Personal Loan,171817,856500,445700,No,22590.47,1361.52,2497.36,402.53,1225.56,1812.28,1284.34,967.29,26851.87,5289.47,21562.4,80.3,Profitable
C04289,44,Female,South,Salaried,602000,Mass,Savings,2,Home Loan,842884,433200,197600,Yes,38960.27,4898.26,16176.78,1013.62,2646.56,796.66,913.07,2613.06,61048.93,6969.35,54079.58,88.58,Highly Profitable
C04290,67,Male,East,Self-Employed,1643000,Affluent,Salary,3,Education Loan,477195,1603700,899200,Yes,35228.77,6140.84,5884.85,2195.38,2681.64,792.41,1596.0,1032.36,49449.84,6102.41,43347.43,87.66,Highly Profitable
C04291,51,Female,West,Self-Employed,1656000,Affluent,Salary,1,Personal Loan,497244,2395300,2399700,Yes,60255.04,1590.38,7965.65,2142.91,1768.44,974.14,569.65,1781.0,71953.98,5093.23,66860.76,92.92,Highly Profitable
C04292,61,Male,North,Self-Employed,423000,Mass,Salary,3,No Loan,0,717100,459400,No,2585.83,6469.26,0.0,1107.34,2048.63,1409.8,830.49,1431.27,10162.43,5720.19,4442.24,43.71,Low Profitability
C04293,66,Female,West,Self-Employed,505000,Mass,Savings,2,Auto Loan,596680,524200,555000,No,47833.06,1982.9,11242.4,1235.49,1286.62,557.25,202.09,2598.08,62293.85,4644.04,57649.81,92.54,Highly Profitable
C04294,70,Male,West,Salaried,520000,Mass,Savings,5,Personal Loan,933692,554400,252800,No,104215.86,7436.92,13824.33,1742.3,3213.59,2114.35,945.66,2347.58,127219.41,8621.17,118598.24,93.22,Highly Profitable
C04295,46,Male,North,Salaried,688000,Mass,Savings,2,Personal Loan,781758,212000,92700,No,86707.48,2161.75,6679.52,1154.36,1258.5,1175.18,333.21,1829.89,96703.11,4596.78,92106.33,95.25,Highly Profitable
C04296,69,Male,North,Retired,669000,Mass,Savings,5,No Loan,0,646000,534000,No,3410.92,6583.39,0.0,314.77,3293.57,1256.36,1691.15,527.73,10309.08,6768.81,3540.27,34.34,Low Profitability
C04297,70,Male,West,Business Owner,1800000,Premium,Current,1,No Loan,0,2308800,1149600,No,12705.69,1579.09,0.0,1850.89,1327.67,1080.41,1722.52,1004.85,16135.67,5135.44,11000.23,68.17,Profitable
C04298,25,Female,West,Salaried,632000,Mass,Savings,1,Personal Loan,681827,291900,105000,Yes,76443.4,3296.57,13417.58,1659.96,2200.3,1035.83,1086.57,1865.52,94817.5,6188.22,88629.28,93.47,Highly Profitable
C04299,40,Female,North,Salaried,397000,Mass,Current,2,Personal Loan,750224,132400,75400,Yes,83036.81,6024.93,9399.02,576.8,2795.28,1167.1,899.35,1285.28,99037.56,6147.0,92890.55,93.79,Highly Profitable
C04300,61,Male,East,Business Owner,507000,Mass,Salary,4,No Loan,0,798300,380200,Yes,3668.59,6846.71,0.0,2026.7,2376.67,760.54,961.02,1552.64,12541.99,5650.86,6891.13,54.94,Low Profitability
C04301,31,Male,South,Salaried,860000,Mass,Savings,3,No Loan,0,292000,175500,No,1109.64,5413.82,0.0,2059.73,1816.07,580.97,754.92,1596.68,8583.19,4748.63,3834.56,44.68,Low Profitability
C04302,53,Male,West,Self-Employed,608000,Mass,Current,4,No Loan,0,1007200,411500,No,5433.3,5214.99,0.0,692.93,1926.54,1129.02,899.1,1046.15,11341.22,5000.81,6340.42,55.91,Low Profitability
C04303,70,Female,East,Salaried,832000,Mass,Savings,2,No Loan,0,500500,532200,Yes,1821.56,5598.78,0.0,439.34,2300.89,1585.29,1001.97,1091.08,7859.68,5979.22,1880.46,23.93,Low Profitability
C04304,58,Female,South,Salaried,612000,Mass,Savings,1,No Loan,0,425000,395800,Yes,2240.25,3665.32,0.0,571.04,1798.09,977.23,1739.8,732.57,6476.61,5247.69,1228.92,18.97,Low Profitability
C04305,47,Male,East,Salaried,1043000,Affluent,Savings,3,Personal Loan,947590,1060900,1023500,No,108842.07,6055.47,8530.27,1283.69,2003.43,505.18,840.52,2309.6,124711.5,5658.72,119052.78,95.46,Highly Profitable
C04306,54,Female,West,Business Owner,667000,Mass,Savings,3,Auto Loan,280528,307100,154500,Yes,22294.09,6229.2,6995.04,866.39,2176.62,1295.53,1403.3,1195.9,36384.71,6071.35,30313.36,83.31,Highly Profitable
C04307,35,Female,North,Salaried,359000,Mass,Savings,1,Home Loan,1804431,461700,451700,Yes,83335.19,2615.21,34747.09,1716.12,1720.65,1295.74,1371.62,2272.15,122413.61,6660.16,115753.45,94.56,Highly Profitable
C04308,52,Female,East,Salaried,578000,Mass,Savings,1,Home Loan,1713257,586300,441000,No,78954.24,2375.51,41085.15,1351.01,1355.59,620.94,1734.68,3874.78,123765.91,7585.99,116179.92,93.87,Highly Profitable
C04309,41,Female,West,Business Owner,2362000,Premium,Salary,3,No Loan,0,4041600,1205300,Yes,14423.06,4904.54,0.0,1710.81,3156.38,951.88,281.03,1312.16,21038.41,5701.44,15336.97,72.9,Profitable
C04310,66,Female,East,Professional,1382000,Affluent,Savings,2,No Loan,0,2285100,869000,Yes,11928.62,4897.07,0.0,629.94,2943.65,1799.69,339.19,1049.8,17455.63,6132.33,11323.29,64.87,Profitable
C04311,25,Female,South,Salaried,370000,Mass,Salary,4,Personal Loan,134442,525400,330500,Yes,16646.39,8207.53,2758.68,1518.81,3636.15,361.1,1121.53,872.53,29131.41,5991.31,23140.1,79.43,Profitable
C04312,26,Male,East,Business Owner,1862000,Premium,Salary,2,No Loan,0,847100,495300,No,3908.84,3439.33,0.0,2219.66,1875.32,480.6,962.93,1512.66,9567.83,4831.51,4736.32,49.5,Low Profitability
C04313,58,Female,West,Retired,755000,Mass,Current,3,Education Loan,166467,379600,351500,No,12587.09,3392.47,4046.48,1500.82,1821.3,1631.28,1189.35,1556.89,21526.86,6198.82,15328.03,71.2,Profitable
C04314,42,Male,West,Retired,535000,Mass,Savings,3,No Loan,0,317200,314900,Yes,1737.92,4251.15,0.0,1753.19,3185.55,1387.71,1053.76,1028.72,7742.27,6655.75,1086.52,14.03,Low Profitability
C04315,38,Male,West,Professional,600000,Mass,Savings,3,Home Loan,2005638,915800,902200,Yes,93710.57,4848.33,20172.08,2380.59,2464.85,1399.75,1424.25,2824.49,121111.58,8113.35,112998.23,93.3,Highly Profitable
C04316,34,Male,East,Business Owner,722000,Mass,Current,3,No Loan,0,880200,500800,Yes,4938.03,6133.26,0.0,2227.52,3491.33,1169.61,1622.43,1251.0,13298.81,7534.37,5764.44,43.35,Low Profitability
C04317,30,Female,West,Salaried,1271000,Affluent,Salary,4,Auto Loan,211439,558900,441800,Yes,19195.83,10227.54,3761.09,639.89,3288.78,463.21,1053.49,1672.35,33824.35,6477.82,27346.53,80.85,Profitable
C04318,66,Male,North,Business Owner,777000,Mass,Savings,3,Personal Loan,632979,704100,473500,No,71512.42,6514.99,9911.15,2059.08,1457.6,400.52,342.57,1023.37,89997.64,3224.05,86773.59,96.42,Highly Profitable
C04319,33,Male,North,Business Owner,841000,Mass,Current,4,Auto Loan,452331,1479000,1487300,Yes,41115.24,11464.79,9710.3,2452.07,4007.74,915.91,374.7,2375.83,64742.39,7674.18,57068.21,88.15,Highly Profitable
C04320,51,Male,North,Salaried,1363000,Affluent,Savings,3,Personal Loan,380998,1851200,1861600,No,50783.41,6176.72,4529.15,1993.01,1469.65,407.65,557.74,2019.48,63482.29,4454.52,59027.77,92.98,Highly Profitable
C04321,50,Male,West,Self-Employed,562000,Mass,Current,1,Personal Loan,736091,950700,281200,Yes,84606.03,3140.82,17879.22,408.85,1753.94,1374.02,1577.16,1832.4,106034.92,6537.52,99497.4,93.83,Highly Profitable
C04322,23,Male,North,Business Owner,827000,Mass,Savings,2,Education Loan,419248,1227700,904000,No,31198.52,4722.07,4539.49,1588.52,1596.01,1590.15,1127.54,1862.19,42048.59,6175.89,35872.71,85.31,Highly Profitable
C04323,50,Female,South,Retired,891000,Mass,Savings,2,No Loan,0,1199600,813300,No,2529.92,4288.28,0.0,1666.67,1387.62,1474.72,802.42,1145.94,8484.86,4810.7,3674.16,43.3,Low Profitability
C04324,26,Female,West,Salaried,754000,Mass,Savings,1,Auto Loan,771263,1145600,1036600,Yes,63051.34,3075.29,17826.73,453.8,2049.56,1685.74,779.92,1948.05,84407.17,6463.27,77943.9,92.34,Highly Profitable
C04325,49,Male,East,Salaried,921000,Affluent,Savings,3,No Loan,0,1190600,495800,Yes,3884.73,6476.86,0.0,1432.16,3443.33,2108.94,297.94,1021.32,11793.75,6871.54,4922.21,41.74,Low Profitability
C04326,28,Female,South,Business Owner,479000,Mass,Savings,3,No Loan,0,520300,437400,Yes,2189.82,8231.03,0.0,2315.6,2834.36,2138.15,645.0,1771.02,12736.45,7388.53,5347.92,41.99,Low Profitability
C04327,64,Female,South,Salaried,1200000,Affluent,Salary,3,Personal Loan,646514,1637100,1437100,Yes,75190.53,8475.44,7362.95,809.01,3734.22,842.42,776.07,2919.41,91837.92,8272.12,83565.8,90.99,Highly Profitable
C04328,65,Male,South,Self-Employed,516000,Mass,Savings,3,Personal Loan,887689,272800,74400,No,98239.7,6797.63,19231.18,2037.83,2682.29,854.08,337.2,1120.54,126306.34,4994.1,121312.24,96.05,Highly Profitable
C04329,63,Female,West,Salaried,899000,Mass,Savings,3,Personal Loan,630923,862200,531600,Yes,73893.2,4224.27,6960.74,1644.36,3096.68,1712.42,866.16,1382.89,86722.57,7058.16,79664.41,91.86,Highly Profitable
C04330,64,Female,North,Self-Employed,786000,Mass,Current,1,No Loan,0,1351800,1462800,Yes,3368.35,2573.43,0.0,1718.89,1730.17,2181.02,822.22,769.39,7660.67,5502.81,2157.87,28.17,Low Profitability
C04331,53,Male,South,Business Owner,480000,Mass,Salary,1,Home Loan,1273017,712400,360100,Yes,59102.02,1546.43,13528.72,818.85,2076.34,1084.45,1722.16,2576.53,74996.03,7459.47,67536.55,90.05,Highly Profitable
C04332,37,Male,West,Salaried,1709000,Affluent,Savings,3,No Loan,0,2868400,2873700,No,12283.52,6035.37,0.0,1916.88,1877.02,652.08,957.74,1120.62,20235.77,4607.46,15628.32,77.23,Profitable
C04333,68,Female,North,Salaried,1799000,Affluent,Salary,2,Education Loan,193677,3141600,2352600,Yes,28059.6,4989.36,3117.34,1628.07,2420.76,1684.68,1254.45,920.42,37794.37,6280.31,31514.07,83.38,Highly Profitable
C04334,31,Female,West,Salaried,422000,Mass,Savings,1,No Loan,0,472100,237000,Yes,959.29,3773.61,0.0,1357.83,2378.87,1032.06,1606.68,1424.24,6090.73,6441.85,-351.12,-5.76,Low Profitability
C04335,33,Male,South,Salaried,1086000,Affluent,Savings,2,No Loan,0,514400,494100,No,1938.52,2226.12,0.0,1277.29,1291.93,452.04,1614.21,1246.38,5441.92,4604.56,837.36,15.39,Low Profitability
C04336,70,Male,North,Business Owner,654000,Mass,Current,2,No Loan,0,897800,980500,No,4062.55,3084.89,0.0,836.58,1706.34,1722.44,1189.69,691.3,7984.01,5309.76,2674.25,33.5,Low Profitability
C04337,31,Male,North,Self-Employed,483000,Mass,Salary,1,Education Loan,235656,78300,69000,No,15705.41,823.12,3673.8,585.13,964.18,1075.45,1033.07,1712.93,20787.47,4785.63,16001.83,76.98,Profitable
C04338,51,Female,West,Salaried,857000,Mass,Savings,2,Personal Loan,958455,254600,76900,Yes,106904.59,3812.5,13371.1,1941.03,2690.78,1423.56,713.15,2121.45,126029.22,6948.95,119080.27,94.49,Highly Profitable
C04339,48,Male,East,Self-Employed,1107000,Affluent,Savings,1,Personal Loan,669469,688700,202900,No,75063.4,938.43,16052.23,578.77,975.58,1614.63,923.42,2039.15,92632.83,5552.77,87080.05,94.01,Highly Profitable
C04340,64,Male,West,Salaried,765000,Mass,Savings,1,Personal Loan,925039,133900,89400,No,102503.4,2144.0,10146.46,501.71,1268.54,1859.65,318.86,2195.44,115295.57,5642.49,109653.08,95.11,Highly Profitable
C04341,26,Female,South,Professional,573000,Mass,Savings,4,Education Loan,394753,732000,186800,No,29953.4,9349.91,9303.01,2142.84,2767.97,1480.72,462.87,1938.06,50749.17,6649.61,44099.55,86.9,Highly Profitable
C04342,61,Male,North,Salaried,1454000,Affluent,Salary,2,No Loan,0,2177200,1795200,Yes,11894.18,3123.2,0.0,291.89,2679.26,2078.24,798.59,1638.77,15309.27,7194.87,8114.41,53.0,Low Profitability
C04343,36,Male,South,Professional,1483000,Affluent,Current,3,No Loan,0,2066900,545400,Yes,11978.8,5932.15,0.0,468.07,2930.54,1221.11,237.05,842.09,18379.02,5230.79,13148.22,71.54,Profitable
C04344,24,Male,West,Self-Employed,481000,Mass,Salary,2,Personal Loan,757164,186800,201200,No,83750.21,2110.7,9573.12,318.55,1870.82,1307.57,1345.76,2175.41,95752.58,6699.55,89053.03,93.0,Highly Profitable
C04345,55,Female,South,Self-Employed,736000,Mass,Savings,5,Personal Loan,249443,1086700,1085100,Yes,33925.23,11530.9,5008.11,2399.65,3577.83,877.78,1141.81,1324.7,52863.89,6922.13,45941.77,86.91,Highly Profitable
C04346,68,Male,North,Business Owner,294000,Mass,Savings,3,No Loan,0,446000,420600,Yes,2257.15,7488.75,0.0,351.61,2869.25,550.6,1568.56,1492.1,10097.5,6480.51,3616.99,35.82,Low Profitability
C04347,46,Female,North,Professional,1108000,Affluent,Savings,2,Personal Loan,563970,342700,322300,No,62817.35,4269.56,6752.24,114.38,1644.69,1494.2,467.93,2591.25,73953.52,6198.07,67755.45,91.62,Highly Profitable
C04348,32,Male,South,Retired,1453000,Affluent,Savings,2,Personal Loan,208995,1398400,1341400,No,29583.69,2455.09,3923.11,1569.79,1654.16,855.92,1691.37,649.94,37531.68,4851.39,32680.29,87.07,Highly Profitable
C04349,31,Male,South,Self-Employed,867000,Mass,Current,1,Home Loan,2514770,1114400,689900,No,118527.7,1373.88,49508.39,1812.38,1102.57,1656.92,1642.95,2275.36,171222.35,6677.8,164544.55,96.1,Highly Profitable
C04350,57,Male,South,Salaried,396000,Mass,Savings,4,Education Loan,136227,325100,300100,No,10323.36,4618.26,1256.6,526.42,2592.09,1479.26,1060.13,889.78,16724.64,6021.26,10703.37,64.0,Profitable
C04351,45,Male,East,Professional,1702000,Affluent,Savings,3,Personal Loan,508992,2752600,1547200,Yes,71124.85,4075.73,7368.27,937.13,2162.47,834.51,786.9,1590.74,83505.99,5374.61,78131.37,93.56,Highly Profitable
C04352,38,Female,West,Salaried,2138000,Premium,Salary,2,Personal Loan,755712,2187400,2124200,Yes,94054.51,3517.19,17687.98,843.52,2589.63,1359.06,1585.57,2264.9,116103.19,7799.16,108304.03,93.28,Highly Profitable
C04353,39,Male,East,Professional,552000,Mass,Salary,5,No Loan,0,194000,150400,No,513.5,12383.72,0.0,1837.27,4136.46,2177.86,1705.63,1753.07,14734.49,9773.02,4961.46,33.67,Low Profitability
C04354,43,Female,West,Business Owner,894000,Mass,Savings,2,Auto Loan,261925,916500,508300,No,22394.6,4704.96,5042.37,1045.85,1744.3,1976.44,458.82,1176.24,33187.78,5355.79,27831.99,83.86,Profitable
C04355,58,Male,South,Retired,1097000,Affluent,Salary,3,No Loan,0,1209700,1069000,Yes,4661.8,3711.23,0.0,1368.6,2958.47,1091.93,1125.14,1761.11,9741.64,6936.63,2805.01,28.79,Low Profitability
C04356,38,Female,North,Professional,1079000,Affluent,Savings,4,Education Loan,216583,1859600,848700,No,20733.88,6336.65,4882.21,1963.41,3328.89,1606.07,1004.95,1252.12,33916.16,7192.03,26724.13,78.79,Profitable
C04357,46,Female,North,Salaried,719000,Mass,Current,4,No Loan,0,608500,651100,Yes,2830.7,11218.29,0.0,1283.83,3675.64,648.27,1058.11,1431.0,15332.83,6813.01,8519.81,55.57,Low Profitability
C04358,26,Female,West,Business Owner,1882000,Premium,Savings,3,No Loan,0,3055400,2490300,Yes,7778.13,4712.39,0.0,1841.45,2804.67,319.28,310.68,966.71,14331.98,4401.35,9930.63,69.29,Low Profitability
C04359,24,Male,North,Salaried,296000,Mass,Savings,4,No Loan,0,200700,118600,Yes,685.84,8632.84,0.0,1459.85,3521.44,1895.11,810.89,915.97,10778.52,7143.41,3635.11,33.73,Low Profitability
C04360,64,Male,West,Salaried,298000,Mass,Salary,5,Education Loan,250017,267100,191800,No,17044.72,4905.18,3327.01,1810.5,3627.96,1086.89,438.42,1591.31,27087.41,6744.58,20342.83,75.1,Profitable
C04361,49,Male,North,Self-Employed,694000,Mass,Savings,5,Education Loan,146144,877400,769400,Yes,12284.71,7774.06,2840.58,317.69,4842.66,644.86,1595.54,1841.67,23217.04,8924.72,14292.32,61.56,Profitable
C04362,54,Female,West,Salaried,1826000,Premium,Savings,2,Education Loan,560578,2941800,2729200,Yes,50685.77,3724.61,9136.81,2447.73,2353.59,899.07,926.46,1892.51,65994.9,6071.64,59923.27,90.8,Highly Profitable
C04363,37,Male,North,Business Owner,1325000,Affluent,Savings,2,Home Loan,4497560,1891200,2040100,Yes,206781.38,4589.46,47050.28,308.72,2924.81,2052.98,1539.91,8974.18,258729.84,15491.89,243237.96,94.01,Highly Profitable
C04364,63,Female,West,Retired,308000,Mass,Savings,2,No Loan,0,125200,53500,No,694.78,3988.38,0.0,1626.66,1919.31,1995.54,547.88,1155.74,6309.82,5618.47,691.35,10.96,Low Profitability
C04365,63,Female,West,Self-Employed,3344000,Premium,Current,4,No Loan,0,1570300,1065900,Yes,7167.11,4501.23,0.0,155.52,3033.38,1536.77,1583.2,1733.09,11823.86,7886.44,3937.42,33.3,Low Profitability
C04366,36,Male,West,Salaried,950000,Affluent,Savings,1,No Loan,0,249400,81700,Yes,909.47,4121.62,0.0,1341.08,2000.88,474.91,423.06,1559.07,6372.17,4457.91,1914.26,30.04,Low Profitability
C04367,22,Female,North,Professional,371000,Mass,Savings,2,Home Loan,3918893,436100,139500,No,178069.77,2616.67,66255.25,330.45,1840.98,1664.18,446.62,8539.25,247272.13,12491.04,234781.1,94.95,Highly Profitable
C04368,54,Female,South,Professional,665000,Mass,Salary,1,Personal Loan,460466,582900,197400,Yes,53444.96,3076.96,8099.15,315.98,1986.63,1991.25,1780.36,2386.7,64937.05,8144.94,56792.11,87.46,Highly Profitable
C04369,28,Female,East,Business Owner,1192000,Affluent,Savings,3,Personal Loan,962735,1901400,894800,No,115261.48,5002.34,12709.04,783.81,2488.43,2046.06,246.05,2204.15,133756.67,6984.69,126771.99,94.78,Highly Profitable
C04370,33,Male,West,Business Owner,1394000,Affluent,Savings,3,No Loan,0,2484800,2091900,No,12967.74,2485.68,0.0,679.91,1791.64,1034.13,250.44,1066.04,16133.33,4142.24,11991.09,74.32,Profitable
C04371,62,Male,South,Professional,675000,Mass,Savings,2,Auto Loan,458892,1079700,1060200,No,37714.98,2502.66,7158.04,428.36,1338.83,621.83,368.32,1421.73,47804.05,3750.71,44053.33,92.15,Highly Profitable
C04372,28,Male,South,Salaried,933000,Affluent,Savings,4,Education Loan,503852,211700,131400,Yes,33900.21,7349.19,9321.81,1490.08,2647.01,2125.74,502.5,2433.57,52061.29,7708.82,44352.48,85.19,Highly Profitable
C04373,50,Female,North,Retired,654000,Mass,Savings,2,Home Loan,3714133,1117200,806500,Yes,173082.16,3017.63,90866.74,2224.97,2118.87,1839.83,309.58,4067.13,269191.5,8335.42,260856.08,96.9,Highly Profitable
C04374,52,Female,South,Retired,675000,Mass,Current,2,Auto Loan,501034,216000,91900,Yes,38748.34,7043.81,8077.68,2301.83,2451.34,1122.13,1720.9,2665.9,56171.66,7960.27,48211.39,85.83,Highly Profitable
C04375,56,Male,West,Professional,1043000,Affluent,Current,5,Personal Loan,547005,926100,854300,Yes,62322.17,12920.49,13057.48,796.96,3198.27,1500.94,682.51,2693.2,89097.1,8074.91,81022.18,90.94,Highly Profitable
C04376,67,Female,North,Salaried,1546000,Affluent,Salary,3,No Loan,0,990400,995500,No,2549.76,2974.26,0.0,2174.98,1988.49,1055.3,1744.54,880.68,7698.99,5669.01,2029.99,26.37,Low Profitability
C04377,50,Male,North,Professional,374000,Mass,Salary,2,Education Loan,188519,152600,101100,No,12940.29,4603.23,3457.55,2422.04,1434.91,1168.77,1602.3,1886.48,23423.1,6092.46,17330.65,73.99,Profitable
C04378,21,Female,West,Self-Employed,616000,Mass,Salary,5,No Loan,0,266400,103000,No,1548.31,8866.57,0.0,849.2,3940.51,922.81,1424.75,1150.77,11264.08,7438.85,3825.23,33.96,Low Profitability
C04379,63,Female,South,Self-Employed,503000,Mass,Salary,2,No Loan,0,362500,92200,No,884.38,4543.15,0.0,2349.26,1715.29,405.69,243.22,1719.48,7776.8,4083.68,3693.11,47.49,Low Profitability
C04380,59,Female,North,Professional,402000,Mass,Current,3,No Loan,0,77100,54400,Yes,382.06,6711.65,0.0,1122.47,2711.16,2194.52,1363.83,1131.33,8216.19,7400.84,815.35,9.92,Low Profitability
C04381,37,Female,West,Salaried,391000,Mass,Salary,3,Home Loan,4858113,100400,67600,Yes,218870.55,7862.67,121300.87,1213.71,3079.77,755.13,803.95,5793.35,349247.8,10432.2,338815.6,97.01,Highly Profitable
C04382,40,Male,North,Salaried,710000,Mass,Current,2,Personal Loan,464528,943300,978100,No,56570.98,3163.43,9608.11,1252.95,1237.24,851.17,1600.44,2000.68,70595.48,5689.53,64905.95,91.94,Highly Profitable
C04383,44,Male,South,Professional,388000,Mass,Savings,3,No Loan,0,459100,129000,No,2387.53,7490.71,0.0,1854.72,2056.17,917.4,1083.64,803.57,11732.96,4860.77,6872.19,58.57,Low Profitability
C04384,70,Female,South,Professional,381000,Mass,Savings,2,Education Loan,534671,119600,45000,Yes,35130.77,5583.88,9427.96,725.51,2882.39,764.13,572.15,1990.6,50868.12,6209.27,44658.86,87.79,Highly Profitable
C04385,42,Male,South,Professional,634000,Mass,Savings,3,Auto Loan,719196,547400,228800,No,55138.72,5609.69,14101.81,676.84,2151.5,919.03,1170.36,3016.48,75527.06,7257.36,68269.7,90.39,Highly Profitable
C04386,49,Male,North,Salaried,408000,Mass,Salary,2,No Loan,0,470300,336300,Yes,1762.02,4833.53,0.0,1610.85,1851.53,1376.63,1049.17,675.56,8206.4,4952.9,3253.5,39.65,Low Profitability
C04387,42,Female,North,Business Owner,926000,Affluent,Current,3,Home Loan,2847857,288100,141800,Yes,129334.86,6155.2,33508.5,1438.24,3143.48,450.35,1307.57,4536.45,170436.81,9437.85,160998.96,94.46,Highly Profitable
C04388,64,Male,North,Salaried,538000,Mass,Salary,3,Auto Loan,301771,943500,400800,No,26509.0,6117.72,6440.08,270.51,2719.62,435.92,605.83,1790.17,39337.3,5551.54,33785.76,85.89,Highly Profitable
C04389,29,Female,West,Professional,363000,Mass,Savings,3,No Loan,0,562700,386700,No,3042.86,4147.67,0.0,2266.04,1821.57,1177.89,1783.7,957.23,9456.56,5740.38,3716.18,39.3,Low Profitability
C04390,57,Female,North,Salaried,2515000,Premium,Savings,4,No Loan,0,1320300,375700,No,7820.93,6878.43,0.0,797.59,2012.72,1623.59,1271.17,632.71,15496.95,5540.18,9956.77,64.25,Low Profitability
C04391,30,Female,North,Business Owner,217000,Mass,Savings,1,No Loan,0,218300,235500,Yes,813.75,4787.4,0.0,1902.32,1837.01,712.96,817.25,1664.04,7503.47,5031.27,2472.2,32.95,Low Profitability
C04392,56,Female,North,Self-Employed,1121000,Affluent,Salary,1,Auto Loan,577996,1107200,1087100,No,46289.51,2418.98,10297.76,1488.2,1297.28,1288.33,1142.96,2751.35,60494.46,6479.92,54014.54,89.29,Highly Profitable
C04393,57,Female,East,Retired,847000,Mass,Salary,2,Personal Loan,101495,594100,285900,No,13248.48,3701.71,2080.42,1473.35,1843.47,1136.89,852.49,1073.24,20503.97,4906.09,15597.88,76.07,Profitable
C04394,48,Female,South,Self-Employed,536000,Mass,Salary,5,Home Loan,1852118,752200,403000,No,86992.36,5275.11,34079.29,2160.95,3676.83,1159.26,1585.83,1761.8,128507.71,8183.71,120323.99,93.63,Highly Profitable
C04395,48,Female,West,Business Owner,425000,Mass,Savings,4,Home Loan,4792152,525400,241200,No,217924.28,8417.5,89933.66,2213.08,1991.64,1633.03,1705.18,4049.92,318488.51,9379.78,309108.74,97.05,Highly Profitable
C04396,62,Male,West,Salaried,1811000,Premium,Savings,5,No Loan,0,2854100,2965800,No,6699.02,6105.04,0.0,1444.4,4141.8,1434.55,1653.97,1188.44,14248.47,8418.76,5829.7,40.91,Low Profitability
C04397,63,Female,West,Business Owner,2251000,Premium,Savings,2,No Loan,0,356600,287100,Yes,1012.66,2348.48,0.0,1128.2,2210.3,1192.23,885.09,1781.12,4489.35,6068.75,-1579.4,-35.18,Low Profitability
C04398,41,Female,South,Self-Employed,596000,Mass,Savings,3,No Loan,0,683400,473600,No,3262.62,4291.88,0.0,1588.16,1501.2,813.67,548.05,1329.05,9142.66,4191.97,4950.69,54.15,Low Profitability
C04399,44,Male,South,Salaried,550000,Mass,Salary,3,No Loan,0,983400,671000,Yes,4712.75,4827.54,0.0,387.19,2455.0,1412.0,1169.21,1236.08,9927.48,6272.28,3655.2,36.82,Low Profitability
C04400,62,Male,East,Business Owner,1302000,Affluent,Savings,3,No Loan,0,1890700,739300,Yes,8387.33,5833.36,0.0,1108.06,2716.01,561.02,1100.18,1706.15,15328.75,6083.37,9245.38,60.31,Low Profitability
C04401,60,Female,North,Professional,611000,Mass,Savings,3,No Loan,0,438800,468700,No,1393.69,2411.93,0.0,1688.7,2011.8,1090.24,302.4,1542.01,5494.33,4946.45,547.88,9.97,Low Profitability
C04402,22,Male,South,Salaried,965000,Affluent,Savings,2,Home Loan,1760452,393300,404100,No,80263.77,3910.84,21788.65,1931.25,1636.79,556.01,1560.9,4497.8,107894.51,8251.5,99643.0,92.35,Highly Profitable
C04403,28,Female,North,Salaried,951000,Affluent,Savings,3,No Loan,0,814700,863200,Yes,2375.06,6239.39,0.0,1831.12,3107.8,904.47,260.2,513.87,10445.57,4786.35,5659.22,54.18,Low Profitability
C04404,68,Female,East,Business Owner,715000,Mass,Savings,4,Personal Loan,772106,607800,302300,No,88110.59,4964.37,17285.84,519.08,2079.62,1509.82,256.98,2621.04,110879.88,6467.46,104412.41,94.17,Highly Profitable
C04405,47,Male,South,Professional,767000,Mass,Salary,2,No Loan,0,855700,560600,No,3383.66,2522.09,0.0,1567.71,1958.21,1794.87,1375.33,1624.91,7473.46,6753.32,720.14,9.64,Low Profitability
C04406,42,Female,South,Salaried,858000,Mass,Savings,5,Personal Loan,899677,222200,153600,No,99721.02,4359.63,9725.03,316.79,2549.28,747.63,1709.63,1231.96,114122.47,6238.5,107883.97,94.53,Highly Profitable
C04407,57,Male,North,Retired,385000,Mass,Current,3,Home Loan,3061487,303700,202300,Yes,138539.42,5294.12,66089.99,1530.39,3425.69,1519.48,1317.04,6199.91,211453.92,12462.11,198991.81,94.11,Highly Profitable
C04408,47,Female,South,Retired,482000,Mass,Savings,4,No Loan,0,752100,200300,No,2685.23,4006.02,0.0,1890.24,3454.88,819.39,1452.12,1626.38,8581.49,7352.78,1228.71,14.32,Low Profitability
C04409,49,Male,North,Salaried,793000,Mass,Salary,3,No Loan,0,961100,920900,Yes,3528.37,6624.46,0.0,1615.33,2757.25,1089.42,1667.61,522.85,11768.16,6037.12,5731.04,48.7,Low Profitability
C04410,23,Female,West,Salaried,545000,Mass,Savings,3,Home Loan,2843342,472700,418100,Yes,130571.09,7177.42,44885.33,1599.79,2895.84,2037.25,720.86,4134.03,184233.64,9787.97,174445.67,94.69,Highly Profitable
C04411,64,Male,West,Business Owner,3225000,Premium,Current,2,Personal Loan,799871,2134700,1395200,No,100282.65,4399.92,18300.86,1667.53,2034.68,492.16,1184.25,1415.01,124650.96,5126.09,119524.87,95.89,Highly Profitable
C04412,33,Male,North,Retired,753000,Mass,Savings,3,No Loan,0,460600,219800,Yes,2467.8,6812.77,0.0,1103.33,3278.08,2169.47,774.21,566.13,10383.9,6787.88,3596.01,34.63,Low Profitability
C04413,65,Male,North,Business Owner,269000,Mass,Savings,1,Home Loan,1819325,372500,294200,No,83193.01,1798.46,34582.21,1023.98,1302.15,1520.57,1459.86,3778.77,120597.66,8061.35,112536.31,93.32,Highly Profitable
C04414,30,Male,West,Self-Employed,180000,Mass,Savings,5,No Loan,0,154300,56700,No,653.72,4826.84,0.0,1167.88,2999.22,1457.01,1474.49,1286.43,6648.44,7217.15,-568.71,-8.55,Low Profitability
C04415,56,Male,West,Salaried,1100000,Affluent,Salary,2,No Loan,0,611900,671700,Yes,3282.68,3387.06,0.0,607.16,2818.04,707.54,977.79,898.2,7276.9,5401.58,1875.32,25.77,Low Profitability
C04416,29,Male,West,Self-Employed,757000,Mass,Savings,2,No Loan,0,1128700,402400,Yes,2485.19,5512.35,0.0,1189.2,2572.2,669.72,1429.04,1523.84,9186.73,6194.8,2991.93,32.57,Low Profitability
C04417,47,Male,North,Business Owner,1546000,Affluent,Current,5,Personal Loan,524644,909400,272500,No,61467.87,8966.13,5256.32,2270.99,3042.02,2053.53,822.79,1421.28,77961.32,7339.62,70621.7,90.59,Highly Profitable
C04418,54,Female,West,Salaried,491000,Mass,Current,2,Home Loan,4845312,125900,97000,No,218491.59,2876.09,60757.98,797.76,1251.34,604.51,1288.76,6185.52,282923.41,9330.13,273593.28,96.7,Highly Profitable
C04419,21,Female,West,Self-Employed,655000,Mass,Savings,1,Auto Loan,649761,690600,444700,Yes,51165.84,3738.8,11481.59,1134.57,2181.61,626.25,700.23,1949.13,67520.81,5457.22,62063.58,91.92,Highly Profitable
C04420,52,Female,West,Salaried,816000,Mass,Savings,4,Education Loan,564140,498100,428900,Yes,38362.82,5694.96,7671.85,1650.4,4254.07,1630.58,400.72,1361.3,53380.03,7646.67,45733.36,85.68,Highly Profitable
C04421,45,Female,West,Self-Employed,643000,Mass,Savings,2,No Loan,0,101600,36500,Yes,463.48,3545.34,0.0,1941.28,2443.24,1638.4,1521.56,623.19,5950.1,6226.38,-276.28,-4.64,Low Profitability
C04422,49,Male,South,Salaried,614000,Mass,Savings,1,Education Loan,315657,600200,335600,No,22720.02,1045.19,5117.19,121.79,1255.5,1056.92,253.05,1240.26,29004.19,3805.74,25198.45,86.88,Profitable
C04423,27,Male,West,Salaried,1043000,Affluent,Savings,2,Personal Loan,861718,1695900,1146200,No,100366.24,2608.81,14671.53,1693.79,1373.68,2024.32,967.08,3017.48,119340.37,7382.56,111957.81,93.81,Highly Profitable
C04424,69,Male,South,Professional,443000,Mass,Salary,4,No Loan,0,537300,338500,No,2291.69,5125.56,0.0,444.16,2084.82,2046.53,1730.06,638.31,7861.41,6499.71,1361.7,17.32,Low Profitability
C04425,23,Female,North,Salaried,940000,Affluent,Current,2,Auto Loan,514823,169200,126200,No,39202.66,3990.7,5930.0,1885.38,1279.1,1898.61,201.63,1225.49,51008.74,4604.83,46403.91,90.97,Highly Profitable
C04426,40,Female,East,Self-Employed,1914000,Premium,Salary,3,Personal Loan,264130,1483300,499100,No,32226.74,3218.31,5124.48,426.26,2505.09,330.51,1696.39,2111.62,40995.79,6643.62,34352.17,83.79,Highly Profitable
C04427,40,Male,West,Salaried,1740000,Affluent,Savings,2,Personal Loan,747339,970300,658000,No,85768.8,4181.19,12011.8,1900.23,2007.07,874.05,342.65,1441.62,103862.01,4665.38,99196.63,95.51,Highly Profitable
C04428,50,Male,West,Salaried,259000,Mass,Current,2,No Loan,0,325400,234800,Yes,906.03,4721.98,0.0,2369.79,2216.52,851.66,1117.76,1579.14,7997.8,5765.08,2232.72,27.92,Low Profitability
C04429,55,Male,West,Salaried,535000,Mass,Savings,1,Home Loan,3730372,483600,483100,Yes,169027.21,2520.71,67775.28,636.51,2185.74,424.66,903.5,8236.42,239959.71,11750.32,228209.39,95.1,Highly Profitable
C04430,55,Female,West,Salaried,821000,Mass,Savings,5,No Loan,0,357100,262600,No,1960.62,9615.66,0.0,120.95,3988.18,1996.86,515.52,801.59,11697.23,7302.15,4395.07,37.57,Low Profitability
C04431,69,Female,South,Salaried,1414000,Affluent,Current,3,No Loan,0,1276700,913100,No,6086.41,4072.21,0.0,366.2,1648.1,2185.94,1336.25,611.68,10524.81,5781.96,4742.85,45.06,Low Profitability
C04432,59,Male,West,Professional,786000,Mass,Salary,1,Education Loan,428275,1325800,1246600,No,32509.4,980.75,8535.56,2306.36,1123.84,572.38,670.05,1772.1,44332.08,4138.36,40193.72,90.67,Highly Profitable
C04433,47,Male,West,Salaried,1415000,Affluent,Savings,2,No Loan,0,1171400,357600,No,6959.4,3718.02,0.0,1228.9,1324.87,842.02,1393.77,1130.56,11906.31,4691.23,7215.09,60.6,Low Profitability
C04434,46,Female,East,Salaried,484000,Mass,Salary,2,No Loan,0,767600,614700,No,2662.64,4296.33,0.0,1390.39,1556.9,350.76,830.4,1773.2,8349.36,4511.25,3838.11,45.97,Low Profitability
C04435,34,Female,North,Professional,839000,Mass,Savings,3,Education Loan,127653,784000,737000,Yes,10632.07,8753.81,3028.36,467.4,2792.38,519.34,268.04,1788.21,22881.64,5367.97,17513.67,76.54,Profitable
C04436,37,Male,West,Salaried,851000,Mass,Salary,2,No Loan,0,1191500,393700,No,4639.74,3470.62,0.0,2469.01,1839.04,1249.13,889.55,700.49,10579.37,4678.21,5901.16,55.78,Low Profitability
C04437,38,Female,West,Business Owner,1441000,Affluent,Savings,2,No Loan,0,2084600,1959200,No,12053.68,3525.93,0.0,537.97,1802.91,999.04,1243.83,1354.22,16117.58,5400.0,10717.58,66.5,Profitable
C04438,65,Male,West,Salaried,1154000,Affluent,Savings,4,Home Loan,2707491,1621600,1490400,Yes,129387.17,7834.36,61283.77,1545.41,4057.16,1105.09,395.25,4070.78,200050.71,9628.28,190422.43,95.19,Highly Profitable
C04439,49,Female,East,Salaried,1023000,Affluent,Salary,2,No Loan,0,1231200,308800,No,6060.43,2649.22,0.0,1466.6,1403.5,1565.71,1519.17,974.4,10176.24,5462.77,4713.47,46.32,Low Profitability
C04440,40,Female,South,Self-Employed,1117000,Affluent,Current,1,Education Loan,309659,1923000,883100,Yes,25245.26,1734.02,5564.06,256.97,1690.85,485.6,1164.38,1264.55,32800.31,4605.38,28194.93,85.96,Profitable
C04441,47,Male,South,Retired,360000,Mass,Savings,1,No Loan,0,605600,229300,Yes,1308.45,2619.88,0.0,2491.46,2232.46,1910.75,1647.62,1169.45,6419.79,6960.28,-540.49,-8.42,Low Profitability
C04442,38,Male,East,Salaried,637000,Mass,Current,2,Auto Loan,761040,413800,283300,No,58794.66,2735.44,13537.34,1420.13,1832.62,1944.64,1670.49,2277.31,76487.57,7725.06,68762.52,89.9,Highly Profitable
C04443,24,Female,North,Salaried,403000,Mass,Salary,1,No Loan,0,522400,536500,Yes,1735.05,3825.72,0.0,473.37,1973.17,609.65,1745.01,1650.15,6034.14,5977.99,56.15,0.93,Low Profitability
C04444,21,Male,West,Salaried,489000,Mass,Current,1,No Loan,0,609700,464800,Yes,1323.43,2660.23,0.0,1911.53,2330.26,1506.17,889.69,1387.99,5895.2,6114.12,-218.92,-3.71,Low Profitability
C04445,70,Female,North,Salaried,636000,Mass,Current,3,No Loan,0,305600,232700,Yes,1706.66,5007.06,0.0,1041.84,2583.61,1611.68,734.97,1319.27,7755.56,6249.52,1506.03,19.42,Low Profitability
C04446,21,Female,South,Retired,202000,Mass,Salary,3,No Loan,0,118600,42000,Yes,249.11,8923.31,0.0,1708.24,2532.17,630.19,1558.57,1699.9,10880.66,6420.83,4459.83,40.99,Low Profitability
C04447,46,Female,East,Salaried,649000,Mass,Salary,3,Personal Loan,439319,430100,351100,Yes,49207.06,4728.75,7306.37,636.24,3351.48,1012.1,1264.71,1509.12,61878.41,7137.41,54741.0,88.47,Highly Profitable
C04448,65,Male,North,Professional,455000,Mass,Savings,3,Personal Loan,831240,317200,318800,No,92450.39,7139.58,18921.08,2313.44,2269.9,1615.31,777.37,2293.95,120824.48,6956.53,113867.95,94.24,Highly Profitable
C04449,40,Male,North,Salaried,392000,Mass,Current,4,Auto Loan,176068,611400,376000,No,15643.98,4195.23,2806.56,198.26,2901.52,1578.8,1631.94,1044.49,22844.03,7156.75,15687.28,68.67,Profitable
C04450,43,Female,East,Professional,738000,Mass,Savings,1,No Loan,0,1032900,856800,No,3928.31,1712.23,0.0,148.57,1001.61,1893.49,611.52,677.77,5789.1,4184.38,1604.72,27.72,Low Profitability
C04451,30,Male,West,Self-Employed,565000,Mass,Savings,1,No Loan,0,837800,419500,No,2881.96,1473.58,0.0,2175.6,1079.63,551.79,1655.98,1372.18,6531.13,4659.58,1871.56,28.66,Low Profitability
C04452,31,Female,East,Professional,845000,Mass,Savings,1,No Loan,0,1399700,669800,No,7635.52,1480.24,0.0,1406.07,1315.53,913.43,1482.99,749.72,10521.84,4461.67,6060.17,57.6,Low Profitability
C04453,61,Female,West,Salaried,490000,Mass,Savings,5,No Loan,0,489300,199300,No,1561.03,9964.47,0.0,919.61,4042.79,1730.41,859.52,1748.46,12445.11,8381.18,4063.93,32.65,Low Profitability
C04454,61,Male,North,Professional,636000,Mass,Savings,3,No Loan,0,972100,442600,Yes,4482.51,8228.48,0.0,438.75,3058.52,772.61,772.46,1186.11,13149.74,5789.69,7360.04,55.97,Low Profitability
C04455,25,Female,West,Business Owner,2706000,Premium,Salary,1,No Loan,0,3510500,1900400,Yes,12618.25,2993.43,0.0,243.56,2110.83,1320.47,1612.38,1112.94,15855.24,6156.62,9698.62,61.17,Low Profitability
C04456,21,Male,South,Self-Employed,986000,Affluent,Savings,2,No Loan,0,904100,661500,No,3213.8,4042.39,0.0,809.19,2038.32,560.83,976.31,964.93,8065.38,4540.4,3524.99,43.71,Low Profitability
C04457,37,Male,North,Professional,440000,Mass,Savings,3,Home Loan,3486831,206700,188800,Yes,158092.04,6459.79,49162.51,2046.54,3246.29,598.37,1427.67,7789.03,215760.88,13061.36,202699.52,93.95,Highly Profitable
C04458,42,Female,North,Business Owner,1384000,Affluent,Savings,1,Home Loan,2006634,1190200,590500,Yes,95999.34,2246.25,40502.55,561.99,2345.16,786.35,1232.01,3732.26,139310.12,8095.78,131214.35,94.19,Highly Profitable
C04459,54,Female,East,Professional,1640000,Affluent,Savings,3,No Loan,0,805000,316300,No,3343.02,4830.84,0.0,2450.75,2166.55,858.54,483.51,1299.69,10624.62,4808.29,5816.33,54.74,Low Profitability
C04460,65,Male,South,Salaried,973000,Affluent,Savings,5,No Loan,0,607000,383800,No,1637.98,8225.94,0.0,1999.85,2428.71,379.38,1642.84,807.4,11863.77,5258.34,6605.43,55.68,Low Profitability
C04461,61,Female,South,Self-Employed,455000,Mass,Savings,1,Personal Loan,153228,281100,258900,No,17571.99,1886.08,3130.13,128.33,1064.43,1926.12,1190.38,1613.69,22716.53,5794.62,16921.91,74.49,Profitable
C04462,49,Male,West,Professional,1235000,Affluent,Salary,2,Auto Loan,433699,1736000,1008500,No,37344.11,2844.59,5111.73,1419.22,1345.07,383.46,721.6,1528.12,46719.65,3978.26,42741.39,91.48,Highly Profitable
C04463,24,Male,East,Salaried,510000,Mass,Savings,1,No Loan,0,503800,517000,Yes,2271.0,1701.5,0.0,1050.07,2129.21,1749.3,778.01,1501.85,5022.56,6158.36,-1135.8,-22.61,Low Profitability
C04464,25,Male,West,Self-Employed,1472000,Affluent,Savings,1,Home Loan,2189368,2147200,989300,No,103297.09,2293.4,23732.7,1165.65,952.87,845.27,578.03,4155.28,130488.85,6531.46,123957.39,94.99,Highly Profitable
C04465,31,Female,West,Retired,613000,Mass,Savings,3,Personal Loan,387347,979400,876100,No,46385.13,2565.32,8775.0,1164.52,1810.26,1056.99,1141.12,1449.63,58889.98,5458.0,53431.97,90.73,Highly Profitable
C04466,41,Male,West,Self-Employed,600000,Mass,Savings,1,Personal Loan,430375,695600,450500,No,50011.66,1029.42,9631.8,2142.76,1222.42,1398.13,499.38,1943.54,62815.63,5063.47,57752.17,91.94,Highly Profitable
C04467,55,Male,North,Salaried,934000,Affluent,Savings,2,Education Loan,564150,767600,261800,No,41022.98,3150.93,13275.01,1745.51,2087.29,726.98,777.49,2569.42,59194.42,6161.18,53033.24,89.59,Highly Profitable
C04468,32,Male,East,Salaried,1520000,Affluent,Savings,3,Education Loan,400251,2376800,1162000,No,34286.85,6932.88,7691.16,797.67,1852.26,445.78,1703.3,1317.36,49708.54,5318.7,44389.85,89.3,Highly Profitable
C04469,46,Female,West,Professional,2575000,Premium,Savings,4,No Loan,0,2797600,2740200,Yes,15628.45,4614.22,0.0,1337.5,3204.88,2118.51,270.34,1394.94,21580.17,6988.68,14591.49,67.62,Profitable
C04470,39,Male,North,Retired,710000,Mass,Salary,3,Auto Loan,621378,1110400,283200,No,51556.1,6162.01,14443.02,1268.75,1551.79,1873.71,1353.65,2098.71,73429.88,6877.86,66552.02,90.63,Highly Profitable
C04471,65,Male,South,Retired,559000,Mass,Savings,1,Home Loan,4684583,328700,293500,No,211976.54,1287.08,59194.47,789.05,1077.83,1742.81,415.21,6835.27,273247.14,10071.13,263176.01,96.31,Highly Profitable
C04472,27,Male,South,Business Owner,446000,Mass,Current,2,Personal Loan,701377,483200,454100,Yes,79135.65,4148.1,10190.53,1589.18,2544.19,1315.55,779.27,2887.44,95063.45,7526.45,87537.01,92.08,Highly Profitable
C04473,67,Female,South,Self-Employed,310000,Mass,Savings,3,Home Loan,2856736,154800,54500,Yes,128921.06,9371.62,23916.11,1615.99,2609.9,1511.52,1117.79,2998.8,163824.79,8238.0,155586.79,94.97,Highly Profitable
C04474,27,Female,West,Salaried,403000,Mass,Salary,1,Education Loan,245958,524800,560400,No,18904.36,2453.07,4384.45,357.6,1016.81,1942.29,1772.92,1248.21,26099.49,5980.23,20119.26,77.09,Profitable
C04475,46,Male,South,Salaried,797000,Mass,Savings,2,Personal Loan,821450,891300,883700,No,94393.51,2048.27,12654.18,314.0,1328.5,1038.86,712.41,1795.08,109409.96,4874.85,104535.11,95.54,Highly Profitable
C04476,60,Female,West,Salaried,1250000,Affluent,Salary,5,Education Loan,261854,1334200,536000,Yes,22013.68,13450.16,4978.97,171.2,2612.89,498.71,506.05,1740.9,40614.0,5358.55,35255.45,86.81,Highly Profitable
C04477,25,Male,East,Salaried,426000,Mass,Savings,1,Home Loan,2817401,513100,233600,No,129401.37,1901.77,68899.66,1521.54,1153.85,1897.83,1201.34,5156.28,201724.35,9409.3,192315.05,95.34,Highly Profitable
C04478,41,Female,North,Professional,1079000,Affluent,Salary,1,Personal Loan,568220,830200,785100,Yes,65507.83,2594.77,5099.09,2490.14,2482.37,419.21,960.99,2130.1,75691.83,5992.67,69699.16,92.08,Highly Profitable
C04479,34,Female,South,Professional,436000,Mass,Current,4,Home Loan,4523390,203500,145400,No,204334.79,7766.38,43221.85,2280.82,2527.25,2045.29,617.09,9678.18,257603.84,14867.81,242736.03,94.23,Highly Profitable
C04480,24,Male,West,Self-Employed,466000,Mass,Savings,1,Personal Loan,635472,690000,713600,No,72446.71,2179.28,11177.97,1206.34,1194.8,1671.67,1371.17,1843.9,87010.31,6081.53,80928.77,93.01,Highly Profitable
C04481,43,Male,West,Retired,389000,Mass,Salary,1,Personal Loan,375962,305100,330200,No,43182.21,1639.47,9385.59,865.32,1207.33,1146.32,1442.82,1637.59,55072.58,5434.06,49638.52,90.13,Highly Profitable
C04482,62,Female,West,Retired,1456000,Affluent,Savings,1,Personal Loan,475129,2594200,1405900,No,65444.61,2345.87,6127.23,1859.83,1123.42,1469.18,1372.49,1450.78,75777.53,5415.87,70361.66,92.85,Highly Profitable
C04483,40,Female,North,Business Owner,1694000,Affluent,Current,3,Home Loan,4652312,1598500,531400,No,218489.72,5095.36,79645.89,904.7,1907.83,1316.57,1534.45,8204.86,304135.68,12963.72,291171.96,95.74,Highly Profitable
C04484,35,Male,West,Self-Employed,469000,Mass,Salary,5,Auto Loan,181912,449500,381200,No,15225.0,5576.12,2085.28,183.35,3373.7,1062.97,1287.13,1916.18,23069.75,7639.99,15429.76,66.88,Profitable
C04485,70,Female,South,Salaried,449000,Mass,Savings,3,No Loan,0,569500,589200,Yes,2255.6,8505.47,0.0,1341.64,2659.98,544.25,1293.68,1558.87,12102.71,6056.78,6045.93,49.96,Low Profitability
C04486,65,Male,West,Self-Employed,986000,Affluent,Savings,1,No Loan,0,1232600,480900,No,3457.97,1950.72,0.0,869.7,1002.65,1835.84,910.33,1451.84,6278.39,5200.66,1077.73,17.17,Low Profitability
C04487,49,Male,South,Salaried,1811000,Premium,Savings,2,Personal Loan,863686,811100,882100,Yes,96660.53,5776.23,9510.07,206.17,2537.66,1416.72,1127.14,2252.65,112153.0,7334.17,104818.83,93.46,Highly Profitable
C04488,28,Male,West,Salaried,1701000,Affluent,Current,3,Personal Loan,759669,1019400,424600,No,86396.61,6887.2,10451.25,1923.31,2241.86,1634.82,1291.2,1401.41,105658.38,6569.29,99089.08,93.78,Highly Profitable
C04489,61,Female,West,Retired,566000,Mass,Salary,3,No Loan,0,301100,97400,Yes,1721.0,6212.9,0.0,1475.54,3717.01,696.0,1032.29,1780.35,9409.43,7225.65,2183.79,23.21,Low Profitability
C04490,68,Female,South,Salaried,633000,Mass,Salary,3,Home Loan,2919540,150700,101200,No,131955.8,5991.57,56085.98,937.56,2094.28,682.47,1300.72,6774.75,194970.92,10852.22,184118.7,94.43,Highly Profitable
C04491,39,Male,South,Salaried,356000,Mass,Savings,3,Education Loan,239354,66600,62300,No,15726.07,7268.77,3427.18,1100.31,2318.68,1894.08,1613.33,1552.22,27522.32,7378.32,20143.99,73.19,Profitable
C04492,68,Male,North,Self-Employed,563000,Mass,Salary,5,Personal Loan,287239,683600,376800,Yes,34201.01,6126.9,5416.59,287.78,4487.0,1339.97,884.58,1909.78,46032.28,8621.32,37410.95,81.27,Highly Profitable
C04493,59,Male,West,Business Owner,738000,Mass,Salary,2,Auto Loan,577757,717800,381900,Yes,47043.48,3534.25,6581.5,396.6,2958.57,1160.43,906.01,2214.04,57555.83,7239.04,50316.79,87.42,Highly Profitable
C04494,66,Male,South,Salaried,333000,Mass,Savings,1,Auto Loan,374369,541500,226100,Yes,30245.4,1966.45,7051.97,1105.77,2125.04,477.2,1443.2,2113.84,40369.59,6159.29,34210.3,84.74,Highly Profitable
C04495,48,Male,North,Salaried,519000,Mass,Savings,4,No Loan,0,335400,365000,Yes,1927.64,7270.24,0.0,463.09,2845.81,1109.76,705.41,569.84,9660.97,5230.82,4430.14,45.86,Low Profitability
C04496,66,Male,West,Retired,791000,Mass,Savings,2,Auto Loan,819866,1146500,619800,No,67902.84,3335.98,19617.76,555.93,1445.19,1636.8,323.33,2839.39,91412.5,6244.72,85167.79,93.17,Highly Profitable
C04497,47,Male,South,Salaried,303000,Mass,Salary,2,Personal Loan,303357,97000,79200,No,33746.89,4474.39,5451.37,984.93,1628.34,496.91,811.99,1808.85,44657.58,4746.09,39911.5,89.37,Highly Profitable
C04498,24,Male,North,Professional,906000,Affluent,Savings,3,Auto Loan,301698,1356400,491700,Yes,25790.25,5724.6,6924.92,1357.59,3763.48,355.44,1022.15,1171.54,39797.36,6312.61,33484.75,84.14,Highly Profitable
C04499,35,Female,West,Self-Employed,1227000,Affluent,Salary,2,No Loan,0,2049000,1295600,No,9871.65,3496.89,0.0,1438.08,1215.91,1351.02,646.24,1205.15,14806.62,4418.32,10388.3,70.16,Profitable
C04500,55,Male,East,Self-Employed,958000,Affluent,Salary,2,No Loan,0,1135300,1051800,Yes,3888.99,5836.52,0.0,1274.87,2661.85,900.69,1278.37,1115.34,11000.38,5956.25,5044.13,45.85,Low Profitability
C04501,57,Male,South,Salaried,533000,Mass,Savings,5,No Loan,0,727200,781600,Yes,3739.93,12668.33,0.0,275.08,3352.2,2021.37,1060.13,960.63,16683.34,7394.34,9289.0,55.68,Low Profitability
C04502,21,Female,West,Professional,1334000,Affluent,Savings,1,No Loan,0,2374300,951500,Yes,7681.98,3560.1,0.0,291.61,2250.48,1425.87,679.6,1070.26,11533.69,5426.21,6107.48,52.95,Low Profitability
C04503,23,Male,North,Professional,1501000,Affluent,Savings,2,No Loan,0,1161800,383900,No,3860.07,2205.05,0.0,593.63,1590.47,870.85,474.15,1239.95,6658.75,4175.43,2483.32,37.29,Low Profitability
C04504,67,Female,West,Salaried,834000,Mass,Savings,1,No Loan,0,165500,180300,Yes,690.02,3946.13,0.0,2202.43,2138.17,896.43,1372.17,1164.78,6838.58,5571.55,1267.03,18.53,Low Profitability
C04505,44,Male,South,Salaried,760000,Mass,Savings,4,Personal Loan,850355,970000,699400,No,95575.65,9291.28,10772.23,367.72,3208.16,545.25,201.67,2422.49,116006.89,6377.58,109629.31,94.5,Highly Profitable
C04506,47,Male,South,Salaried,498000,Mass,Current,1,Personal Loan,842705,85700,46600,No,92927.11,1222.42,16740.24,1833.14,1161.64,1131.51,786.07,1687.34,112722.91,4766.57,107956.34,95.77,Highly Profitable
C04507,60,Male,West,Professional,560000,Mass,Savings,4,No Loan,0,609100,649400,Yes,3292.59,8607.31,0.0,2066.53,3607.55,430.02,702.09,572.58,13966.42,5312.24,8654.19,61.96,Low Profitability
C04508,56,Male,West,Self-Employed,1262000,Affluent,Salary,1,Personal Loan,715582,1433400,833800,No,87065.42,1626.14,9930.71,351.91,980.77,1137.24,395.17,1554.05,98974.19,4067.23,94906.97,95.89,Highly Profitable
C04509,54,Male,West,Salaried,1936000,Premium,Savings,2,No Loan,0,2157500,964800,Yes,5972.71,5682.15,0.0,1532.08,2200.67,528.97,1739.13,1107.7,13186.93,5576.48,7610.45,57.71,Low Profitability
C04510,49,Female,North,Salaried,557000,Mass,Savings,3,No Loan,0,236000,220200,No,1201.21,4729.21,0.0,1945.81,1885.19,1586.63,725.86,1339.04,7876.23,5536.72,2339.5,29.7,Low Profitability
C04511,44,Male,South,Self-Employed,637000,Mass,Salary,2,Home Loan,4797983,176100,91000,No,216340.23,3423.28,42841.02,2027.66,1628.02,1537.06,1560.95,9262.68,264632.18,13988.72,250643.47,94.71,Highly Profitable
C04512,44,Male,West,Professional,490000,Mass,Savings,2,No Loan,0,807400,422800,No,3141.4,2070.06,0.0,169.6,1782.17,1892.85,935.91,616.52,5381.06,5227.44,153.62,2.85,Low Profitability
C04513,62,Female,West,Business Owner,552000,Mass,Savings,3,No Loan,0,576100,361900,No,2323.91,4737.0,0.0,1384.48,2084.69,2052.57,1131.12,1545.62,8445.39,6814.0,1631.39,19.32,Low Profitability
C04514,24,Male,West,Salaried,350000,Mass,Current,2,No Loan,0,239100,200600,No,1017.35,2762.1,0.0,547.29,1958.84,1542.41,1150.28,1072.6,4326.73,5724.14,-1397.41,-32.3,Low Profitability
C04515,23,Female,West,Salaried,886000,Mass,Salary,5,Auto Loan,462154,1261100,1217600,Yes,39006.99,6790.92,5797.75,2234.33,3410.39,593.14,1094.87,1480.54,53830.0,6578.94,47251.06,87.78,Highly Profitable
C04516,54,Male,North,Salaried,348000,Mass,Savings,2,Auto Loan,688675,581400,257100,Yes,54804.41,5683.21,14570.78,1215.62,2323.13,1265.72,1702.8,2629.24,76274.03,7920.88,68353.14,89.62,Highly Profitable
C04517,69,Female,North,Salaried,518000,Mass,Savings,4,No Loan,0,423200,236200,No,1360.09,8442.04,0.0,1097.76,2367.5,2088.25,1131.83,1727.34,10899.89,7314.92,3584.96,32.89,Low Profitability
C04518,43,Male,South,Professional,677000,Mass,Salary,4,Personal Loan,291653,211400,142000,No,32914.94,4401.55,3651.35,596.33,2136.45,678.62,1786.91,1215.18,41564.18,5817.17,35747.01,86.0,Highly Profitable
C04519,43,Male,East,Salaried,340000,Mass,Savings,2,No Loan,0,439600,119500,No,1220.04,2081.34,0.0,570.92,1734.13,1039.74,756.76,1548.76,3872.3,5079.4,-1207.09,-31.17,Low Profitability
C04520,65,Female,East,Salaried,457000,Mass,Savings,1,No Loan,0,752900,634300,No,3231.0,1011.3,0.0,2478.99,1206.63,1721.3,1192.08,1202.37,6721.29,5322.39,1398.9,20.81,Low Profitability
C04521,25,Male,North,Self-Employed,377000,Mass,Current,1,No Loan,0,666400,487200,Yes,1858.38,3063.16,0.0,262.32,2097.16,1750.24,1712.28,887.93,5183.85,6447.61,-1263.76,-24.38,Low Profitability
C04522,51,Male,South,Business Owner,1282000,Affluent,Savings,5,Auto Loan,518557,1913200,695500,No,44566.36,10698.67,5937.17,200.96,3718.61,2103.86,1276.81,1372.98,61403.16,8472.26,52930.9,86.2,Highly Profitable
C04523,61,Female,East,Self-Employed,1532000,Affluent,Savings,3,No Loan,0,907800,327500,No,3403.75,6932.46,0.0,738.19,1641.58,769.62,602.89,1753.84,11074.39,4767.93,6306.46,56.95,Low Profitability
C04524,26,Male,West,Professional,453000,Mass,Savings,3,Home Loan,2039863,335700,339400,No,92838.21,7317.07,37531.85,979.66,1915.07,1930.77,1539.72,3305.33,138666.79,8690.89,129975.9,93.73,Highly Profitable
C04525,57,Male,West,Business Owner,3200000,Premium,Salary,2,Auto Loan,288813,1202000,998600,No,24257.92,2883.19,6627.74,1031.74,1270.82,399.77,1039.82,1149.46,34800.59,3859.87,30940.72,88.91,Highly Profitable
C04526,30,Female,West,Professional,419000,Mass,Salary,1,Personal Loan,950749,555600,322200,Yes,107463.58,3820.42,21504.85,560.21,2164.52,577.02,1363.9,1639.76,133349.05,5745.19,127603.86,95.69,Highly Profitable
C04527,60,Male,North,Business Owner,555000,Mass,Savings,3,Auto Loan,872023,238200,128000,Yes,66659.55,8051.56,20909.53,2353.85,3227.47,2091.77,241.93,2146.84,97974.49,7708.01,90266.48,92.13,Highly Profitable
C04528,27,Female,South,Salaried,918000,Affluent,Savings,5,Auto Loan,294427,792000,411300,Yes,26519.49,6734.28,2470.97,2265.09,5118.05,1973.43,838.34,1114.98,37989.84,9044.81,28945.03,76.19,Profitable
C04529,59,Female,North,Salaried,967000,Affluent,Salary,1,Personal Loan,651032,993500,801200,Yes,77494.59,1894.28,11420.62,1293.43,2252.12,415.78,1223.78,2236.22,92102.92,6127.9,85975.02,93.35,Highly Profitable
C04530,58,Male,North,Retired,587000,Mass,Savings,4,Personal Loan,909384,458600,184300,Yes,101157.17,7244.56,21449.61,1908.69,3722.93,428.49,1282.26,1847.06,131760.03,7280.75,124479.29,94.47,Highly Profitable
C04531,41,Male,North,Retired,1278000,Affluent,Savings,1,Home Loan,1195204,507400,552700,Yes,55356.12,2858.87,27854.36,639.44,1821.42,968.65,1060.12,2732.88,86708.79,6583.06,80125.73,92.41,Highly Profitable
C04532,40,Male,West,Business Owner,1353000,Affluent,Savings,4,Auto Loan,559846,850000,708900,Yes,45832.55,8059.68,7057.76,2151.55,2481.14,1059.96,264.91,1345.43,63101.55,5151.43,57950.12,91.84,Highly Profitable
C04533,23,Male,West,Business Owner,697000,Mass,Savings,2,Home Loan,4139397,832300,298000,Yes,190855.07,5272.78,68436.97,1088.63,2625.31,1188.88,1480.79,5257.98,265653.46,10552.95,255100.5,96.03,Highly Profitable
C04534,42,Female,West,Salaried,645000,Mass,Savings,3,No Loan,0,870300,319700,Yes,2305.64,6483.85,0.0,420.48,2386.42,1342.14,1209.49,1651.85,9209.97,6589.9,2620.07,28.45,Low Profitability
C04535,67,Male,West,Self-Employed,500000,Mass,Savings,5,Auto Loan,320284,582100,466300,Yes,26311.39,11950.49,4055.21,2003.44,2702.12,548.2,353.43,1126.71,44320.53,4730.46,39590.07,89.33,Highly Profitable
C04536,24,Male,South,Retired,395000,Mass,Savings,3,Education Loan,311177,688700,396500,No,24300.27,5703.77,7737.01,1253.78,2112.24,2174.19,1583.39,1528.43,38994.83,7398.25,31596.57,81.03,Highly Profitable
C04537,48,Female,South,Professional,451000,Mass,Current,5,Personal Loan,819978,524300,425200,Yes,91940.41,11506.75,14715.89,1556.92,3617.39,2119.9,1197.91,2803.12,119719.97,9738.32,109981.65,91.87,Highly Profitable
C04538,32,Female,South,Salaried,944000,Affluent,Savings,2,Home Loan,2028543,492600,425700,No,93237.3,2854.56,50670.48,2299.92,1262.27,1076.81,1555.72,3438.51,149062.26,7333.31,141728.95,95.08,Highly Profitable
C04539,58,Male,South,Salaried,700000,Mass,Current,5,Personal Loan,390238,672200,475400,No,46136.08,7880.48,3231.68,1473.59,4097.39,1226.69,1534.3,1111.86,58721.83,7970.23,50751.6,86.43,Highly Profitable
C04540,56,Male,South,Self-Employed,612000,Mass,Savings,4,No Loan,0,936200,438200,Yes,3451.68,9746.11,0.0,738.84,4363.07,989.98,1307.33,617.31,13936.63,7277.69,6658.93,47.78,Low Profitability
C04541,67,Female,South,Salaried,511000,Mass,Savings,1,No Loan,0,351300,252400,No,1710.89,1050.59,0.0,923.0,1201.44,1536.29,658.41,1624.38,3684.48,5020.52,-1336.04,-36.26,Low Profitability
C04542,61,Female,South,Salaried,517000,Mass,Savings,2,No Loan,0,706300,429800,No,1829.75,4020.96,0.0,2155.44,2049.95,1628.68,1435.52,1162.89,8006.16,6277.03,1729.12,21.6,Low Profitability
C04543,25,Female,South,Business Owner,683000,Mass,Savings,5,Home Loan,3469778,987300,994000,Yes,159025.28,13024.82,33041.6,2051.04,3155.19,1317.24,725.8,6543.72,207142.75,11741.95,195400.8,94.33,Highly Profitable
C04544,33,Male,North,Salaried,654000,Mass,Current,1,Personal Loan,845594,1105900,972300,Yes,96938.59,2264.62,11708.52,1875.09,2346.03,2056.17,746.03,1545.22,112786.81,6693.45,106093.37,94.07,Highly Profitable
C04545,43,Male,North,Professional,700000,Mass,Current,3,No Loan,0,568400,441200,Yes,3373.81,4952.24,0.0,409.47,3506.59,958.71,1267.27,738.23,8735.52,6470.8,2264.72,25.93,Low Profitability
C04546,70,Male,South,Professional,548000,Mass,Savings,3,No Loan,0,316800,89900,No,1075.57,5364.99,0.0,566.4,1983.64,794.11,1648.89,903.95,7006.96,5330.59,1676.37,23.92,Low Profitability
C04547,50,Male,West,Professional,484000,Mass,Current,1,No Loan,0,478200,522000,Yes,2707.65,3787.31,0.0,1787.17,1792.07,1545.78,914.11,1561.65,8282.14,5813.61,2468.52,29.81,Low Profitability
C04548,57,Female,North,Professional,703000,Mass,Savings,4,Home Loan,2244706,1258100,920100,Yes,107930.69,5806.09,36503.1,767.35,3547.73,608.9,1098.85,3677.78,151007.24,8933.26,142073.98,94.08,Highly Profitable
C04549,45,Female,North,Self-Employed,1001000,Affluent,Salary,2,No Loan,0,1640200,771100,No,8239.09,3587.54,0.0,1807.23,1626.39,1396.74,560.62,806.73,13633.85,4390.48,9243.37,67.8,Low Profitability
C04550,68,Female,West,Professional,529000,Mass,Salary,2,No Loan,0,327200,246300,Yes,1139.11,6768.61,0.0,1764.29,2343.38,914.24,1272.19,1553.49,9672.01,6083.31,3588.7,37.1,Low Profitability
C04551,47,Male,East,Self-Employed,188000,Mass,Savings,3,Auto Loan,333966,89200,84300,No,25343.75,4223.01,5439.73,1512.71,2500.02,560.9,692.8,1015.18,36519.2,4768.91,31750.29,86.94,Highly Profitable
C04552,34,Female,West,Retired,330000,Mass,Savings,3,Personal Loan,561895,309200,218800,No,63218.02,5302.17,5480.66,2471.98,1773.02,901.28,1619.63,1462.36,76472.84,5756.29,70716.55,92.47,Highly Profitable
C04553,68,Female,West,Salaried,1264000,Affluent,Current,4,Home Loan,1255889,535300,487300,Yes,58083.57,9809.31,11117.31,2198.62,3951.72,684.83,203.03,2339.92,81208.81,7179.5,74029.31,91.16,Highly Profitable
C04554,67,Female,West,Retired,1209000,Affluent,Savings,3,Personal Loan,901799,1693500,1017900,Yes,105027.03,7870.18,17617.76,389.54,2609.63,1496.04,965.47,2994.92,130904.51,8066.06,122838.45,93.84,Highly Profitable
C04555,56,Male,South,Salaried,999000,Affluent,Salary,2,No Loan,0,210200,158000,No,1105.77,2657.24,0.0,1859.95,1435.19,398.26,1530.43,1043.94,5622.96,4407.81,1215.15,21.61,Low Profitability
C04556,59,Male,North,Salaried,928000,Affluent,Current,3,No Loan,0,483300,294300,No,1373.95,6852.06,0.0,2136.64,2706.9,1854.84,670.17,716.7,10362.65,5948.61,4414.05,42.6,Low Profitability
C04557,36,Female,South,Self-Employed,1225000,Affluent,Current,4,Personal Loan,258419,220600,154100,Yes,29598.02,8661.02,4996.54,2192.62,3151.58,1410.06,976.07,1386.6,45448.2,6924.31,38523.89,84.76,Highly Profitable
C04558,42,Male,South,Business Owner,580000,Mass,Savings,5,Personal Loan,368038,304000,119300,No,41763.43,10093.97,7359.42,1334.29,2820.38,1928.44,369.2,866.27,60551.1,5984.28,54566.83,90.12,Highly Profitable
C04559,41,Female,West,Salaried,756000,Mass,Savings,3,Personal Loan,382669,178700,135600,No,42816.66,2738.16,9371.69,2158.3,2288.47,604.52,385.53,2213.91,57084.81,5492.43,51592.38,90.38,Highly Profitable
C04560,41,Male,West,Self-Employed,458000,Mass,Savings,3,Home Loan,4447037,577700,625100,No,202690.02,4218.36,83206.07,2150.46,1532.47,1197.23,1219.65,3734.42,292264.92,7683.78,284581.14,97.37,Highly Profitable
C04561,28,Female,West,Professional,636000,Mass,Savings,2,Personal Loan,858352,693800,624500,Yes,97558.63,3204.81,10879.92,1429.45,2152.95,1569.09,1493.0,2395.11,113072.81,7610.14,105462.66,93.27,Highly Profitable
C04562,69,Female,South,Salaried,1986000,Premium,Savings,4,No Loan,0,998900,521500,No,4228.68,7018.65,0.0,1398.85,2832.09,577.07,296.78,1659.31,12646.18,5365.25,7280.93,57.57,Low Profitability
C04563,36,Female,South,Self-Employed,444000,Mass,Salary,4,Auto Loan,618273,216800,213400,No,47412.35,8895.88,9754.58,1576.64,2764.15,326.5,541.1,1161.2,67639.45,4792.95,62846.5,92.91,Highly Profitable
C04564,51,Male,West,Salaried,369000,Mass,Savings,1,No Loan,0,232600,235200,No,798.3,1496.98,0.0,477.4,1221.2,2091.73,889.08,627.73,2772.68,4829.74,-2057.06,-74.19,Low Profitability
C04565,62,Female,West,Self-Employed,629000,Mass,Salary,3,Education Loan,308235,922800,369400,No,24873.42,3550.58,5064.88,1873.37,2250.8,1783.43,1733.38,1662.52,35362.25,7430.13,27932.13,78.99,Profitable
C04566,30,Female,West,Business Owner,562000,Mass,Salary,3,Auto Loan,198982,223900,66100,Yes,15569.56,5752.44,2700.87,2236.95,2978.6,1786.19,353.37,1630.81,26259.83,6748.97,19510.86,74.3,Profitable
C04567,52,Male,South,Salaried,810000,Mass,Salary,1,No Loan,0,284200,209300,No,1380.46,1774.42,0.0,1443.97,1098.68,2048.99,1421.74,876.73,4598.86,5446.14,-847.28,-18.42,Low Profitability
C04568,54,Female,West,Retired,1083000,Affluent,Savings,3,Education Loan,350647,1070300,700500,No,26582.7,6314.42,6947.76,1868.43,1687.05,1398.43,1178.42,1350.03,41713.3,5613.93,36099.38,86.54,Highly Profitable
C04569,29,Male,West,Self-Employed,570000,Mass,Savings,2,Auto Loan,647172,899000,770900,Yes,52834.62,6178.41,8001.32,1353.53,2815.38,1518.96,872.55,1988.82,68367.88,7195.71,61172.17,89.48,Highly Profitable
C04570,37,Male,North,Professional,2230000,Premium,Savings,3,Education Loan,689658,1159100,578500,Yes,47296.3,8052.32,11127.49,1448.62,3318.37,697.07,669.09,2146.17,67924.73,6830.7,61094.03,89.94,Highly Profitable
C04571,31,Male,South,Business Owner,1377000,Affluent,Salary,2,Home Loan,2980166,448000,256800,No,135702.88,4605.17,60160.12,1484.98,1910.07,1193.73,799.75,5768.56,201953.14,9672.11,192281.02,95.21,Highly Profitable
C04572,52,Female,South,Professional,460000,Mass,Salary,1,Education Loan,189437,442200,209700,Yes,14901.37,2505.67,2072.75,713.51,1853.61,599.43,876.61,1430.51,20193.3,4760.17,15433.14,76.43,Profitable
C04573,30,Male,North,Salaried,670000,Mass,Savings,1,Home Loan,3909579,909900,453400,Yes,179835.86,4227.84,95679.92,1936.77,1866.12,487.82,1600.69,7015.18,281680.39,10969.81,270710.58,96.11,Highly Profitable
C04574,42,Female,South,Salaried,936000,Affluent,Savings,3,Auto Loan,537058,1095300,282500,No,44657.55,4407.63,5133.82,1100.44,1609.61,785.12,1777.55,2079.52,55299.44,6251.81,49047.63,88.69,Highly Profitable
C04575,37,Male,North,Self-Employed,444000,Mass,Savings,2,Personal Loan,681695,372900,255100,Yes,76101.33,3494.54,16500.79,243.85,1731.53,1173.08,1730.67,1933.88,96340.51,6569.16,89771.35,93.18,Highly Profitable
C04576,24,Male,East,Professional,225000,Mass,Savings,4,Education Loan,383988,48700,31800,No,25152.36,6435.99,3180.86,1263.31,2517.57,1512.67,434.05,1390.06,36032.53,5854.35,30178.18,83.75,Highly Profitable
C04577,68,Female,West,Salaried,2023000,Premium,Salary,1,Personal Loan,542417,1306800,722000,Yes,66583.59,4141.88,8797.3,398.34,1698.46,1258.22,246.42,1236.32,79921.12,4439.43,75481.69,94.45,Highly Profitable
C04578,67,Female,South,Retired,381000,Mass,Salary,4,Home Loan,879027,635000,450300,No,41685.84,6034.15,11338.32,2018.13,3369.61,1999.46,540.46,2867.3,61076.44,8776.83,52299.61,85.63,Highly Profitable
C04579,45,Female,North,Salaried,1119000,Affluent,Current,3,Auto Loan,738163,579300,337700,No,57829.77,6587.5,18048.11,511.52,1515.92,921.0,685.79,1856.24,82976.91,4978.96,77997.95,94.0,Highly Profitable
C04580,41,Male,West,Salaried,1029000,Affluent,Current,5,Personal Loan,886005,1196800,739200,No,103078.6,8011.45,19974.14,2267.2,2788.44,1908.94,935.16,2997.95,133331.38,8630.5,124700.87,93.53,Highly Profitable
C04581,57,Male,South,Salaried,447000,Mass,Savings,2,No Loan,0,736300,185300,No,2653.25,1805.29,0.0,2231.91,1865.68,1127.87,1019.93,1714.18,6690.45,5727.65,962.8,14.39,Low Profitability
C04582,58,Female,West,Self-Employed,2057000,Premium,Savings,1,No Loan,0,1965200,602100,No,6155.31,1871.59,0.0,2232.09,1086.79,562.25,793.16,1651.64,10258.99,4093.84,6165.15,60.1,Low Profitability
C04583,69,Female,North,Retired,725000,Mass,Salary,3,Education Loan,170483,642600,243000,Yes,12766.48,8590.64,1670.5,860.63,3133.48,1945.09,1678.36,713.06,23888.25,7469.99,16418.27,68.73,Profitable
C04584,21,Male,North,Salaried,755000,Mass,Salary,3,Auto Loan,516559,289000,117500,Yes,39436.9,4726.3,6302.89,860.69,3692.61,1229.69,1359.87,1814.48,51326.78,8096.65,43230.13,84.23,Highly Profitable
C04585,45,Male,West,Self-Employed,300000,Mass,Savings,2,Personal Loan,969085,530400,336500,No,108171.67,2355.28,16499.2,969.31,1729.68,566.06,1310.93,2040.71,127995.46,5647.38,122348.09,95.59,Highly Profitable
C04586,56,Female,North,Salaried,219000,Mass,Savings,1,Education Loan,443847,96700,96100,Yes,29051.01,2430.25,6485.72,2213.86,1766.25,657.5,1123.49,1265.3,40180.83,4812.55,35368.28,88.02,Highly Profitable
C04587,37,Male,North,Business Owner,613000,Mass,Savings,2,No Loan,0,578900,344500,No,2918.04,2798.98,0.0,1015.4,1735.62,437.14,1092.97,1204.06,6732.43,4469.8,2262.63,33.61,Low Profitability
C04588,61,Female,South,Salaried,1429000,Affluent,Salary,2,No Loan,0,618300,484200,Yes,1513.03,6229.54,0.0,1458.65,2131.84,1524.02,890.39,554.18,9201.22,5100.43,4100.79,44.57,Low Profitability
C04589,44,Male,South,Self-Employed,251000,Mass,Savings,2,Personal Loan,643480,181900,49500,No,71800.7,4207.18,7709.45,2430.67,1352.44,989.98,902.96,2148.2,86147.99,5393.59,80754.4,93.74,Highly Profitable
C04590,22,Male,West,Business Owner,758000,Mass,Current,3,No Loan,0,1219300,1190800,Yes,4929.42,6464.65,0.0,1775.7,3269.62,2136.2,1702.89,1179.18,13169.78,8287.89,4881.89,37.07,Low Profitability
C04591,60,Female,North,Self-Employed,732000,Mass,Savings,3,No Loan,0,886800,307000,No,3394.52,7375.39,0.0,2011.86,2344.92,1323.03,1140.75,1775.09,12781.76,6583.79,6197.97,48.49,Low Profitability
C04592,35,Male,East,Salaried,1385000,Affluent,Salary,5,Home Loan,4235582,230200,113200,No,191121.24,6928.29,83646.78,1201.84,3862.52,766.35,863.82,9060.42,282898.15,14553.12,268345.03,94.86,Highly Profitable
C04593,52,Male,West,Salaried,1224000,Affluent,Savings,1,No Loan,0,2136100,2017000,No,5411.43,1555.86,0.0,1917.83,1342.41,1418.91,983.52,904.74,8885.12,4649.59,4235.52,47.67,Low Profitability
C04594,59,Female,North,Business Owner,756000,Mass,Savings,3,Home Loan,3531590,1091200,518500,No,164843.53,5709.58,29870.62,2016.79,1931.48,2155.75,1687.13,7150.47,202440.51,12924.82,189515.69,93.62,Highly Profitable
C04595,26,Male,South,Professional,665000,Mass,Savings,2,No Loan,0,1194300,560500,No,5602.56,3340.91,0.0,1739.52,1301.27,343.95,752.84,563.46,10682.99,2961.53,7721.46,72.28,Low Profitability
C04596,21,Male,South,Retired,471000,Mass,Savings,2,Education Loan,609220,663500,505900,Yes,41177.2,4092.64,5057.53,2498.33,2240.28,622.69,1796.06,2691.83,52825.7,7350.87,45474.84,86.08,Highly Profitable
C04597,67,Female,West,Professional,373000,Mass,Salary,3,Auto Loan,522546,526700,536100,No,41679.44,4530.73,8092.66,289.33,1928.62,2063.5,820.32,2423.27,54592.15,7235.7,47356.45,86.75,Highly Profitable
C04598,43,Male,North,Retired,496000,Mass,Current,4,Home Loan,3530047,646800,279200,No,160484.52,9073.03,31461.23,2097.3,2839.94,346.66,1467.51,3074.41,203116.07,7728.51,195387.56,96.2,Highly Profitable
C04599,59,Male,North,Salaried,381000,Mass,Savings,5,No Loan,0,323200,251400,No,1593.52,5684.78,0.0,620.58,3846.7,2130.36,308.86,768.81,7898.89,7054.73,844.16,10.69,Low Profitability
C04600,37,Male,East,Salaried,661000,Mass,Savings,4,Education Loan,350234,442600,336400,No,25322.67,5359.83,4807.77,1605.32,2800.76,1492.87,854.42,743.37,37095.59,5891.42,31204.17,84.12,Highly Profitable
C04601,54,Female,West,Salaried,687000,Mass,Savings,1,No Loan,0,698400,566100,Yes,3515.32,3119.74,0.0,2061.16,2123.22,740.18,434.65,1671.62,8696.23,4969.67,3726.56,42.85,Low Profitability
C04602,61,Female,East,Self-Employed,602000,Mass,Salary,2,No Loan,0,267300,281900,Yes,1415.42,4615.05,0.0,1658.97,2314.47,470.4,666.91,523.77,7689.44,3975.55,3713.89,48.3,Low Profitability
C04603,49,Female,North,Business Owner,743000,Mass,Savings,4,No Loan,0,997100,389900,No,4469.46,4294.1,0.0,756.67,1932.38,497.85,848.19,528.58,9520.23,3807.0,5713.23,60.01,Low Profitability
C04604,29,Male,West,Professional,544000,Mass,Salary,3,Education Loan,458911,976800,787500,Yes,31797.32,3890.45,9323.11,836.23,2569.3,1891.73,1095.63,1543.75,45847.12,7100.41,38746.71,84.51,Highly Profitable
C04605,33,Female,North,Salaried,1112000,Affluent,Savings,2,Auto Loan,829634,1269400,514100,No,68748.26,4436.6,10672.6,1540.31,1416.26,1860.72,422.96,1294.17,85397.78,4994.11,80403.67,94.15,Highly Profitable
C04606,26,Female,South,Self-Employed,794000,Mass,Savings,3,Education Loan,615236,1241100,641800,No,44478.67,5985.44,6280.27,2273.0,2128.83,1884.34,909.58,2692.31,59017.38,7615.07,51402.32,87.1,Highly Profitable
C04607,26,Male,West,Business Owner,536000,Mass,Savings,5,Home Loan,4396078,232800,135400,Yes,199102.09,7996.0,61799.05,1676.78,4197.3,2125.23,1690.19,7622.23,270573.92,15634.94,254938.98,94.22,Highly Profitable
C04608,40,Female,West,Self-Employed,369000,Mass,Savings,4,No Loan,0,557700,535400,No,2393.2,5829.33,0.0,1118.45,1768.69,1042.13,1012.11,778.52,9340.98,4601.45,4739.53,50.74,Low Profitability
C04609,23,Male,East,Salaried,669000,Mass,Savings,3,Education Loan,425430,1102000,325800,Yes,30701.37,8727.29,7145.63,2175.58,2014.98,2040.09,308.39,1713.71,48749.87,6077.18,42672.69,87.53,Highly Profitable
C04610,37,Female,East,Professional,1311000,Affluent,Savings,5,Personal Loan,689313,2011200,1757000,No,80288.24,11395.94,5802.59,816.81,4107.97,606.86,514.31,2660.11,98303.58,7889.24,90414.33,91.97,Highly Profitable
C04611,69,Female,West,Salaried,968000,Affluent,Savings,4,No Loan,0,1147100,1176600,No,4841.18,7650.55,0.0,1364.12,2491.03,2084.48,1482.34,522.58,13855.84,6580.43,7275.41,52.51,Low Profitability
C04612,32,Male,West,Retired,1062000,Affluent,Salary,1,No Loan,0,1782600,565700,No,7607.14,1282.77,0.0,842.74,1283.1,762.94,689.08,1116.92,9732.66,3852.03,5880.62,60.42,Low Profitability
C04613,68,Male,South,Retired,1042000,Affluent,Savings,1,No Loan,0,1809400,1668500,No,9843.63,1434.59,0.0,1984.03,1344.2,1075.21,1558.49,1096.63,13262.25,5074.52,8187.72,61.74,Low Profitability
C04614,67,Male,South,Salaried,1366000,Affluent,Savings,3,Auto Loan,852130,2042600,697500,No,68311.57,5731.58,15890.93,581.46,1965.35,1279.18,681.49,3141.84,90515.53,7067.85,83447.68,92.19,Highly Profitable
C04615,65,Male,West,Salaried,1125000,Affluent,Salary,2,No Loan,0,1184300,1265300,No,6259.06,3505.61,0.0,1674.02,1693.35,1826.04,1094.5,946.07,11438.69,5559.97,5878.72,51.39,Low Profitability
C04616,21,Male,East,Professional,760000,Mass,Salary,4,No Loan,0,1161500,1095400,Yes,4207.57,8325.49,0.0,1683.37,4436.3,1039.64,1137.71,775.97,14216.44,7389.62,6826.82,48.02,Low Profitability
C04617,37,Female,West,Self-Employed,560000,Mass,Savings,4,Home Loan,4311531,427700,359600,No,195778.18,6078.92,57720.57,2334.7,2779.14,948.96,1245.84,3868.66,261912.36,8842.6,253069.76,96.62,Highly Profitable
C04618,23,Male,South,Salaried,1133000,Affluent,Salary,2,No Loan,0,817900,586900,Yes,3380.84,2454.27,0.0,1158.87,2343.32,2167.28,1387.42,881.64,6993.98,6779.67,214.32,3.06,Low Profitability
C04619,46,Male,North,Retired,185000,Mass,Current,4,No Loan,0,133900,138300,No,472.57,4026.52,0.0,1291.19,2777.89,441.71,1793.41,1561.55,5790.29,6574.56,-784.27,-13.54,Low Profitability
C04620,35,Female,North,Self-Employed,1405000,Affluent,Salary,3,Education Loan,443514,672600,236200,No,30674.03,6660.14,4003.65,1536.92,2754.42,348.62,210.92,1864.92,42874.74,5178.88,37695.86,87.92,Highly Profitable
C04621,56,Male,West,Salaried,1023000,Affluent,Savings,2,No Loan,0,1204900,426000,Yes,2789.7,6024.65,0.0,404.59,2709.57,407.72,1440.61,1069.74,9218.93,5627.63,3591.3,38.96,Low Profitability
C04622,52,Female,South,Self-Employed,1724000,Affluent,Salary,4,Home Loan,3292206,2140200,2031300,Yes,154201.67,9871.25,47731.69,1192.16,4252.14,2036.96,1478.32,4959.86,212996.77,12727.28,200269.49,94.02,Highly Profitable
C04623,52,Female,East,Salaried,378000,Mass,Savings,3,Personal Loan,234527,592900,391300,Yes,28677.72,6986.94,5585.41,460.25,3154.46,742.29,541.77,1472.07,41710.32,5910.59,35799.73,85.83,Highly Profitable
C04624,24,Male,North,Salaried,1326000,Affluent,Savings,3,No Loan,0,1718400,1663900,No,8126.39,7171.12,0.0,1990.72,2640.65,383.02,640.59,662.16,17288.23,4326.42,12961.81,74.97,Profitable
C04625,38,Male,North,Self-Employed,1008000,Affluent,Savings,1,Home Loan,3100704,1448400,843100,Yes,146341.6,4309.78,27178.55,884.7,1688.3,1684.65,1158.6,6019.02,178714.63,10550.57,168164.06,94.1,Highly Profitable
C04626,69,Male,West,Salaried,501000,Mass,Savings,3,No Loan,0,644600,408700,Yes,3629.59,5587.36,0.0,1148.49,2389.78,1516.82,536.32,842.79,10365.44,5285.7,5079.74,49.01,Low Profitability
C04627,39,Female,East,Self-Employed,649000,Mass,Current,2,No Loan,0,843800,449100,Yes,3229.63,4393.99,0.0,779.51,3174.2,1804.32,1164.1,1389.96,8403.14,7532.58,870.56,10.36,Low Profitability
C04628,63,Male,East,Retired,625000,Mass,Savings,3,No Loan,0,444900,470800,No,2240.76,6115.68,0.0,717.21,2640.91,1295.07,489.79,1170.54,9073.65,5596.31,3477.34,38.32,Low Profitability
C04629,55,Female,South,Professional,573000,Mass,Savings,2,No Loan,0,999100,644600,No,4668.66,4066.03,0.0,2470.1,1303.13,636.58,1087.59,1477.2,11204.79,4504.5,6700.29,59.8,Low Profitability
C04630,60,Female,North,Salaried,333000,Mass,Savings,3,Personal Loan,585117,400900,357500,Yes,66667.3,8866.4,4891.97,2099.04,3715.38,852.15,1462.78,2149.73,82524.71,8180.04,74344.67,90.09,Highly Profitable
C04631,34,Male,East,Salaried,1335000,Affluent,Savings,1,No Loan,0,1493600,1256900,No,6988.86,885.79,0.0,1177.92,955.46,416.27,1758.17,1648.11,9052.58,4778.02,4274.56,47.22,Low Profitability
C04632,53,Female,West,Business Owner,416000,Mass,Savings,1,No Loan,0,643900,289600,Yes,1751.98,2009.75,0.0,2088.2,2136.13,1637.32,906.75,973.68,5849.93,5653.88,196.06,3.35,Low Profitability
C04633,34,Male,North,Business Owner,393000,Mass,Savings,2,Education Loan,659228,331900,340800,Yes,44501.68,2952.67,14878.36,1723.95,2042.46,1530.57,776.87,1663.7,64056.65,6013.61,58043.04,90.61,Highly Profitable
C04634,54,Female,North,Professional,1354000,Affluent,Savings,4,No Loan,0,418100,298100,Yes,1434.88,6683.98,0.0,1082.31,2938.74,1593.17,1480.93,788.6,9201.16,6801.43,2399.73,26.08,Low Profitability
C04635,24,Male,North,Business Owner,324000,Mass,Savings,1,No Loan,0,177000,173000,Yes,534.53,3828.7,0.0,167.2,2305.83,2157.52,624.65,1203.66,4530.44,6291.66,-1761.22,-38.88,Low Profitability
C04636,44,Female,South,Salaried,593000,Mass,Savings,3,Home Loan,848709,879600,842100,Yes,40929.76,4848.62,17053.03,2292.46,2411.3,414.39,920.97,2138.96,65123.88,5885.62,59238.26,90.96,Highly Profitable
C04637,49,Male,South,Self-Employed,405000,Mass,Salary,1,Auto Loan,528908,549800,164900,No,42582.21,2197.89,7319.49,644.42,1108.28,423.65,499.83,2196.69,52744.01,4228.45,48515.55,91.98,Highly Profitable
C04638,39,Female,West,Professional,1722000,Affluent,Savings,3,No Loan,0,591300,459300,No,2253.68,3434.7,0.0,1839.37,1794.71,1702.94,1450.06,816.45,7527.75,5764.16,1763.59,23.43,Low Profitability
C04639,26,Male,West,Retired,1313000,Affluent,Savings,4,No Loan,0,347800,320200,Yes,1348.21,6769.8,0.0,2056.99,3100.68,2148.25,869.23,1169.29,10174.99,7287.45,2887.54,28.38,Low Profitability
C04640,53,Male,West,Salaried,445000,Mass,Savings,2,No Loan,0,523400,534100,No,1069.17,4325.71,0.0,1508.25,2072.25,1331.16,1166.35,1305.8,6903.13,5875.56,1027.57,14.89,Low Profitability
C04641,69,Male,North,Self-Employed,405000,Mass,Savings,2,No Loan,0,688000,468100,No,2119.47,1996.87,0.0,1676.26,1590.75,1844.12,457.92,1125.16,5792.59,5017.95,774.65,13.37,Low Profitability
C04642,60,Male,West,Salaried,1067000,Affluent,Savings,2,No Loan,0,468000,415600,Yes,2589.68,4987.7,0.0,265.02,2068.36,1457.84,1699.63,554.99,7842.41,5780.81,2061.6,26.29,Low Profitability
C04643,39,Female,West,Self-Employed,888000,Mass,Salary,3,No Loan,0,937600,1007200,Yes,3743.16,9014.87,0.0,1445.01,3051.73,2071.55,1782.61,936.88,14203.04,7842.77,6360.27,44.78,Low Profitability
C04644,21,Female,South,Salaried,576000,Mass,Salary,2,No Loan,0,858100,818300,No,3145.39,3144.58,0.0,811.74,1672.39,679.28,825.01,1595.91,7101.71,4772.6,2329.12,32.8,Low Profitability
C04645,25,Male,East,Retired,548000,Mass,Current,3,No Loan,0,560200,546900,Yes,1286.17,5352.59,0.0,1462.9,3030.52,988.0,1547.65,1416.99,8101.66,6983.17,1118.49,13.81,Low Profitability
C04646,47,Male,East,Business Owner,616000,Mass,Savings,1,No Loan,0,449300,267900,No,1425.91,2403.44,0.0,1550.06,1113.65,1464.23,432.31,1784.98,5379.41,4795.16,584.25,10.86,Low Profitability
C04647,36,Male,East,Professional,1150000,Affluent,Savings,3,Personal Loan,109862,1672600,548500,Yes,16307.83,3642.62,2358.41,275.94,3129.62,677.38,1409.72,1038.06,22584.81,6254.78,16330.03,72.31,Profitable
C04648,26,Male,South,Retired,1661000,Affluent,Savings,3,No Loan,0,2362800,2530900,No,6279.43,3989.15,0.0,1149.17,1487.64,1884.88,1509.31,1709.72,11417.75,6591.55,4826.2,42.27,Low Profitability
C04649,60,Male,West,Salaried,1908000,Premium,Salary,1,No Loan,0,2900700,2440800,No,9732.64,2189.47,0.0,2132.81,1185.92,1816.06,1078.24,1054.7,14054.92,5134.92,8920.0,63.47,Low Profitability
C04650,33,Male,East,Business Owner,467000,Mass,Salary,4,Personal Loan,698528,798300,315700,No,78648.92,4246.77,15035.0,390.41,2579.79,1666.0,1115.0,1847.33,98321.1,7208.12,91112.99,92.67,Highly Profitable
C04651,68,Male,North,Professional,723000,Mass,Savings,5,No Loan,0,288100,310500,Yes,1473.09,6650.35,0.0,1898.06,2880.48,1478.2,1453.45,966.72,10021.5,6778.85,3242.65,32.36,Low Profitability
C04652,55,Male,South,Self-Employed,1466000,Affluent,Savings,2,Auto Loan,370807,1044200,896400,Yes,32496.3,4134.1,8946.34,1424.61,2142.9,716.48,597.37,1197.82,47001.35,4654.57,42346.78,90.1,Highly Profitable
C04653,39,Female,North,Business Owner,434000,Mass,Savings,4,Education Loan,383628,771200,252000,No,28945.26,5456.05,7135.42,1574.13,2218.02,1953.0,484.84,1147.69,43110.86,5803.56,37307.3,86.54,Highly Profitable
C04654,32,Male,South,Salaried,481000,Mass,Savings,2,No Loan,0,544000,215000,Yes,1844.91,4934.82,0.0,152.3,2211.75,1397.38,1385.79,934.3,6932.03,5929.23,1002.8,14.47,Low Profitability
C04655,36,Female,North,Business Owner,1085000,Affluent,Salary,3,No Loan,0,1362500,1342900,Yes,3935.79,5948.88,0.0,2173.14,2378.2,702.62,985.75,904.6,12057.82,4971.17,7086.65,58.77,Low Profitability
C04656,63,Female,West,Salaried,541000,Mass,Savings,2,Home Loan,1614375,870300,923200,Yes,76441.37,6311.62,16528.12,2266.42,2170.29,1700.15,1618.62,3408.59,101547.53,8897.64,92649.89,91.24,Highly Profitable
C04657,30,Female,North,Self-Employed,311000,Mass,Savings,4,No Loan,0,401300,224800,Yes,837.83,8920.97,0.0,1596.54,2600.47,360.18,1788.51,882.86,11355.34,5632.02,5723.31,50.4,Low Profitability
C04658,45,Male,West,Salaried,444000,Mass,Salary,2,Auto Loan,634942,567100,341000,Yes,48956.79,5374.93,15756.16,2471.45,2523.25,714.25,1565.97,2234.61,72559.32,7038.08,65521.24,90.3,Highly Profitable
C04659,40,Female,East,Salaried,1207000,Affluent,Savings,4,No Loan,0,389200,228100,No,1932.71,6675.76,0.0,824.77,2716.48,731.0,500.97,1509.55,9433.24,5457.99,3975.25,42.14,Low Profitability
C04660,51,Female,North,Salaried,803000,Mass,Savings,4,Home Loan,2324046,792000,760400,Yes,108977.32,5645.92,47746.05,601.13,2910.06,854.16,911.03,2916.37,162970.41,7591.62,155378.79,95.34,Highly Profitable
C04661,24,Male,North,Salaried,296000,Mass,Savings,2,No Loan,0,373200,237100,Yes,1053.14,3801.17,0.0,452.41,2592.33,365.31,1241.1,629.89,5306.72,4828.63,478.1,9.01,Low Profitability
C04662,64,Male,East,Self-Employed,501000,Mass,Savings,1,No Loan,0,742500,422500,Yes,3834.25,4090.21,0.0,533.67,2063.23,1900.89,671.7,1310.28,8458.13,5946.1,2512.03,29.7,Low Profitability
C04663,43,Male,South,Salaried,1908000,Premium,Savings,4,No Loan,0,1587200,1235800,Yes,5610.18,9409.84,0.0,182.26,2360.0,484.97,1541.78,601.86,15202.28,4988.61,10213.68,67.19,Profitable
C04664,22,Male,West,Salaried,674000,Mass,Savings,2,Home Loan,2770407,238500,159100,Yes,125542.11,5618.19,56436.2,1788.23,2773.23,1875.48,914.57,3544.35,189384.73,9107.62,180277.11,95.19,Highly Profitable
C04665,42,Male,West,Professional,612000,Mass,Salary,5,Auto Loan,413475,461200,324400,Yes,33563.86,11799.08,9999.96,1955.64,3619.11,642.51,374.81,1530.5,57318.54,6166.93,51151.62,89.24,Highly Profitable
C04666,57,Female,North,Professional,703000,Mass,Current,5,Education Loan,559591,603900,359900,Yes,39081.4,12331.55,11799.31,128.18,4026.74,1897.86,582.29,1723.83,63340.44,8230.72,55109.72,87.01,Highly Profitable
C04667,28,Male,East,Professional,784000,Mass,Savings,3,No Loan,0,1089100,698600,No,5715.27,2503.64,0.0,660.88,2393.78,355.28,1152.99,1608.52,8879.79,5510.57,3369.23,37.94,Low Profitability
C04668,27,Male,South,Retired,565000,Mass,Salary,3,Home Loan,1118747,103200,29000,Yes,50870.25,4696.08,20124.04,623.51,2702.64,1790.51,1295.02,3095.48,76313.88,8883.65,67430.23,88.36,Highly Profitable
C04669,34,Male,East,Salaried,1463000,Affluent,Savings,2,Personal Loan,870701,1150700,1193200,No,100720.94,4080.61,9310.68,1621.54,1354.07,1312.32,1317.22,2815.05,115733.77,6798.65,108935.12,94.13,Highly Profitable
C04670,23,Male,West,Salaried,540000,Mass,Salary,4,Personal Loan,121877,480100,132500,No,15802.86,4040.36,2805.51,1990.86,2444.41,710.96,462.59,1358.51,24639.58,4976.46,19663.11,79.8,Profitable
C04671,70,Female,West,Salaried,1209000,Affluent,Savings,1,No Loan,0,1278700,1159600,Yes,6179.74,3446.9,0.0,1824.49,2225.33,1072.33,1423.21,1081.31,11451.14,5802.18,5648.96,49.33,Low Profitability
C04672,36,Male,West,Retired,1907000,Premium,Savings,2,Personal Loan,497009,3338200,1680900,Yes,67760.52,5141.65,6072.87,1928.85,2794.71,484.47,354.78,2461.5,80903.89,6095.46,74808.43,92.47,Highly Profitable
C04673,39,Female,South,Professional,862000,Mass,Savings,2,Auto Loan,572945,1182700,408500,Yes,46054.59,5351.96,5561.83,1810.38,2130.69,560.77,1728.24,1688.94,58778.76,6108.63,52670.13,89.61,Highly Profitable
C04674,38,Male,West,Salaried,393000,Mass,Savings,5,Auto Loan,804130,203200,156100,No,60932.66,5381.09,10091.96,1925.09,3737.08,997.47,1431.94,1886.55,78330.8,8053.03,70277.77,89.72,Highly Profitable
C04675,36,Male,West,Salaried,776000,Mass,Salary,1,Personal Loan,942714,927700,789400,Yes,106950.59,2250.08,19820.59,1448.52,1746.63,1083.61,1322.39,2801.04,130469.78,6953.67,123516.12,94.67,Highly Profitable
C04676,28,Female,North,Business Owner,513000,Mass,Savings,4,No Loan,0,369900,290600,No,1607.87,4433.14,0.0,1410.37,2227.26,1774.42,547.21,744.71,7451.38,5293.61,2157.77,28.96,Low Profitability
C04677,53,Male,North,Salaried,1147000,Affluent,Savings,3,Auto Loan,307325,1707700,1263100,Yes,28498.83,4630.66,3678.12,2073.52,2763.73,1736.96,426.37,1045.57,38881.12,5972.63,32908.49,84.64,Highly Profitable
C04678,69,Male,South,Self-Employed,785000,Mass,Savings,1,Education Loan,546378,339300,239500,No,36471.89,1619.36,7247.6,1569.28,1212.29,756.22,434.38,1631.9,46908.13,4034.79,42873.34,91.4,Highly Profitable
C04679,32,Female,North,Retired,656000,Mass,Savings,3,No Loan,0,254800,180900,Yes,545.83,7971.66,0.0,450.15,3108.42,649.37,569.73,985.35,8967.64,5312.88,3654.76,40.75,Low Profitability
C04680,31,Male,North,Self-Employed,402000,Mass,Salary,1,Education Loan,252365,127600,125800,No,16767.4,1776.12,5144.73,2178.14,1143.89,619.79,1536.31,850.8,25866.38,4150.79,21715.6,83.95,Profitable
C04681,25,Female,North,Retired,252000,Mass,Salary,2,Education Loan,286740,264000,86200,Yes,19735.37,2811.49,2896.13,1256.27,2602.64,1422.38,1256.23,944.62,26699.26,6225.86,20473.39,76.68,Profitable
C04682,47,Female,East,Salaried,448000,Mass,Savings,4,No Loan,0,158300,60700,Yes,405.01,6407.38,0.0,705.03,2702.05,1403.01,1748.81,1764.13,7517.41,7618.01,-100.59,-1.34,Low Profitability
C04683,32,Male,North,Business Owner,1001000,Affluent,Savings,1,Home Loan,3066043,219100,206100,Yes,138435.86,3038.14,36727.65,1001.35,1960.98,499.37,348.34,4797.73,179203.0,7606.41,171596.59,95.76,Highly Profitable
C04684,37,Male,West,Professional,1342000,Affluent,Savings,2,Personal Loan,136848,937500,475900,No,17208.38,3733.98,2881.51,1467.57,1430.59,946.76,1329.26,1839.2,25291.44,5545.82,19745.62,78.07,Profitable
C04685,26,Male,West,Self-Employed,590000,Mass,Savings,2,Home Loan,2271156,865500,784000,No,107229.21,3837.62,43310.14,1045.08,1621.79,1961.33,1564.46,3615.59,155422.05,8763.17,146658.89,94.36,Highly Profitable
C04686,53,Male,West,Business Owner,416000,Mass,Savings,3,No Loan,0,169500,93200,No,363.05,3476.84,0.0,1521.57,2455.79,2090.33,969.36,783.22,5361.47,6298.7,-937.23,-17.48,Low Profitability
C04687,25,Female,East,Business Owner,777000,Mass,Savings,4,No Loan,0,575400,596500,Yes,2237.92,11176.71,0.0,1446.36,2572.72,2146.66,294.12,1035.86,14860.99,6049.36,8811.63,59.29,Low Profitability
C04688,48,Female,West,Professional,1022000,Affluent,Salary,2,No Loan,0,888100,434400,No,4221.22,2302.14,0.0,1424.62,2012.51,1617.88,1237.12,800.33,7947.98,5667.84,2280.15,28.69,Low Profitability
C04689,34,Male,East,Salaried,1073000,Affluent,Savings,2,Personal Loan,838303,1711800,1049100,Yes,97164.65,3573.12,14264.82,1457.51,1807.91,371.67,1193.96,1240.69,116460.09,4614.23,111845.86,96.04,Highly Profitable
C04690,25,Male,West,Salaried,779000,Mass,Savings,2,Education Loan,444991,729100,280700,No,33194.56,3334.33,4416.49,866.03,1931.51,1221.83,1709.08,1634.33,41811.41,6496.75,35314.66,84.46,Highly Profitable
C04691,53,Male,East,Salaried,2186000,Premium,Savings,2,Personal Loan,876208,2174500,1775900,Yes,100929.35,3924.25,14112.13,2168.67,2019.57,762.06,1519.66,2056.47,121134.4,6357.75,114776.64,94.75,Highly Profitable
C04692,70,Male,South,Retired,1407000,Affluent,Current,3,No Loan,0,802200,475300,No,4428.44,2566.4,0.0,1377.48,1671.6,1987.14,1070.6,1602.31,8372.33,6331.65,2040.68,24.37,Low Profitability
C04693,68,Female,North,Retired,357000,Mass,Savings,1,Education Loan,362490,447400,469800,Yes,25157.28,3001.11,5202.61,209.81,2241.5,380.45,381.3,1408.33,33570.8,4411.58,29159.23,86.86,Profitable
C04694,61,Male,South,Salaried,312000,Mass,Savings,4,No Loan,0,60000,15800,Yes,212.12,6353.79,0.0,806.86,3718.61,514.6,288.76,840.08,7372.77,5362.06,2010.71,27.27,Low Profitability
C04695,39,Female,West,Salaried,376000,Mass,Savings,5,Auto Loan,657845,654700,379400,No,51884.4,4459.3,8194.63,1820.98,2466.64,843.84,1644.33,1249.01,66359.31,6203.82,60155.49,90.65,Highly Profitable
C04696,42,Female,North,Retired,1331000,Affluent,Savings,4,Home Loan,3863744,1293600,349400,Yes,181482.11,8856.25,84204.24,1697.4,3999.11,1631.63,958.92,5739.86,276240.0,12329.51,263910.48,95.54,Highly Profitable
C04697,25,Female,West,Salaried,273000,Mass,Savings,1,Home Loan,3880427,68800,36400,No,174929.66,882.02,46387.66,567.22,1020.18,2078.77,1226.97,5272.09,222766.56,9598.01,213168.56,95.69,Highly Profitable
C04698,22,Male,North,Salaried,900000,Affluent,Salary,3,Personal Loan,426810,965400,553400,No,52272.6,3423.44,8043.46,2495.76,2766.95,1037.53,1345.94,1552.36,66235.25,6702.79,59532.47,89.88,Highly Profitable
C04699,50,Female,South,Salaried,638000,Mass,Salary,4,No Loan,0,636800,298900,Yes,1344.48,8222.75,0.0,1602.21,3527.69,949.12,1088.58,1204.32,11169.44,6769.71,4399.72,39.39,Low Profitability
C04700,67,Female,West,Salaried,353000,Mass,Current,2,Personal Loan,377089,193100,90200,No,42558.79,3650.6,6966.67,885.08,1335.36,1787.14,1578.45,1342.2,54061.13,6043.15,48017.98,88.82,Highly Profitable
C04701,59,Female,South,Business Owner,803000,Mass,Salary,4,No Loan,0,397100,187100,No,1133.26,8522.68,0.0,1042.24,1819.01,2006.6,295.97,1353.45,10698.18,5475.03,5223.15,48.82,Low Profitability
C04702,24,Male,North,Self-Employed,635000,Mass,Current,4,Personal Loan,977400,378900,180500,Yes,108749.15,6474.13,9535.47,2307.1,3867.98,466.43,1423.0,2205.84,127065.85,7963.25,119102.6,93.73,Highly Profitable
C04703,53,Male,North,Self-Employed,1091000,Affluent,Salary,1,Personal Loan,230651,397200,194600,No,26282.96,1601.01,5169.34,1134.7,1240.09,2173.62,1419.74,1591.13,34188.0,6424.58,27763.43,81.21,Profitable
C04704,33,Female,East,Retired,286000,Mass,Savings,3,Home Loan,4643438,293700,285900,No,210617.14,7265.82,109270.77,678.63,2771.55,1268.51,571.2,3601.1,327832.36,8212.36,319620.0,97.49,Highly Profitable
C04705,40,Male,South,Salaried,428000,Mass,Savings,1,Education Loan,303407,684900,194000,No,22532.57,1463.37,4347.86,924.85,1173.53,2189.07,392.87,1271.94,29268.64,5027.41,24241.24,82.82,Profitable
C04706,27,Male,South,Salaried,433000,Mass,Savings,2,No Loan,0,724500,790100,Yes,1710.04,6401.72,0.0,1372.43,2168.97,324.17,1221.41,1572.14,9484.19,5286.69,4197.5,44.26,Low Profitability
C04707,35,Female,South,Professional,1007000,Affluent,Savings,4,Personal Loan,414305,1734500,848700,No,51799.97,5045.27,4132.18,478.48,2978.19,1992.86,732.0,2198.96,61455.91,7902.01,53553.89,87.14,Highly Profitable
C04708,43,Male,East,Professional,614000,Mass,Savings,5,Auto Loan,213418,700300,191700,No,18474.68,9297.32,3250.85,222.35,3755.18,487.54,224.47,1703.21,31245.2,6170.4,25074.8,80.25,Profitable
C04709,34,Male,West,Salaried,1340000,Affluent,Current,5,No Loan,0,1575200,628300,No,3470.65,10840.21,0.0,1068.77,3494.56,1777.81,902.91,1080.03,15379.62,7255.32,8124.31,52.83,Low Profitability
C04710,43,Male,South,Salaried,562000,Mass,Savings,1,Auto Loan,693982,372200,391000,No,53310.59,2354.18,16892.34,2251.01,1284.49,300.55,1221.66,1831.94,74808.12,4638.64,70169.48,93.8,Highly Profitable
C04711,39,Female,North,Salaried,790000,Mass,Current,5,No Loan,0,1272500,1397100,No,4035.85,11968.92,0.0,2325.05,3507.69,559.06,1668.24,1637.72,18329.82,7372.71,10957.11,59.78,Profitable
C04712,49,Male,West,Business Owner,1584000,Affluent,Current,4,Personal Loan,755329,1513400,695800,Yes,91679.06,6036.94,14003.84,2097.57,2530.6,605.81,892.49,2138.95,113817.41,6167.86,107649.56,94.58,Highly Profitable
C04713,40,Female,West,Salaried,264000,Mass,Savings,4,Education Loan,500857,161300,71200,Yes,33398.84,6562.93,4612.7,509.0,4163.39,1453.63,430.57,2140.66,45083.48,8188.25,36895.22,81.84,Highly Profitable
C04714,49,Male,West,Self-Employed,711000,Mass,Savings,5,Education Loan,327497,1239500,1190800,No,24560.02,10919.33,3543.02,217.07,3357.74,1618.5,888.91,1543.51,39239.44,7408.65,31830.79,81.12,Highly Profitable
C04715,44,Male,North,Salaried,688000,Mass,Savings,3,No Loan,0,903900,928400,No,5175.94,5611.04,0.0,1366.92,1978.56,471.07,1422.74,1397.88,12153.9,5270.25,6883.65,56.64,Low Profitability
C04716,38,Female,East,Professional,454000,Mass,Savings,2,No Loan,0,416200,334100,No,2069.62,3009.2,0.0,1724.33,1796.79,1071.2,355.06,706.35,6803.15,3929.4,2873.75,42.24,Low Profitability
C04717,30,Male,South,Salaried,640000,Mass,Savings,1,Education Loan,422630,168500,176200,Yes,28138.78,2927.54,5616.3,1674.25,2144.17,1633.37,497.03,2321.22,38356.87,6595.78,31761.08,82.8,Highly Profitable
C04718,61,Female,North,Self-Employed,831000,Mass,Current,1,Auto Loan,446732,316800,335000,No,34686.77,1323.12,10928.43,749.35,1338.01,2028.14,638.57,1903.54,47687.67,5908.26,41779.41,87.61,Highly Profitable
C04719,28,Male,West,Salaried,464000,Mass,Savings,3,Personal Loan,289619,220000,197100,No,33113.71,2967.86,6263.79,911.53,1900.64,660.14,930.29,1585.89,43256.89,5076.96,38179.93,88.26,Highly Profitable
C04720,46,Male,West,Salaried,722000,Mass,Salary,2,No Loan,0,1183900,646900,Yes,3814.58,4249.64,0.0,2422.22,2397.42,1107.02,1667.02,1375.69,10486.44,6547.15,3939.29,37.57,Low Profitability
C04721,49,Male,North,Business Owner,400000,Mass,Salary,3,Home Loan,1664894,701200,264400,No,77362.06,6619.74,14906.31,1124.2,1751.41,733.24,1423.87,3102.78,100012.3,7011.3,93001.0,92.99,Highly Profitable
C04722,30,Male,South,Professional,626000,Mass,Savings,1,No Loan,0,369700,255100,Yes,1761.5,3714.31,0.0,1655.8,1714.53,370.1,1198.06,697.38,7131.6,3980.07,3151.53,44.19,Low Profitability
C04723,37,Female,West,Business Owner,1167000,Affluent,Current,5,Education Loan,653522,1134600,563000,Yes,48194.08,9377.57,13221.68,1301.6,3953.05,1166.37,1491.91,1987.54,72094.92,8598.89,63496.04,88.07,Highly Profitable
C04724,22,Female,North,Business Owner,1197000,Affluent,Savings,1,Personal Loan,403594,1743600,611500,Yes,50164.34,4406.61,6752.94,2151.47,2203.56,1097.46,1612.69,1351.53,63475.35,6265.24,57210.11,90.13,Highly Profitable
C04725,26,Male,East,Salaried,1334000,Affluent,Current,2,Personal Loan,679936,1046700,612200,Yes,80746.62,4427.62,7150.06,2110.45,2632.69,1861.03,939.93,1935.86,94434.76,7369.51,87065.26,92.2,Highly Profitable
C04726,25,Male,South,Business Owner,662000,Mass,Savings,2,No Loan,0,637100,419100,No,1926.86,3871.84,0.0,1657.41,1268.11,1991.96,1387.44,837.21,7456.11,5484.72,1971.39,26.44,Low Profitability
C04727,48,Female,South,Salaried,585000,Mass,Current,1,Personal Loan,749296,944500,767600,No,85624.41,1120.66,8552.26,2336.13,1085.44,971.43,1679.79,3039.54,97633.46,6776.21,90857.26,93.06,Highly Profitable
C04728,61,Male,South,Salaried,1050000,Affluent,Savings,3,Home Loan,4164626,517000,226400,Yes,188848.68,4981.3,84424.82,598.58,3081.49,1645.75,1051.21,7069.46,278853.38,12847.9,266005.48,95.39,Highly Profitable
C04729,25,Male,West,Professional,1330000,Affluent,Salary,3,Personal Loan,413777,2380500,2352500,No,55390.61,5638.42,10333.86,1387.73,2289.69,1398.01,1421.28,1347.22,72750.62,6456.2,66294.42,91.13,Highly Profitable
C04730,38,Female,West,Professional,733000,Mass,Savings,3,Auto Loan,455758,661800,269800,Yes,38150.73,4502.27,11320.66,662.72,2519.77,1763.1,1771.68,1318.53,54636.38,7373.07,47263.31,86.51,Highly Profitable
C04731,46,Female,South,Business Owner,1608000,Affluent,Savings,4,Home Loan,3955696,926500,1017000,Yes,182520.43,6678.62,73294.05,346.02,3645.29,578.01,955.95,4496.61,262839.12,9675.86,253163.26,96.32,Highly Profitable
C04732,40,Female,South,Professional,1035000,Affluent,Savings,2,No Loan,0,1679400,1214800,No,6524.92,2679.89,0.0,1952.9,2063.1,1844.68,1275.32,1300.73,11157.72,6483.83,4673.88,41.89,Low Profitability
C04733,61,Female,North,Retired,511000,Mass,Salary,4,Personal Loan,607349,141200,52900,No,67645.95,4427.13,15109.51,1570.49,2154.61,1445.16,914.61,1378.06,88753.07,5892.43,82860.63,93.36,Highly Profitable
C04734,69,Female,West,Salaried,547000,Mass,Current,4,Personal Loan,985245,661800,634800,Yes,109830.72,12067.87,20054.14,349.41,3567.62,1758.18,1345.08,2386.59,142302.16,9057.47,133244.69,93.64,Highly Profitable
C04735,47,Male,South,Retired,685000,Mass,Salary,4,No Loan,0,172500,80300,No,542.27,4941.71,0.0,2473.21,3115.59,1098.0,820.78,634.66,7957.18,5669.02,2288.16,28.76,Low Profitability
C04736,69,Male,West,Business Owner,295000,Mass,Salary,2,No Loan,0,504800,207000,Yes,2701.93,6596.11,0.0,300.94,2489.56,315.66,404.16,1564.19,9598.98,4773.55,4825.42,50.27,Low Profitability
C04737,32,Male,West,Professional,516000,Mass,Savings,1,No Loan,0,622100,226800,No,2549.02,2238.84,0.0,1749.46,954.51,2044.14,1621.06,1372.28,6537.32,5991.99,545.34,8.34,Low Profitability
C04738,27,Female,West,Business Owner,1311000,Affluent,Savings,3,Personal Loan,485778,1057500,759600,Yes,55570.45,5223.16,6546.99,1549.71,2306.04,1684.1,1337.95,1802.75,68890.31,7130.84,61759.47,89.65,Highly Profitable
C04739,23,Female,North,Self-Employed,1467000,Affluent,Savings,2,No Loan,0,1247300,1244100,Yes,4773.43,4711.19,0.0,1094.08,1694.89,1612.43,1791.93,790.1,10578.71,5889.35,4689.35,44.33,Low Profitability
C04740,30,Female,West,Business Owner,819000,Mass,Salary,1,Education Loan,142637,346000,350300,No,9993.6,1374.54,3543.99,2166.12,1133.89,1199.22,1362.87,1241.71,17078.25,4937.69,12140.56,71.09,Profitable
C04741,54,Female,West,Salaried,899000,Mass,Salary,2,Home Loan,4259963,668900,613900,No,194570.55,3990.56,81475.56,938.81,1712.11,383.33,1552.1,5326.7,280975.49,8974.24,272001.25,96.81,Highly Profitable
C04742,45,Female,South,Retired,590000,Mass,Savings,3,Personal Loan,580429,968300,720600,No,68234.53,4246.47,7707.97,2075.06,2040.89,561.85,1730.78,1004.22,82264.02,5337.74,76926.29,93.51,Highly Profitable
C04743,55,Female,North,Salaried,492000,Mass,Current,1,Home Loan,4456531,727600,509600,No,202585.27,1592.75,63709.73,1524.03,1262.29,1133.26,294.8,5313.27,269411.79,8003.62,261408.18,97.03,Highly Profitable
C04744,36,Male,North,Salaried,958000,Affluent,Current,5,Home Loan,4784188,1189300,675200,Yes,222360.03,11550.11,75203.6,1042.04,3064.4,1807.41,1571.03,8288.88,310155.77,14731.71,295424.06,95.25,Highly Profitable
C04745,22,Female,North,Salaried,550000,Mass,Savings,3,Personal Loan,608008,960800,276200,Yes,72006.96,5270.71,9397.65,925.28,2603.66,1990.62,377.32,1423.32,87600.59,6394.93,81205.66,92.7,Highly Profitable
C04746,44,Female,East,Salaried,1774000,Affluent,Salary,1,No Loan,0,1944600,1869000,Yes,7497.08,2629.43,0.0,726.53,1915.32,1169.85,1605.85,759.29,10853.04,5450.31,5402.73,49.78,Low Profitability
C04747,30,Male,West,Salaried,876000,Mass,Savings,4,Auto Loan,565475,386200,424600,No,43661.22,5717.54,12757.27,141.27,2181.2,2190.47,1437.09,1454.54,62277.3,7263.29,55014.01,88.34,Highly Profitable
C04748,58,Female,West,Salaried,894000,Mass,Salary,5,No Loan,0,1186800,1225600,No,2432.17,7394.61,0.0,1589.86,2497.4,2161.61,945.48,1711.47,11416.65,7315.97,4100.68,35.92,Low Profitability
C04749,42,Female,South,Self-Employed,391000,Mass,Savings,2,Auto Loan,560275,440500,459500,Yes,44123.15,4692.44,13184.19,1190.68,2477.92,990.97,1500.92,1403.88,63190.46,6373.68,56816.78,89.91,Highly Profitable
C04750,46,Male,West,Self-Employed,196000,Mass,Savings,1,No Loan,0,170600,91000,Yes,520.59,3048.11,0.0,909.29,2217.96,423.15,843.08,1572.38,4477.99,5056.57,-578.58,-12.92,Low Profitability
C04751,63,Male,North,Salaried,894000,Mass,Savings,2,Home Loan,3522860,350900,117300,Yes,159784.44,4699.66,68426.69,521.21,2162.64,1236.48,1365.62,4614.65,233431.99,9379.4,224052.6,95.98,Highly Profitable
C04752,59,Female,North,Salaried,533000,Mass,Savings,4,Home Loan,1241005,675900,669700,No,58355.85,4709.6,25834.81,102.27,1851.88,2161.02,517.05,2232.65,89002.52,6762.6,82239.92,92.4,Highly Profitable
C04753,47,Female,East,Retired,1203000,Affluent,Savings,1,No Loan,0,1061900,954900,Yes,5750.47,3680.29,0.0,1721.76,2125.98,995.08,313.86,1047.13,11152.51,4482.05,6670.47,59.81,Low Profitability
C04754,49,Female,East,Salaried,424000,Mass,Current,4,No Loan,0,468400,272500,No,2531.99,6389.32,0.0,2163.34,1729.1,967.75,1264.94,627.17,11084.65,4588.96,6495.69,58.6,Low Profitability
C04755,67,Male,East,Salaried,523000,Mass,Savings,3,Personal Loan,499781,350600,336100,Yes,56765.68,7814.5,8535.64,943.73,3062.17,877.61,861.39,1629.63,74059.55,6430.8,67628.75,91.32,Highly Profitable
C04756,58,Male,West,Salaried,1296000,Affluent,Current,3,Auto Loan,346550,527400,194000,No,28663.69,7172.42,5125.66,1398.83,2542.22,2105.09,553.08,1126.11,42360.6,6326.49,36034.11,85.07,Highly Profitable
C04757,40,Male,East,Salaried,890000,Mass,Savings,2,Home Loan,4656807,662000,531900,Yes,212190.39,3820.83,115065.31,1535.57,2558.37,657.75,459.59,3990.07,332612.1,7665.78,324946.32,97.7,Highly Profitable
C04758,47,Male,West,Business Owner,404000,Mass,Salary,2,Auto Loan,833359,628600,666600,Yes,65748.31,5703.52,13432.22,693.22,2872.33,1127.04,1598.84,1668.53,85577.27,7266.74,78310.54,91.51,Highly Profitable
C04759,61,Male,South,Salaried,713000,Mass,Savings,1,No Loan,0,294700,301700,No,1600.98,1080.35,0.0,1271.12,963.49,688.47,757.08,1692.47,3952.44,4101.52,-149.08,-3.77,Low Profitability
C04760,40,Female,South,Self-Employed,1994000,Premium,Savings,2,No Loan,0,1849500,1658500,No,7386.45,2529.24,0.0,1697.83,2047.62,512.3,1522.95,783.25,11613.52,4866.12,6747.39,58.1,Low Profitability
C04761,64,Male,West,Salaried,758000,Mass,Savings,3,Home Loan,1644468,485900,231600,No,76722.86,6354.37,20769.7,2203.07,2462.11,1129.33,476.99,2526.33,106050.01,6594.76,99455.24,93.78,Highly Profitable
C04762,39,Male,South,Business Owner,645000,Mass,Savings,4,No Loan,0,1120900,377900,No,6682.27,4257.07,0.0,2036.23,2289.6,1831.26,936.98,522.61,12975.57,5580.44,7395.13,56.99,Low Profitability
C04763,40,Male,West,Professional,1145000,Affluent,Savings,4,Personal Loan,358759,331700,174500,No,40359.45,8758.99,8450.88,2186.39,2829.79,314.72,899.47,839.15,59755.71,4883.14,54872.57,91.83,Highly Profitable
C04764,55,Male,West,Salaried,850000,Mass,Salary,1,Personal Loan,148297,471600,365400,Yes,19102.72,3991.97,2036.7,2492.54,1832.68,1221.58,568.92,829.25,27623.92,4452.44,23171.48,83.88,Profitable
C04765,67,Female,East,Salaried,1549000,Affluent,Savings,1,Education Loan,672713,1381300,716900,No,47846.72,2168.99,8759.2,729.43,1359.71,1261.25,514.34,2402.83,59504.34,5538.13,53966.21,90.69,Highly Profitable
C04766,22,Female,West,Salaried,1060000,Affluent,Savings,4,No Loan,0,591500,355600,No,3392.92,7031.34,0.0,1843.73,2443.05,444.39,992.01,1310.95,12267.98,5190.4,7077.58,57.69,Low Profitability
C04767,50,Female,West,Business Owner,1152000,Affluent,Salary,5,No Loan,0,1515900,899000,Yes,8192.58,14667.62,0.0,1447.17,2879.0,2158.84,927.78,552.05,24307.37,6517.67,17789.71,73.19,Profitable
C04768,54,Male,North,Salaried,1591000,Affluent,Savings,1,Auto Loan,848432,1212300,649100,Yes,70499.14,2916.0,16316.77,1506.36,1581.75,675.87,1454.92,1556.1,91238.27,5268.63,85969.63,94.23,Highly Profitable
C04769,42,Male,East,Self-Employed,594000,Mass,Salary,3,No Loan,0,854300,884100,Yes,3284.03,5097.68,0.0,794.84,2511.84,2022.58,958.13,1628.99,9176.55,7121.55,2055.01,22.39,Low Profitability
C04770,23,Male,West,Salaried,504000,Mass,Salary,2,Personal Loan,720318,534000,278700,No,80625.65,4885.91,8800.69,2137.12,2087.12,735.68,730.48,2190.2,96449.37,5743.48,90705.89,94.05,Highly Profitable
C04771,26,Male,North,Salaried,334000,Mass,Current,2,Home Loan,3105475,285300,312300,No,140571.03,1850.36,51020.44,1994.1,1757.0,1296.79,969.22,4717.6,195435.94,8740.62,186695.32,95.53,Highly Profitable
C04772,35,Female,East,Salaried,623000,Mass,Savings,3,No Loan,0,468500,200500,Yes,1508.0,7415.44,0.0,2071.39,3540.63,1820.43,1668.75,1535.48,10994.82,8565.29,2429.53,22.1,Low Profitability
C04773,47,Male,West,Salaried,341000,Mass,Savings,4,No Loan,0,176100,174600,No,528.1,7498.17,0.0,2492.74,3432.5,2104.6,438.43,1015.5,10519.02,6991.03,3527.98,33.54,Low Profitability
C04774,30,Female,West,Salaried,856000,Mass,Savings,2,No Loan,0,485100,423200,Yes,2847.31,5222.6,0.0,841.46,2621.77,1062.82,1666.34,1129.0,8911.36,6479.93,2431.43,27.28,Low Profitability
C04775,29,Male,South,Salaried,500000,Mass,Savings,3,No Loan,0,220500,180500,Yes,578.65,4918.95,0.0,2439.34,3331.08,433.18,1316.6,1416.54,7936.94,6497.4,1439.54,18.14,Low Profitability
C04776,53,Female,North,Self-Employed,1188000,Affluent,Savings,3,Home Loan,4420421,1847800,1161400,No,207683.38,4491.22,57276.14,602.97,1704.4,343.68,1264.77,8978.09,270053.7,12290.94,257762.77,95.45,Highly Profitable
C04777,52,Female,South,Salaried,1074000,Affluent,Salary,3,No Loan,0,1132700,1069400,Yes,4583.36,8567.86,0.0,317.57,2498.53,1960.23,892.74,1408.1,13468.79,6759.6,6709.18,49.81,Low Profitability
C04778,68,Female,West,Business Owner,565000,Mass,Savings,3,No Loan,0,534900,357500,No,1142.99,5312.9,0.0,124.61,2637.9,1209.55,777.32,1011.87,6580.5,5636.65,943.85,14.34,Low Profitability
C04779,26,Male,East,Professional,1198000,Affluent,Savings,1,Personal Loan,603899,816700,298300,No,68753.5,2088.39,11150.95,662.31,1178.49,584.9,1394.8,2456.67,82655.15,5614.87,77040.29,93.21,Highly Profitable
C04780,61,Female,East,Business Owner,760000,Mass,Savings,1,Education Loan,312128,762200,372300,No,24658.99,2020.05,5546.67,850.16,1338.64,1181.87,1176.32,1421.57,33075.86,5118.39,27957.47,84.53,Profitable
C04781,56,Female,West,Retired,264000,Mass,Savings,3,Auto Loan,501592,424000,171700,Yes,39852.73,5640.84,5463.06,841.99,2382.03,722.64,1243.97,2628.4,51798.62,6977.03,44821.59,86.53,Highly Profitable
C04782,22,Male,West,Salaried,406000,Mass,Savings,3,Auto Loan,797323,634400,465800,Yes,62554.95,5870.8,8142.45,2331.84,2654.74,1628.98,1191.16,2423.25,78900.03,7898.13,71001.9,89.99,Highly Profitable
C04783,49,Male,East,Salaried,470000,Mass,Salary,1,Personal Loan,250786,535100,431900,Yes,28820.9,2746.25,2081.62,851.38,1501.61,1074.06,295.14,1464.33,34500.14,4335.14,30165.0,87.43,Highly Profitable
C04784,24,Female,North,Business Owner,704000,Mass,Savings,3,No Loan,0,721200,386200,Yes,1842.05,3859.3,0.0,1682.25,2246.89,1683.46,1025.21,770.9,7383.6,5726.47,1657.13,22.44,Low Profitability
C04785,21,Female,North,Self-Employed,553000,Mass,Salary,4,Home Loan,2110725,289000,82000,Yes,96405.2,9417.61,42960.61,2464.87,3896.37,1753.51,777.97,4372.32,151248.29,10800.17,140448.12,92.86,Highly Profitable
C04786,39,Male,South,Self-Employed,523000,Mass,Current,3,No Loan,0,676400,547800,Yes,3401.1,8180.35,0.0,805.46,3558.15,1011.01,1483.03,727.92,12386.91,6780.11,5606.8,45.26,Low Profitability
C04787,46,Male,South,Salaried,964000,Affluent,Salary,3,Home Loan,1004776,1501900,454600,Yes,53974.59,6956.48,12889.95,2440.76,3062.66,1560.09,1141.91,2181.28,76261.77,7945.94,68315.83,89.58,Highly Profitable
C04788,45,Female,South,Self-Employed,1079000,Affluent,Savings,3,No Loan,0,706100,756100,No,1992.88,6514.18,0.0,1930.36,2029.81,1770.13,896.7,1663.41,10437.42,6360.05,4077.37,39.06,Low Profitability
C04789,30,Male,West,Retired,498000,Mass,Savings,1,Personal Loan,243847,432600,434400,No,28811.51,1235.43,2081.01,2050.01,1382.71,396.98,1788.47,1161.95,34177.96,4730.11,29447.85,86.16,Profitable
C04790,35,Male,West,Salaried,439000,Mass,Savings,3,No Loan,0,143100,136800,No,532.81,2695.92,0.0,1464.85,1882.87,666.93,1277.46,1767.33,4693.59,5594.59,-901.0,-19.2,Low Profitability
C04791,42,Male,East,Retired,1403000,Affluent,Salary,1,No Loan,0,2197100,1235700,Yes,5394.77,2000.96,0.0,1966.3,2562.11,2166.35,1611.82,861.42,9362.03,7201.7,2160.33,23.08,Low Profitability
C04792,68,Female,South,Salaried,3135000,Premium,Current,3,Home Loan,3954805,975700,861800,Yes,181229.57,6376.51,89800.47,1564.01,3191.13,313.69,1674.61,4415.4,278970.56,9594.82,269375.74,96.56,Highly Profitable
C04793,41,Male,South,Salaried,417000,Mass,Current,3,Home Loan,4046102,547200,158100,No,183973.25,5663.62,33307.51,1263.46,2333.36,894.57,1388.32,7069.71,224207.85,11685.96,212521.89,94.79,Highly Profitable
C04794,42,Female,East,Salaried,1143000,Affluent,Savings,1,No Loan,0,524100,171000,No,1998.81,1711.5,0.0,2150.04,1350.97,1786.16,871.31,985.28,5860.34,4993.72,866.62,14.79,Low Profitability
C04795,56,Male,South,Self-Employed,648000,Mass,Savings,1,Education Loan,119269,881600,591000,Yes,10549.04,2131.29,2886.29,2069.78,2095.09,900.98,987.75,1389.09,17636.39,5372.92,12263.47,69.54,Profitable
C04796,54,Female,West,Business Owner,1015000,Affluent,Savings,1,No Loan,0,1228600,919900,Yes,5173.22,3589.78,0.0,1050.3,1847.32,1856.9,452.99,1690.84,9813.3,5848.06,3965.24,40.41,Low Profitability
C04797,50,Female,South,Self-Employed,414000,Mass,Savings,3,Auto Loan,828520,533700,481300,Yes,64501.06,7069.22,19048.17,199.55,2422.26,551.39,1186.22,3316.17,90818.0,7476.05,83341.95,91.77,Highly Profitable
C04798,45,Male,North,Self-Employed,352000,Mass,Savings,2,Personal Loan,583745,422100,212300,Yes,65753.12,6302.41,4698.23,2322.52,2169.47,1965.9,1019.69,1401.14,79076.28,6556.2,72520.07,91.71,Highly Profitable
C04799,65,Male,West,Salaried,378000,Mass,Savings,2,Home Loan,4293899,304100,216300,Yes,194287.85,3252.15,60794.62,1977.63,2700.51,1198.15,542.4,6864.57,260312.25,11305.62,249006.63,95.66,Highly Profitable
C04800,48,Male,West,Salaried,513000,Mass,Current,3,Education Loan,247054,601900,182500,Yes,18840.51,9656.43,3996.42,2158.7,3232.57,370.09,265.64,904.77,34652.07,4773.07,29879.0,86.23,Profitable
C04801,21,Male,South,Salaried,615000,Mass,Salary,2,Auto Loan,183658,330400,214800,No,14506.79,3990.22,1805.66,156.88,1323.93,1484.28,1590.47,927.83,20459.54,5326.51,15133.03,73.97,Profitable
C04802,69,Female,East,Retired,1177000,Affluent,Current,2,No Loan,0,708500,581400,Yes,3872.4,5429.72,0.0,2197.77,2753.34,826.79,248.84,1567.15,11499.89,5396.12,6103.77,53.08,Low Profitability
C04803,65,Male,West,Salaried,443000,Mass,Current,5,No Loan,0,114100,124500,No,673.02,9150.93,0.0,1225.33,2445.71,1630.8,808.9,923.97,11049.28,5809.38,5239.9,47.42,Low Profitability
C04804,24,Female,West,Professional,493000,Mass,Salary,4,No Loan,0,572500,516800,No,1271.66,4247.25,0.0,2284.89,3429.21,2015.2,1096.0,1779.99,7803.79,8320.4,-516.61,-6.62,Low Profitability
C04805,27,Male,North,Salaried,2198000,Premium,Savings,2,Personal Loan,199133,3379000,3703900,No,38247.91,2783.46,2948.68,1761.11,1611.07,458.93,1046.86,1815.97,45741.15,4932.83,40808.33,89.22,Highly Profitable
C04806,69,Male,South,Salaried,721000,Mass,Savings,3,Home Loan,4794064,558400,375900,No,217413.08,2670.29,100024.35,1121.56,1637.13,764.11,1054.37,8950.2,321229.28,12405.81,308823.48,96.14,Highly Profitable
C04807,29,Male,South,Salaried,819000,Mass,Current,3,Home Loan,2899816,404800,250200,Yes,131997.61,4667.0,52680.94,396.92,2475.82,1043.12,562.79,2765.72,189742.46,6847.45,182895.01,96.39,Highly Profitable
C04808,56,Female,North,Salaried,1055000,Affluent,Savings,4,No Loan,0,1592500,1527300,Yes,4908.99,11349.87,0.0,1438.33,3687.73,2123.82,729.82,593.92,17697.19,7135.29,10561.9,59.68,Profitable
C04809,39,Male,South,Retired,525000,Mass,Savings,3,Personal Loan,985873,636700,409400,No,110265.07,7070.78,13475.75,1801.42,2544.65,1070.54,209.58,2438.35,132613.02,6263.12,126349.9,95.28,Highly Profitable
C04810,21,Female,West,Business Owner,693000,Mass,Savings,3,Home Loan,1894850,1125700,1004900,No,89505.31,6999.24,19446.94,2269.74,1527.4,515.23,1679.91,4629.61,118221.22,8352.15,109869.07,92.94,Highly Profitable
C04811,30,Male,North,Retired,586000,Mass,Savings,4,Personal Loan,410989,93900,102900,No,45536.17,3213.83,4244.19,2224.74,3348.26,865.52,1169.07,1478.58,55218.93,6861.44,48357.49,87.57,Highly Profitable
C04812,56,Male,West,Professional,669000,Mass,Savings,1,Home Loan,1531244,543200,470400,Yes,70917.54,2892.96,17149.87,720.75,1871.24,336.7,1509.7,3366.48,91681.11,7084.12,84597.0,92.27,Highly Profitable
C04813,29,Female,East,Self-Employed,1113000,Affluent,Savings,3,Personal Loan,170581,1821500,477500,Yes,28294.61,8168.85,3709.84,280.15,3196.97,663.25,1355.65,1250.69,40453.45,6466.57,33986.89,84.01,Highly Profitable
C04814,65,Female,West,Business Owner,1014000,Affluent,Savings,2,Personal Loan,334618,1282100,517000,Yes,44391.08,3282.91,5926.34,1227.38,2584.92,1458.47,1101.49,2135.54,54827.71,7280.41,47547.3,86.72,Highly Profitable
C04815,66,Male,South,Business Owner,200000,Mass,Savings,4,Education Loan,196195,184700,89500,Yes,13227.97,8469.46,3389.52,763.43,3949.69,620.68,1021.77,2012.89,25850.39,7605.03,18245.35,70.58,Profitable
C04816,62,Female,West,Business Owner,1212000,Affluent,Salary,5,No Loan,0,1010800,959100,No,5030.13,5741.77,0.0,861.82,3259.28,2042.61,914.41,1317.09,11633.72,7533.39,4100.33,35.25,Low Profitability
C04817,52,Male,North,Salaried,579000,Mass,Salary,1,Home Loan,2927656,942000,981900,Yes,135697.53,4064.54,32263.88,1701.8,1880.15,1655.25,1084.57,3898.51,173727.76,8518.48,165209.28,95.1,Highly Profitable
C04818,52,Female,West,Salaried,870000,Mass,Salary,2,No Loan,0,1324500,1062600,Yes,4625.25,5366.02,0.0,1891.85,2393.72,1607.62,523.31,1198.58,11883.12,5723.24,6159.89,51.84,Low Profitability
C04819,26,Female,West,Self-Employed,559000,Mass,Salary,2,No Loan,0,95200,30900,Yes,441.95,3891.66,0.0,1860.47,2953.44,1149.73,833.16,633.91,6194.07,5570.23,623.84,10.07,Low Profitability
C04820,68,Female,West,Salaried,680000,Mass,Savings,1,Education Loan,699404,237900,160500,No,46775.92,1611.4,13865.42,2061.34,1005.22,1782.64,1081.57,2333.13,64314.07,6202.56,58111.51,90.36,Highly Profitable
C04821,58,Female,South,Self-Employed,1443000,Affluent,Salary,3,Home Loan,4670913,1436200,1407700,No,216748.82,4703.71,83702.83,204.31,2336.56,656.15,1373.71,6554.5,305359.66,10920.92,294438.74,96.42,Highly Profitable
C04822,37,Male,North,Professional,842000,Mass,Savings,3,Education Loan,121626,285600,159300,No,9280.72,6367.69,1183.36,2416.93,1676.98,1142.47,1457.53,1570.94,19248.71,5847.92,13400.79,69.62,Profitable
C04823,30,Female,South,Self-Employed,1403000,Affluent,Current,3,Education Loan,660840,846500,258600,No,45149.55,5843.38,7018.29,912.33,1726.15,2188.26,1579.84,1340.72,58923.55,6834.97,52088.58,88.4,Highly Profitable
C04824,70,Male,North,Self-Employed,681000,Mass,Savings,3,No Loan,0,1040300,949400,No,5047.19,2747.93,0.0,981.04,2762.88,844.84,759.95,632.18,8776.17,4999.85,3776.32,43.03,Low Profitability
C04825,47,Male,North,Salaried,643000,Mass,Salary,1,Education Loan,518046,506100,409200,No,36681.5,1056.81,11461.64,1616.91,1321.69,1069.76,1143.86,2387.9,50816.86,5923.21,44893.66,88.34,Highly Profitable
C04826,70,Male,North,Professional,705000,Mass,Savings,3,No Loan,0,630300,407800,Yes,3679.94,7903.83,0.0,640.95,3535.85,718.64,1059.43,1497.28,12224.73,6811.19,5413.54,44.28,Low Profitability
C04827,55,Female,East,Salaried,348000,Mass,Savings,5,No Loan,0,152200,148000,Yes,553.52,12896.31,0.0,1726.81,2702.2,444.08,843.44,1108.46,15176.64,5098.19,10078.45,66.41,Profitable
C04828,41,Female,North,Retired,180000,Mass,Salary,3,Home Loan,3937444,205900,200200,No,178323.41,5645.55,33780.17,729.89,2007.72,1066.66,737.54,4057.04,218479.02,7868.95,210610.07,96.4,Highly Profitable
C04829,45,Male,West,Retired,456000,Mass,Current,1,No Loan,0,158900,134400,Yes,693.67,3605.9,0.0,1784.32,1819.9,576.0,215.23,1582.9,6083.9,4194.04,1889.85,31.06,Low Profitability
C04830,48,Female,East,Retired,1232000,Affluent,Savings,1,Auto Loan,329019,1465900,1540600,No,28301.85,1175.84,2766.52,2062.72,1241.7,1272.12,483.56,2079.16,34306.93,5076.54,29230.39,85.2,Profitable
C04831,67,Female,West,Salaried,1529000,Affluent,Current,2,Personal Loan,626104,2113300,1343700,Yes,81366.97,6408.89,12091.94,2260.53,1794.1,1730.12,419.78,2858.58,102128.32,6802.58,95325.74,93.34,Highly Profitable
C04832,35,Male,South,Salaried,233000,Mass,Savings,4,No Loan,0,370800,322400,Yes,1651.08,8613.68,0.0,1079.72,3410.86,1911.45,680.68,1207.29,11344.49,7210.28,4134.21,36.44,Low Profitability
C04833,24,Male,West,Retired,1420000,Affluent,Current,2,No Loan,0,1577700,1508400,No,3823.56,4690.25,0.0,2036.92,1418.43,619.23,775.81,1683.71,10550.73,4497.18,6053.54,57.38,Low Profitability
C04834,49,Female,South,Professional,505000,Mass,Savings,4,Personal Loan,622928,352400,278500,Yes,70033.53,10627.04,12913.67,1216.18,3424.52,2013.11,647.53,2292.89,94790.41,8378.04,86412.37,91.16,Highly Profitable
C04835,29,Male,West,Retired,319000,Mass,Salary,4,No Loan,0,496100,357300,No,2423.84,5288.85,0.0,690.12,3343.43,983.01,1468.09,596.44,8402.82,6390.97,2011.84,23.94,Low Profitability
C04836,47,Male,East,Self-Employed,1253000,Affluent,Savings,3,No Loan,0,1421400,1239700,No,4191.76,6494.89,0.0,1855.71,1782.43,1150.98,517.19,633.77,12542.36,4084.36,8458.0,67.44,Low Profitability
C04837,46,Female,North,Self-Employed,530000,Mass,Salary,2,Home Loan,4825466,392700,216500,Yes,219003.35,3262.59,90303.71,806.83,2123.51,1406.71,621.12,10388.42,313376.48,14539.76,298836.72,95.36,Highly Profitable
C04838,39,Female,West,Salaried,2950000,Premium,Savings,3,Education Loan,150428,2012500,1129900,Yes,21578.58,8850.42,3457.71,509.74,3066.08,583.15,1004.58,1702.76,34396.45,6356.58,28039.87,81.52,Profitable
C04839,48,Female,West,Professional,483000,Mass,Savings,4,No Loan,0,328000,354300,No,959.92,4343.12,0.0,390.86,1827.78,1899.09,655.0,1075.86,5693.91,5457.74,236.17,4.15,Low Profitability
C04840,37,Female,North,Professional,601000,Mass,Savings,1,No Loan,0,146000,51200,No,578.65,1391.1,0.0,1054.52,1349.94,1799.72,1633.38,1493.69,3024.27,6276.73,-3252.46,-107.55,Low Profitability
C04841,63,Male,South,Salaried,409000,Mass,Savings,5,No Loan,0,129700,125300,No,422.31,4730.52,0.0,1890.46,2994.64,1198.55,1179.26,1470.26,7043.29,6842.71,200.58,2.85,Low Profitability
C04842,61,Male,North,Salaried,760000,Mass,Savings,3,No Loan,0,226500,208500,No,804.44,3908.45,0.0,2053.36,1936.29,903.42,739.35,1115.02,6766.25,4694.08,2072.18,30.63,Low Profitability
C04843,62,Female,West,Self-Employed,1085000,Affluent,Salary,2,No Loan,0,721600,213600,Yes,3859.43,5166.1,0.0,2103.1,2709.72,1244.21,923.65,1025.61,11128.63,5903.19,5225.44,46.95,Low Profitability
C04844,70,Male,North,Business Owner,270000,Mass,Savings,3,No Loan,0,251700,213400,Yes,1332.54,7006.86,0.0,1127.21,3521.48,1543.24,876.27,596.95,9466.61,6537.94,2928.67,30.94,Low Profitability
C04845,40,Female,North,Salaried,1004000,Affluent,Savings,2,Home Loan,4069014,395100,130300,Yes,183909.02,6335.79,49867.72,190.69,2513.59,1630.63,1624.85,9757.83,240303.22,15526.9,224776.33,93.54,Highly Profitable
C04846,65,Male,West,Salaried,559000,Mass,Savings,2,No Loan,0,847500,363500,No,2108.84,3599.33,0.0,528.09,1719.61,1131.62,1134.83,765.57,6236.26,4751.62,1484.64,23.81,Low Profitability
C04847,60,Male,West,Salaried,436000,Mass,Savings,3,No Loan,0,112600,119900,No,382.39,6327.42,0.0,568.79,1861.87,350.45,794.75,694.01,7278.6,3701.09,3577.51,49.15,Low Profitability
C04848,59,Male,South,Salaried,324000,Mass,Savings,1,Education Loan,275282,554000,309000,No,19672.86,1567.67,6110.68,1309.11,1145.66,1654.75,992.45,981.87,28660.32,4774.73,23885.58,83.34,Profitable
C04849,69,Female,East,Retired,1199000,Affluent,Salary,1,Auto Loan,209061,327100,97600,Yes,16456.22,3609.86,3926.05,2298.06,2462.55,907.64,780.22,1445.25,26290.19,5595.66,20694.54,78.72,Profitable
C04850,43,Male,West,Business Owner,820000,Mass,Savings,2,No Loan,0,1333500,924100,Yes,6334.97,3783.25,0.0,412.68,2691.32,1969.78,1430.19,587.8,10530.9,6679.1,3851.8,36.58,Low Profitability
C04851,67,Male,South,Business Owner,508000,Mass,Savings,2,Home Loan,1587792,294700,125400,No,72797.65,3372.51,16520.31,180.81,1323.0,1101.15,229.92,3497.2,92871.28,6151.27,86720.0,93.38,Highly Profitable
C04852,52,Male,West,Professional,1075000,Affluent,Savings,2,Personal Loan,468342,1911500,1170600,No,57237.78,2079.62,10096.54,101.03,1955.48,1811.89,996.57,1011.58,69514.96,5775.51,63739.44,91.69,Highly Profitable
C04853,67,Female,North,Salaried,937000,Affluent,Salary,3,Home Loan,1701559,946500,318400,Yes,79832.43,6194.27,16823.23,2261.42,2954.94,997.69,595.64,4562.93,105111.35,9111.2,96000.15,91.33,Highly Profitable
C04854,53,Male,North,Professional,1128000,Affluent,Current,2,Auto Loan,605813,203300,67400,No,46239.39,2296.81,7751.13,2073.11,1868.2,1004.6,571.75,2038.01,58360.44,5482.57,52877.87,90.61,Highly Profitable
C04855,66,Male,West,Retired,1726000,Affluent,Salary,1,No Loan,0,1063900,721900,Yes,2320.54,4068.72,0.0,2411.18,1868.48,1748.87,496.05,551.83,8800.43,4665.23,4135.2,46.99,Low Profitability
C04856,25,Male,North,Business Owner,789000,Mass,Savings,1,Home Loan,3800023,1342300,718800,Yes,174516.77,3735.01,89948.63,1780.8,1886.96,1325.09,1000.91,5612.99,269981.21,9825.95,260155.26,96.36,Highly Profitable
C04857,63,Female,East,Salaried,2026000,Premium,Salary,1,Auto Loan,217363,1305700,498800,No,22291.83,1527.32,2062.92,1565.62,1165.23,787.05,370.57,1117.79,27447.69,3440.65,24007.04,87.46,Profitable
C04858,68,Male,East,Business Owner,1535000,Affluent,Salary,1,Home Loan,2752905,1141000,848100,Yes,128379.26,3365.5,29610.38,395.65,2209.98,1895.04,1031.44,3757.41,161750.78,8893.87,152856.91,94.5,Highly Profitable
C04859,54,Male,West,Retired,1077000,Affluent,Salary,4,Education Loan,410134,240000,72700,Yes,27715.16,9172.35,5780.06,1481.62,3310.83,1496.87,1165.24,1674.95,44149.19,7647.89,36501.3,82.68,Highly Profitable
C04860,60,Male,West,Salaried,276000,Mass,Savings,3,Personal Loan,721539,156700,139400,No,80292.76,6747.92,14560.59,1997.94,2115.6,1505.46,1637.81,1152.18,103599.21,6411.04,97188.17,93.81,Highly Profitable
C04861,31,Male,East,Salaried,744000,Mass,Current,5,Auto Loan,637447,429900,126200,Yes,49967.49,10280.41,6715.02,2186.4,4169.17,1789.19,1424.75,1825.23,69149.33,9208.35,59940.98,86.68,Highly Profitable
C04862,70,Female,West,Retired,802000,Mass,Savings,1,Auto Loan,623857,1067700,1147600,No,53059.8,1748.0,6631.88,2188.24,1247.84,1497.94,1239.48,1741.41,63627.93,5726.67,57901.26,91.0,Highly Profitable
C04863,23,Male,South,Retired,788000,Mass,Savings,4,Personal Loan,595031,775800,679000,No,68838.85,5857.89,10277.8,828.39,2189.05,790.44,1490.99,1459.5,85802.93,5929.98,79872.96,93.09,Highly Profitable
C04864,53,Female,West,Self-Employed,659000,Mass,Savings,3,No Loan,0,273900,277400,No,549.41,5374.31,0.0,555.91,2415.49,319.62,762.52,721.52,6479.63,4219.15,2260.48,34.89,Low Profitability
C04865,31,Female,North,Salaried,999000,Affluent,Current,3,Auto Loan,475087,1461300,911800,Yes,39102.26,7136.63,4511.04,456.26,3331.18,1798.47,1051.35,1292.23,51206.2,7473.23,43732.97,85.41,Highly Profitable
C04866,36,Male,West,Salaried,1075000,Affluent,Salary,2,Auto Loan,483878,1245900,373000,No,42256.13,4138.36,7203.2,1645.75,1376.46,2119.0,336.82,1423.56,55243.43,5255.84,49987.59,90.49,Highly Profitable
C04867,38,Female,East,Self-Employed,279000,Mass,Current,2,No Loan,0,165400,73600,Yes,532.63,3258.0,0.0,268.05,2496.28,1666.88,1036.13,1329.54,4058.68,6528.83,-2470.16,-60.86,Low Profitability
C04868,50,Female,East,Retired,1475000,Affluent,Current,4,No Loan,0,765900,823700,Yes,2799.43,7808.53,0.0,2189.45,3303.56,1869.67,822.27,583.99,12797.41,6579.49,6217.92,48.59,Low Profitability
C04869,68,Female,West,Salaried,311000,Mass,Current,3,Education Loan,526464,521300,404600,No,36671.14,4012.76,6379.4,2038.74,2686.27,1941.18,1660.77,2235.61,49102.04,8523.83,40578.21,82.64,Highly Profitable
C04870,30,Male,South,Salaried,560000,Mass,Current,3,Personal Loan,660472,672600,298400,Yes,74894.19,4343.31,6567.62,116.65,3138.84,780.56,682.74,1414.5,85921.77,6016.63,79905.15,93.0,Highly Profitable
C04871,38,Male,North,Retired,430000,Mass,Savings,1,Personal Loan,298365,637400,420900,Yes,36322.42,2872.76,4743.77,1510.0,2081.01,978.06,1298.72,1299.71,45448.96,5657.5,39791.46,87.55,Highly Profitable
C04872,58,Male,West,Salaried,471000,Mass,Savings,2,Education Loan,225350,245900,127800,No,15520.62,4840.75,5404.28,1619.59,1701.97,1694.58,1300.2,1081.57,27385.24,5778.32,21606.92,78.9,Profitable
C04873,39,Female,South,Professional,1272000,Affluent,Salary,5,Personal Loan,181688,1426400,950400,Yes,23091.37,10221.19,3350.14,2274.66,4296.86,1134.96,1341.1,1012.81,38937.36,7785.73,31151.63,80.0,Highly Profitable
C04874,56,Male,North,Salaried,748000,Mass,Savings,3,Auto Loan,588981,178200,171300,No,45231.52,5182.68,5378.2,1383.6,2396.96,1510.04,1289.54,2222.08,57175.99,7418.62,49757.37,87.02,Highly Profitable
C04875,33,Male,West,Professional,1019000,Affluent,Salary,4,Home Loan,2037528,1152800,506300,No,96252.57,8247.21,25250.7,224.12,3426.27,811.47,1612.06,4658.12,129974.6,10507.92,119466.69,91.92,Highly Profitable
C04876,66,Male,West,Retired,991000,Affluent,Salary,2,Education Loan,584559,481500,283700,Yes,39634.48,7350.92,12037.28,1740.21,2613.69,1658.33,1153.53,1706.33,60762.9,7131.88,53631.01,88.26,Highly Profitable
C04877,23,Male,East,Salaried,244000,Mass,Savings,4,Personal Loan,127961,306000,192500,Yes,15788.28,7582.86,2669.99,938.8,3886.06,1428.88,1568.62,1861.89,26979.94,8745.46,18234.48,67.59,Profitable
C04878,30,Male,East,Professional,515000,Mass,Salary,1,Auto Loan,559778,869200,651000,No,46714.83,1680.05,8053.97,1322.94,1063.55,2119.5,1277.77,2181.99,57771.79,6642.81,51128.98,88.5,Highly Profitable
C04879,58,Male,South,Retired,1057000,Affluent,Savings,1,Personal Loan,848521,958600,303000,No,95399.52,2446.47,7754.13,674.29,1303.88,2054.65,1610.04,2194.85,106274.4,7163.43,99110.97,93.26,Highly Profitable
C04880,21,Male,West,Retired,1005000,Affluent,Savings,3,Personal Loan,880257,657200,279900,No,100267.9,4586.8,15075.9,2165.09,2111.09,1366.39,1365.96,2137.97,122095.68,6981.4,115114.28,94.28,Highly Profitable
C04881,47,Female,South,Self-Employed,266000,Mass,Savings,3,No Loan,0,94000,55300,Yes,372.23,8927.01,0.0,1511.42,2696.89,778.2,932.32,1311.91,10810.66,5719.31,5091.35,47.1,Low Profitability
C04882,66,Male,West,Self-Employed,1233000,Affluent,Salary,2,Personal Loan,780192,1549200,1453100,No,93092.75,3109.04,10642.19,1888.49,1231.1,1039.29,632.91,2621.9,108732.46,5525.2,103207.26,94.92,Highly Profitable
C04883,28,Female,East,Salaried,982000,Affluent,Salary,3,Personal Loan,532524,1093800,447200,No,61403.82,3560.97,11399.93,460.98,2152.52,1702.6,1654.55,2328.3,76825.7,7837.96,68987.74,89.8,Highly Profitable
C04884,66,Male,West,Salaried,412000,Mass,Savings,3,Auto Loan,248298,432000,431700,No,20639.74,7175.28,3376.68,1456.14,1496.89,1101.05,411.39,2024.07,32647.83,5033.4,27614.43,84.58,Profitable
C04885,62,Male,North,Self-Employed,876000,Mass,Savings,5,Home Loan,3159536,1484200,798900,No,146513.56,10052.46,34346.76,823.68,4079.37,1862.3,1591.29,3254.33,191736.46,10787.29,180949.18,94.37,Highly Profitable
C04886,37,Female,North,Salaried,617000,Mass,Savings,1,Auto Loan,191625,1088400,506900,No,17059.57,2268.01,4135.52,161.3,1024.29,753.6,1243.57,1137.23,23624.4,4158.68,19465.71,82.4,Profitable
C04887,29,Female,South,Business Owner,918000,Affluent,Savings,1,Home Loan,1062071,1223700,731700,No,50899.73,997.35,10909.91,1848.61,1168.28,1765.28,1176.34,2051.07,64655.61,6160.97,58494.64,90.47,Highly Profitable
C04888,26,Male,South,Self-Employed,260000,Mass,Savings,4,No Loan,0,123100,88700,Yes,393.89,10284.27,0.0,2449.91,2840.45,1791.33,1058.12,1116.58,13128.07,6806.48,6321.59,48.15,Low Profitability
C04889,63,Female,North,Professional,577000,Mass,Current,3,No Loan,0,987900,863300,Yes,5894.41,7320.42,0.0,1846.86,3070.4,650.08,667.81,1132.6,15061.69,5520.89,9540.8,63.34,Low Profitability
C04890,45,Female,North,Professional,1340000,Affluent,Salary,3,No Loan,0,963600,631500,No,2136.43,4868.26,0.0,301.73,1731.41,467.83,1172.67,1718.89,7306.42,5090.8,2215.62,30.32,Low Profitability
C04891,59,Female,South,Salaried,941000,Affluent,Current,1,No Loan,0,264000,249600,No,877.45,1041.56,0.0,1611.99,1339.85,1442.64,962.39,1017.7,3531.0,4762.58,-1231.58,-34.88,Low Profitability
C04892,69,Male,West,Self-Employed,1082000,Affluent,Savings,5,No Loan,0,592700,560700,No,2430.2,7525.63,0.0,2088.97,1978.78,1771.8,838.87,1558.69,12044.81,6148.14,5896.67,48.96,Low Profitability
C04893,48,Male,South,Professional,616000,Mass,Savings,4,Home Loan,2572988,936400,235500,No,118432.22,7400.27,46213.67,487.13,2728.78,2081.62,1226.02,6237.97,172533.29,12274.39,160258.9,92.89,Highly Profitable
C04894,53,Female,East,Salaried,955000,Affluent,Salary,4,Personal Loan,390897,464300,428500,Yes,45713.16,9014.59,6790.42,2454.11,2816.17,1596.73,330.97,1751.94,63972.28,6495.81,57476.47,89.85,Highly Profitable
C04895,57,Female,West,Salaried,640000,Mass,Current,5,Home Loan,3044472,513200,321400,Yes,138973.09,6804.54,41981.11,1596.69,3578.18,1597.99,1167.98,5835.11,189355.43,12179.26,177176.17,93.57,Highly Profitable
C04896,29,Male,West,Professional,421000,Mass,Savings,3,No Loan,0,253100,271300,No,1207.51,4663.51,0.0,2456.94,1738.39,1123.91,1796.18,888.68,8327.96,5547.15,2780.81,33.39,Low Profitability
C04897,38,Female,West,Salaried,609000,Mass,Savings,2,No Loan,0,139400,132000,Yes,479.52,4101.24,0.0,1612.39,2294.52,902.05,268.37,890.4,6193.15,4355.34,1837.81,29.67,Low Profitability
C04898,41,Male,West,Professional,1557000,Affluent,Salary,3,No Loan,0,1676600,966400,Yes,4655.58,8443.39,0.0,1704.88,2945.57,1102.6,959.25,1597.15,14803.85,6604.56,8199.28,55.39,Low Profitability
C04899,22,Male,North,Retired,1305000,Affluent,Savings,4,Personal Loan,570512,1549600,1223300,Yes,67737.42,4195.7,10169.55,1923.01,4048.72,1623.81,925.83,2207.63,84025.68,8805.98,75219.7,89.52,Highly Profitable
C04900,63,Male,South,Self-Employed,406000,Mass,Current,4,No Loan,0,590900,245300,Yes,1842.85,10369.14,0.0,2029.16,3277.55,2168.92,318.36,1293.04,14241.15,7057.87,7183.28,50.44,Low Profitability
C04901,58,Female,North,Professional,556000,Mass,Savings,3,No Loan,0,463800,230400,Yes,2499.98,7946.76,0.0,2208.18,2862.27,1602.4,988.96,587.0,12654.92,6040.63,6614.3,52.27,Low Profitability
C04902,60,Male,West,Salaried,421000,Mass,Savings,2,No Loan,0,161300,68000,Yes,332.12,5497.25,0.0,1904.99,2209.23,1400.91,440.22,1180.83,7734.36,5231.19,2503.17,32.36,Low Profitability
C04903,56,Female,South,Professional,773000,Mass,Current,4,Home Loan,4211380,947700,842000,No,194795.12,9318.32,93536.63,1202.68,3174.07,1082.25,1515.42,4980.52,298852.75,10752.26,288100.49,96.4,Highly Profitable
C04904,70,Female,South,Professional,1211000,Affluent,Savings,3,Personal Loan,770868,1960100,503700,No,91796.12,4772.36,18789.78,709.25,1750.12,1037.0,1640.48,1939.89,116067.52,6367.5,109700.02,94.51,Highly Profitable
C04905,63,Female,East,Salaried,2140000,Premium,Savings,2,No Loan,0,744100,443600,No,3324.13,1926.71,0.0,1053.13,1861.68,1121.2,1518.5,610.4,6303.97,5111.78,1192.19,18.91,Low Profitability
C04906,57,Female,West,Self-Employed,319000,Mass,Savings,3,No Loan,0,144000,138500,No,752.01,4090.65,0.0,2307.67,2165.02,1237.24,1685.05,1620.88,7150.33,6708.18,442.15,6.18,Low Profitability
C04907,35,Female,South,Business Owner,1122000,Affluent,Current,5,No Loan,0,777700,663200,Yes,2989.44,10468.11,0.0,2171.34,3999.04,1122.4,1235.66,1046.1,15628.9,7403.2,8225.7,52.63,Low Profitability
C04908,48,Female,East,Salaried,697000,Mass,Salary,2,Personal Loan,666419,852400,518700,Yes,75326.66,3486.26,7610.03,969.53,2763.82,1961.61,1549.73,1380.32,87392.48,7655.48,79737.0,91.24,Highly Profitable
C04909,38,Male,North,Retired,572000,Mass,Savings,1,Education Loan,288571,580200,457200,Yes,21174.69,2419.0,3865.08,1115.83,1789.3,333.1,998.76,1753.0,28574.6,4874.16,23700.44,82.94,Profitable
C04910,54,Male,North,Salaried,418000,Mass,Salary,1,No Loan,0,554000,341800,No,1377.42,874.16,0.0,806.18,996.12,1369.12,1464.3,1206.27,3057.76,5035.8,-1978.04,-64.69,Low Profitability
C04911,42,Male,West,Self-Employed,1863000,Premium,Savings,2,No Loan,0,375800,363600,No,1991.25,1839.16,0.0,1592.89,1792.45,1903.89,1714.49,742.79,5423.3,6153.61,-730.31,-13.47,Low Profitability
C04912,31,Male,East,Salaried,286000,Mass,Savings,2,No Loan,0,425400,313400,No,1953.25,1635.75,0.0,964.1,1303.42,1128.22,809.09,896.84,4553.1,4137.57,415.53,9.13,Low Profitability
C04913,33,Female,North,Business Owner,535000,Mass,Savings,4,Home Loan,3292463,952000,749900,Yes,152319.72,11451.07,66798.08,2028.34,2802.32,1954.35,1534.66,7891.08,232597.21,14182.41,218414.8,93.9,Highly Profitable
C04914,24,Male,East,Professional,857000,Mass,Current,1,Auto Loan,800548,194500,212100,No,60430.4,1244.79,15510.13,1242.51,1253.32,1436.97,958.58,2315.18,78427.83,5964.05,72463.79,92.4,Highly Profitable
C04915,42,Male,South,Self-Employed,898000,Mass,Savings,4,No Loan,0,868800,785900,No,5074.05,8609.76,0.0,628.29,2814.05,826.63,1180.45,1112.87,14312.1,5934.01,8378.09,58.54,Low Profitability
C04916,27,Male,North,Professional,1390000,Affluent,Savings,1,Home Loan,3234096,1905500,939500,Yes,150338.71,4212.7,78109.39,1169.82,1682.73,711.08,1612.43,5195.29,233830.63,9201.53,224629.1,96.06,Highly Profitable
C04917,63,Male,North,Business Owner,431000,Mass,Savings,4,Personal Loan,588088,403400,365900,No,65792.51,4271.74,5902.11,1864.48,3091.98,383.74,1609.42,1098.18,77830.84,6183.33,71647.51,92.06,Highly Profitable
C04918,44,Male,West,Salaried,987000,Affluent,Savings,2,Auto Loan,632640,1113700,1157400,Yes,54068.54,3331.71,11275.89,1188.98,2576.56,1636.99,1387.46,2092.68,69865.13,7693.7,62171.43,88.99,Highly Profitable
C04919,24,Female,West,Self-Employed,676000,Mass,Salary,3,Personal Loan,876391,1128600,565200,Yes,99064.39,6243.91,10841.63,1472.98,2348.95,1536.51,700.02,2352.89,117622.91,6938.38,110684.53,94.1,Highly Profitable
C04920,48,Male,South,Salaried,716000,Mass,Savings,1,No Loan,0,745200,704000,No,3701.1,1656.91,0.0,2293.75,1244.5,1787.51,338.49,1436.59,7651.76,4807.09,2844.67,37.18,Low Profitability
C04921,35,Male,South,Salaried,544000,Mass,Savings,2,Home Loan,3271007,294000,132900,No,147894.99,3418.12,44198.71,1811.26,1548.44,2115.96,1778.83,5586.99,197323.09,11030.22,186292.87,94.41,Highly Profitable
C04922,21,Female,North,Salaried,765000,Mass,Savings,1,Auto Loan,598658,1047100,648100,Yes,50062.86,2121.17,14261.19,2492.41,1634.05,924.38,1109.58,2136.05,68937.63,5804.05,63133.58,91.58,Highly Profitable
C04923,23,Female,South,Retired,647000,Mass,Savings,3,Auto Loan,531106,497800,416500,No,42599.49,5389.76,12793.31,283.77,2156.61,760.54,376.96,1935.12,61066.34,5229.22,55837.11,91.44,Highly Profitable
C04924,34,Male,West,Retired,575000,Mass,Salary,2,Personal Loan,667516,356800,163100,No,74639.45,4102.69,10993.85,1900.93,1501.67,827.21,1735.05,2576.71,91636.92,6640.64,84996.27,92.75,Highly Profitable
C04925,58,Female,North,Salaried,524000,Mass,Savings,4,No Loan,0,293400,120100,No,953.4,7960.83,0.0,1858.47,2506.47,1354.64,931.63,803.83,10772.7,5596.57,5176.13,48.05,Low Profitability
C04926,70,Male,North,Salaried,859000,Mass,Savings,2,No Loan,0,241300,155200,Yes,1383.13,3289.9,0.0,361.29,2518.69,1184.26,1739.63,1682.69,5034.31,7125.27,-2090.96,-41.53,Low Profitability
C04927,21,Male,West,Salaried,337000,Mass,Salary,2,Auto Loan,771205,569300,521300,Yes,59148.97,4742.19,10600.89,2418.25,1999.0,470.13,784.29,1939.24,76910.31,5192.65,71717.66,93.25,Highly Profitable
C04928,58,Male,East,Professional,630000,Mass,Savings,1,Personal Loan,290413,680100,514500,Yes,34251.1,3721.96,5572.97,2128.57,1715.42,716.79,1654.96,959.95,45674.59,5047.11,40627.49,88.95,Highly Profitable
C04929,58,Male,South,Self-Employed,459000,Mass,Current,3,Home Loan,2974353,792200,670200,No,137499.28,3423.43,57797.96,1328.01,1919.88,1355.56,1565.35,5674.48,200048.68,10515.27,189533.41,94.74,Highly Profitable
C04930,41,Female,North,Business Owner,654000,Mass,Salary,1,No Loan,0,1028100,859400,Yes,4883.43,2431.8,0.0,629.07,2224.86,2151.69,954.01,1692.44,7944.29,7023.0,921.29,11.6,Low Profitability
C04931,68,Male,North,Self-Employed,659000,Mass,Savings,2,No Loan,0,131700,93900,No,502.05,1976.81,0.0,547.42,1600.7,1751.39,699.75,1627.73,3026.28,5679.57,-2653.29,-87.68,Low Profitability
C04932,49,Male,West,Business Owner,1128000,Affluent,Savings,3,Home Loan,2786930,629400,326200,Yes,128819.79,6649.91,62219.54,406.34,2625.9,2167.64,1384.78,2267.87,198095.58,8446.19,189649.39,95.74,Highly Profitable
C04933,25,Female,North,Salaried,1006000,Affluent,Savings,1,No Loan,0,674400,410300,Yes,3638.98,2499.8,0.0,564.39,1466.18,1669.99,1560.67,1738.15,6703.17,6434.99,268.17,4.0,Low Profitability
C04934,69,Male,South,Salaried,822000,Mass,Salary,4,No Loan,0,787600,451700,No,4149.29,4838.52,0.0,2319.3,3274.62,2175.89,268.28,1722.52,11307.11,7441.31,3865.8,34.19,Low Profitability
C04935,30,Male,East,Salaried,770000,Mass,Current,1,Home Loan,1950157,1025300,325200,Yes,90508.04,3685.92,42575.51,1623.77,1962.22,774.36,559.74,3719.89,138393.23,7016.21,131377.02,94.93,Highly Profitable
C04936,48,Female,South,Self-Employed,630000,Mass,Savings,3,No Loan,0,802200,813200,No,3679.48,6513.56,0.0,399.25,2281.73,2039.17,887.84,832.26,10592.29,6040.99,4551.3,42.97,Low Profitability
C04937,41,Male,West,Retired,624000,Mass,Savings,5,Auto Loan,404338,1110100,883200,Yes,36324.26,12310.23,3321.33,2311.94,3071.69,1570.34,532.6,1340.29,54267.76,6514.91,47752.84,87.99,Highly Profitable
C04938,70,Female,North,Salaried,268000,Mass,Current,1,No Loan,0,448500,438900,No,1066.12,1581.25,0.0,229.09,1135.0,1436.26,634.09,1196.12,2876.46,4401.48,-1525.01,-53.02,Low Profitability
C04939,27,Male,West,Salaried,1048000,Affluent,Savings,2,Home Loan,4190612,479300,436000,Yes,190005.06,4482.41,59483.16,1081.8,2887.17,1632.99,1023.61,8792.0,255052.43,14335.78,240716.65,94.38,Highly Profitable
C04940,23,Female,West,Retired,811000,Mass,Savings,4,No Loan,0,1272300,391900,Yes,7521.74,9195.68,0.0,1882.3,3965.79,1381.5,812.64,1253.46,18599.72,7413.39,11186.33,60.14,Profitable
C04941,65,Male,North,Salaried,1355000,Affluent,Savings,3,No Loan,0,2087800,905800,Yes,8032.81,4158.7,0.0,2072.77,2940.72,984.64,1695.13,832.87,14264.28,6453.36,7810.92,54.76,Low Profitability
C04942,67,Female,North,Salaried,516000,Mass,Current,3,Auto Loan,588652,566800,599700,Yes,46484.56,6537.58,7216.26,2123.44,2767.51,1845.76,1546.98,1806.37,62361.84,7966.62,54395.22,87.23,Highly Profitable
C04943,40,Male,West,Professional,1400000,Affluent,Savings,3,Personal Loan,530340,991100,636900,Yes,61708.22,6677.14,12352.91,2368.44,1918.88,1005.89,533.15,2637.52,83106.7,6095.43,77011.27,92.67,Highly Profitable
C04944,39,Female,South,Business Owner,630000,Mass,Savings,2,No Loan,0,311400,292800,Yes,1111.31,4279.14,0.0,742.92,2559.61,1118.2,1717.15,659.7,6133.37,6054.65,78.72,1.28,Low Profitability
C04945,55,Male,South,Self-Employed,511000,Mass,Salary,4,No Loan,0,255800,189100,No,1426.88,7379.5,0.0,1017.96,2430.95,1798.46,547.12,922.34,9824.34,5698.88,4125.46,41.99,Low Profitability
C04946,24,Male,West,Professional,1638000,Affluent,Savings,4,Education Loan,525863,1158700,1100800,Yes,37468.27,11086.09,7338.86,1621.39,3230.37,2150.7,1154.46,2464.9,57514.59,9000.42,48514.17,84.35,Highly Profitable
C04947,25,Male,South,Professional,855000,Mass,Savings,3,Personal Loan,310135,839200,733800,No,36730.3,4829.0,5909.41,2203.88,1455.38,896.52,691.03,1708.95,49672.6,4751.87,44920.72,90.43,Highly Profitable
C04948,21,Female,West,Salaried,1755000,Affluent,Current,5,No Loan,0,1953800,953000,No,7820.33,8246.02,0.0,1542.32,3578.12,2161.47,655.53,1231.56,17608.67,7626.67,9982.0,56.69,Low Profitability
C04949,24,Female,North,Business Owner,769000,Mass,Savings,3,No Loan,0,527800,576600,No,1711.28,4300.96,0.0,753.01,2334.51,1987.2,1064.48,517.94,6765.24,5904.14,861.11,12.73,Low Profitability
C04950,32,Male,South,Business Owner,1091000,Affluent,Current,3,Auto Loan,785757,805500,537200,No,63418.84,3564.24,9651.58,2024.84,1474.21,676.39,1715.05,2360.0,78659.5,6225.65,72433.85,92.09,Highly Profitable
C04951,47,Male,North,Retired,1233000,Affluent,Savings,5,No Loan,0,212500,158800,No,963.04,6401.88,0.0,2264.78,2700.6,605.09,870.23,1492.6,9629.7,5668.53,3961.17,41.13,Low Profitability
C04952,62,Female,East,Retired,600000,Mass,Savings,2,No Loan,0,92100,65300,No,369.78,4577.79,0.0,120.06,1531.24,1855.3,650.14,631.24,5067.63,4667.92,399.71,7.89,Low Profitability
C04953,43,Male,West,Salaried,847000,Mass,Savings,1,Personal Loan,755017,1394900,1398300,No,89212.13,2411.81,16206.84,112.16,1077.77,426.39,600.49,2771.29,107942.94,4875.94,103067.0,95.48,Highly Profitable
C04954,45,Female,North,Self-Employed,762000,Mass,Salary,1,Auto Loan,558770,131900,64400,No,42182.01,2204.6,11649.82,2389.6,1083.24,2170.53,694.53,1757.45,58426.03,5705.75,52720.28,90.23,Highly Profitable
C04955,41,Female,North,Salaried,1106000,Affluent,Current,5,No Loan,0,226300,68400,Yes,1124.04,5410.53,0.0,1435.61,3658.28,689.98,911.45,1551.71,7970.18,6811.43,1158.75,14.54,Low Profitability
C04956,44,Female,South,Salaried,390000,Mass,Savings,3,Personal Loan,112487,190800,117100,No,13011.17,5499.77,1016.05,311.86,2397.94,344.93,1597.02,1754.96,19838.86,6094.86,13744.0,69.28,Profitable
C04957,45,Male,South,Self-Employed,974000,Affluent,Savings,2,Personal Loan,375099,1340800,1381800,No,47204.36,3467.53,3570.37,955.48,1808.2,1563.04,703.63,1726.11,55197.74,5800.99,49396.76,89.49,Highly Profitable
C04958,65,Male,South,Business Owner,1161000,Affluent,Savings,2,No Loan,0,1474700,919400,Yes,7858.26,6671.83,0.0,1461.43,1992.39,1382.37,635.87,604.05,15991.53,4614.68,11376.85,71.14,Profitable
C04959,66,Female,South,Self-Employed,481000,Mass,Salary,1,Education Loan,536890,585800,284700,Yes,36879.0,3125.28,5971.25,1600.54,2311.25,2031.33,1118.73,1818.64,47576.06,7279.94,40296.12,84.7,Highly Profitable
C04960,52,Female,West,Self-Employed,431000,Mass,Salary,1,Auto Loan,577437,473500,367300,Yes,44324.78,2926.81,8904.3,491.6,1639.73,561.14,1145.87,2192.13,56647.48,5538.86,51108.62,90.22,Highly Profitable
C04961,52,Female,North,Professional,281000,Mass,Savings,4,No Loan,0,135700,119000,Yes,271.93,7298.11,0.0,2116.12,3513.73,652.73,913.06,1546.19,9686.16,6625.71,3060.45,31.6,Low Profitability
C04962,25,Male,South,Professional,2196000,Premium,Savings,4,Personal Loan,821189,1771300,1139600,No,99965.47,3861.66,12754.16,1407.76,2494.72,1687.59,504.97,2199.38,117989.04,6886.66,111102.38,94.16,Highly Profitable
C04963,56,Male,North,Business Owner,468000,Mass,Savings,5,Auto Loan,279628,439400,251800,Yes,22811.47,9808.01,6528.2,1360.45,3148.26,1042.78,505.75,1557.17,40508.13,6253.95,34254.18,84.56,Highly Profitable
C04964,66,Male,East,Salaried,1527000,Affluent,Salary,2,Personal Loan,848396,1696500,949700,No,101130.52,2530.26,16569.86,1398.18,1536.32,1494.16,1032.3,2825.83,121628.82,6888.61,114740.21,94.34,Highly Profitable
C04965,62,Female,West,Professional,624000,Mass,Savings,3,Personal Loan,859480,297900,181200,Yes,95849.74,8463.44,7822.89,249.41,3096.78,366.26,655.84,2850.04,112385.48,6968.92,105416.56,93.8,Highly Profitable
C04966,69,Male,North,Retired,1281000,Affluent,Savings,3,No Loan,0,1733100,1674600,No,4637.82,2638.42,0.0,1905.16,1616.42,1834.33,444.86,905.28,9181.4,4800.89,4380.51,47.71,Low Profitability
C04967,62,Male,North,Salaried,964000,Affluent,Savings,4,No Loan,0,636000,419900,Yes,1369.29,11768.64,0.0,293.35,4044.98,800.53,242.28,818.81,13431.28,5906.6,7524.68,56.02,Low Profitability
C04968,59,Male,East,Salaried,2224000,Premium,Savings,5,No Loan,0,2756400,1425600,No,8194.24,8213.88,0.0,1211.8,3543.48,1312.67,414.86,907.87,17619.93,6178.88,11441.05,64.93,Profitable
C04969,36,Male,East,Retired,1550000,Affluent,Savings,5,Personal Loan,813114,1547000,626500,No,98668.18,9156.01,12609.69,1513.75,2137.05,1619.19,1529.85,2170.14,121947.63,7456.23,114491.39,93.89,Highly Profitable
C04970,53,Female,West,Self-Employed,787000,Mass,Savings,3,Education Loan,403156,887100,434900,No,29461.83,5376.03,8489.36,607.55,2771.11,615.53,449.33,1814.15,43934.77,5650.12,38284.64,87.14,Highly Profitable
C04971,69,Male,West,Self-Employed,830000,Mass,Savings,1,Auto Loan,703598,690300,444100,Yes,56704.77,3021.79,10332.89,1257.18,2461.04,449.82,204.33,2450.8,71316.63,5566.0,65750.64,92.2,Highly Profitable
C04972,41,Male,North,Salaried,1017000,Affluent,Savings,3,No Loan,0,899400,643600,Yes,2735.11,4622.09,0.0,787.46,2094.58,300.8,826.18,592.39,8144.65,3813.96,4330.7,53.17,Low Profitability
C04973,29,Male,North,Self-Employed,3059000,Premium,Savings,1,Home Loan,3441861,4840900,3767500,Yes,178418.08,3477.87,79921.26,1803.08,1624.75,409.75,1685.05,6026.42,263620.3,9745.97,253874.33,96.3,Highly Profitable
C04974,26,Male,East,Self-Employed,727000,Mass,Savings,1,Auto Loan,579509,679900,211200,No,44893.8,2144.78,11665.94,1380.72,1106.31,2030.7,1034.44,2531.98,60085.24,6703.42,53381.82,88.84,Highly Profitable
C04975,65,Male,North,Salaried,344000,Mass,Salary,2,Personal Loan,454395,502200,387300,No,51014.19,4490.56,8535.96,322.29,2090.73,1286.59,216.46,1010.57,64363.01,4604.35,59758.66,92.85,Highly Profitable
C04976,55,Male,West,Self-Employed,801000,Mass,Current,2,No Loan,0,642200,352700,Yes,2481.16,4063.15,0.0,1539.7,2932.47,423.05,1334.84,837.55,8084.0,5527.91,2556.1,31.62,Low Profitability
C04977,59,Female,North,Salaried,492000,Mass,Current,3,Personal Loan,248849,642500,301000,Yes,30326.54,8328.02,4109.73,427.03,3701.51,2193.26,841.11,2036.08,43191.33,8771.97,34419.36,79.69,Highly Profitable
C04978,42,Male,North,Business Owner,786000,Mass,Savings,2,Personal Loan,897242,419900,223100,No,101152.6,3154.7,20825.71,106.6,1448.32,472.02,1429.99,2822.66,125239.61,6173.0,119066.61,95.07,Highly Profitable
C04979,61,Male,South,Retired,1318000,Affluent,Current,3,No Loan,0,2191900,2009500,Yes,4644.22,5254.83,0.0,451.03,3388.83,2044.53,1154.95,1422.08,10350.07,8010.39,2339.69,22.61,Low Profitability
C04980,25,Male,West,Self-Employed,924000,Affluent,Savings,1,No Loan,0,1613300,1504900,Yes,9601.54,3334.49,0.0,110.31,1475.45,716.34,423.14,939.04,13046.34,3553.97,9492.37,72.76,Low Profitability
C04981,62,Female,West,Business Owner,505000,Mass,Savings,3,Personal Loan,126552,826800,279600,No,17134.7,3819.89,2628.09,2471.12,2793.91,1635.13,955.01,954.87,26053.8,6338.92,19714.88,75.67,Profitable
C04982,43,Female,East,Self-Employed,626000,Mass,Savings,3,Personal Loan,360288,451700,302900,No,41919.78,3246.78,8234.34,1621.12,1593.98,743.18,1088.35,1158.29,55022.03,4583.8,50438.22,91.67,Highly Profitable
C04983,37,Female,West,Salaried,389000,Mass,Savings,1,Personal Loan,654100,235800,165100,No,73032.18,1210.24,7945.65,1601.23,1146.32,2184.98,1000.66,1860.81,83789.3,6192.77,77596.52,92.61,Highly Profitable
C04984,32,Male,South,Retired,1412000,Affluent,Savings,4,Auto Loan,581318,636800,175600,No,45503.61,6589.9,9799.1,2339.73,3175.74,641.04,1460.23,2144.35,64232.34,7421.37,56810.97,88.45,Highly Profitable
C04985,43,Female,North,Salaried,1099000,Affluent,Savings,3,No Loan,0,1747900,1502300,No,5820.75,4553.28,0.0,406.09,2598.9,966.22,1559.39,904.35,10780.13,6028.85,4751.28,44.07,Low Profitability
C04986,36,Male,North,Salaried,385000,Mass,Savings,3,No Loan,0,133100,74800,Yes,580.91,5914.57,0.0,166.32,3769.94,558.91,1266.62,698.11,6661.8,6293.58,368.22,5.53,Low Profitability
C04987,23,Female,West,Self-Employed,2801000,Premium,Savings,3,Home Loan,4358588,3388800,2051200,Yes,204220.37,9147.55,65454.18,1738.23,2919.99,1240.25,259.72,4356.74,280560.33,8776.7,271783.63,96.87,Highly Profitable
C04988,50,Male,West,Business Owner,621000,Mass,Current,3,Home Loan,3987363,432800,332600,Yes,181638.13,8242.97,66277.28,1582.8,2867.49,1116.48,763.96,7202.31,257741.18,11950.25,245790.93,95.36,Highly Profitable
C04989,42,Male,North,Salaried,824000,Mass,Savings,1,Auto Loan,634475,379100,245900,No,49556.31,804.28,6221.09,2271.25,1044.6,1845.94,790.17,1490.91,58852.94,5171.62,53681.32,91.21,Highly Profitable
C04990,29,Female,West,Salaried,581000,Mass,Salary,4,Personal Loan,840387,264000,233800,Yes,93837.16,8743.95,14357.05,875.69,3067.92,1923.34,555.97,2255.01,117813.85,7802.24,110011.61,93.38,Highly Profitable
C04991,49,Male,North,Professional,882000,Mass,Savings,3,Home Loan,2393501,1399800,1058900,Yes,115258.54,8103.22,54184.55,1426.01,3661.31,1930.49,884.21,5318.86,178972.32,11794.87,167177.45,93.41,Highly Profitable
C04992,67,Female,West,Salaried,737000,Mass,Savings,1,Home Loan,1268240,1156100,511100,Yes,62569.63,2037.97,13871.15,1455.11,2019.94,369.83,500.34,3005.71,79933.86,5895.82,74038.05,92.62,Highly Profitable
C04993,57,Male,South,Salaried,325000,Mass,Salary,3,No Loan,0,194600,192600,Yes,968.28,3617.29,0.0,715.82,2558.78,641.89,1408.92,1693.58,5301.39,6303.17,-1001.78,-18.9,Low Profitability
C04994,43,Female,East,Salaried,1335000,Affluent,Savings,3,Home Loan,4961679,274600,119000,No,224471.37,3820.67,93949.3,964.1,1482.15,1514.29,1535.07,7797.77,323205.44,12329.28,310876.16,96.19,Highly Profitable
C04995,33,Female,West,Salaried,444000,Mass,Salary,2,No Loan,0,703300,602400,Yes,2044.27,4490.51,0.0,936.23,2990.59,1443.36,1695.02,589.82,7471.01,6718.8,752.22,10.07,Low Profitability
C04996,52,Female,West,Self-Employed,1159000,Affluent,Savings,4,Personal Loan,134202,283500,261800,Yes,15423.39,10921.95,1157.01,2126.7,2502.31,1832.41,222.6,1737.65,29629.06,6294.96,23334.1,78.75,Profitable
C04997,66,Female,South,Business Owner,616000,Mass,Savings,3,No Loan,0,178500,149100,No,484.49,4877.85,0.0,1001.25,2632.66,1772.11,1062.07,799.21,6363.59,6266.06,97.53,1.53,Low Profitability
C04998,67,Female,South,Professional,725000,Mass,Savings,2,Auto Loan,156474,1092000,664500,No,14763.04,4939.83,3818.9,1595.48,1284.45,709.91,534.55,1514.4,25117.25,4043.31,21073.94,83.9,Profitable
C04999,68,Female,West,Salaried,913000,Affluent,Salary,3,Education Loan,165259,1368100,1363000,Yes,17625.51,8711.47,3459.36,997.32,2189.02,953.48,1049.24,1556.54,30793.67,5748.28,25045.39,81.33,Profitable
C05000,43,Male,North,Salaried,755000,Mass,Savings,3,No Loan,0,365500,193200,No,2116.61,5650.54,0.0,303.71,2433.24,1374.81,313.25,1547.45,8070.85,5668.75,2402.11,29.76,Low Profitability
